"Bermudian Springs School District","3","1603","50","50"
"1","NeedGoogleMapsAPIKey","39.9229141","-77.0538377","1"
"2","NeedGoogleMapsAPIKey","39.918977","-77.0514612","1"
"3","NeedGoogleMapsAPIKey","39.9132317","-77.0500912","1"
"4","NeedGoogleMapsAPIKey","39.9231859","-77.0539415","1"
"5","NeedGoogleMapsAPIKey","39.9227766","-77.0543498","1"
"6","NeedGoogleMapsAPIKey","39.9216716","-77.0520624","1"
"7","NeedGoogleMapsAPIKey","39.9206826","-77.0574777","1"
"8","NeedGoogleMapsAPIKey","39.9235036","-77.0546933","1"
"9","NeedGoogleMapsAPIKey","39.9232956","-77.053413","1"
"10","NeedGoogleMapsAPIKey","39.9184741","-77.0505129","1"
"11","NeedGoogleMapsAPIKey","39.9188981","-77.0517998","1"
"12","NeedGoogleMapsAPIKey","39.9189007","-77.0493824","1"
"13","NeedGoogleMapsAPIKey","39.9182325","-77.0516715","1"
"14","NeedGoogleMapsAPIKey","39.9170773","-77.0574827","1"
"15","NeedGoogleMapsAPIKey","39.9214254","-77.0538049","1"
"16","NeedGoogleMapsAPIKey","39.9211715","-77.0534204","1"
"17","NeedGoogleMapsAPIKey","39.9217641","-77.0533005","1"
"18","NeedGoogleMapsAPIKey","39.9195114","-77.0518911","1"
"19","NeedGoogleMapsAPIKey","39.9219691","-77.0540118","1"
"20","NeedGoogleMapsAPIKey","39.9220357","-77.0577807","1"
"21","NeedGoogleMapsAPIKey","39.9237818","-77.0541938","1"
"22","NeedGoogleMapsAPIKey","39.919398","-77.0494073","1"
"23","NeedGoogleMapsAPIKey","39.9224974","-77.0542653","1"
"24","NeedGoogleMapsAPIKey","39.9188438","-77.0495331","1"
"25","NeedGoogleMapsAPIKey","39.9191893","-77.0521497","1"
"26","NeedGoogleMapsAPIKey","39.9212765","-77.0536745","1"
"27","NeedGoogleMapsAPIKey","39.9205672","-77.0522765","1"
"28","NeedGoogleMapsAPIKey","39.9197862","-77.0514453","1"
"29","NeedGoogleMapsAPIKey","39.9210362","-77.0523306","1"
"30","NeedGoogleMapsAPIKey","39.9233489","-77.0528601","1"
"31","NeedGoogleMapsAPIKey","39.9112051","-77.0583299","1"
"32","NeedGoogleMapsAPIKey","39.923896","-77.0540705","1"
"33","NeedGoogleMapsAPIKey","39.9224748","-77.0529478","1"
"34","NeedGoogleMapsAPIKey","39.9226414","-77.0530729","1"
"35","NeedGoogleMapsAPIKey","39.9218492","-77.0533589","1"
"36","NeedGoogleMapsAPIKey","39.921763","-77.0526719","1"
"37","NeedGoogleMapsAPIKey","39.9193759","-77.0495802","1"
"38","NeedGoogleMapsAPIKey","39.9193864","-77.0512993","1"
"39","NeedGoogleMapsAPIKey","39.9230509","-77.0539048","1"
"40","NeedGoogleMapsAPIKey","39.9221227","-77.0534736","1"
"41","NeedGoogleMapsAPIKey","39.9196498","-77.0499377","1"
"42","NeedGoogleMapsAPIKey","39.9218533","-77.0539697","1"
"43","NeedGoogleMapsAPIKey","39.9193134","-77.049746","1"
"44","NeedGoogleMapsAPIKey","39.9190779","-77.0509421","1"
"45","NeedGoogleMapsAPIKey","39.9191337","-77.0525106","1"
"46","NeedGoogleMapsAPIKey","39.9197229","-77.0495991","1"
"47","NeedGoogleMapsAPIKey","39.918513","-77.0521566","1"
"48","NeedGoogleMapsAPIKey","39.9220528","-77.0521888","1"
"49","NeedGoogleMapsAPIKey","39.9230865","-77.0545624","1"
"50","NeedGoogleMapsAPIKey","39.9212902","-77.051859","1"
"51","NeedGoogleMapsAPIKey","39.9086405","-77.0581952","1"
"52","NeedGoogleMapsAPIKey","39.922427","-77.052378","1"
"53","NeedGoogleMapsAPIKey","39.9237421","-77.0543337","1"
"54","NeedGoogleMapsAPIKey","39.9234762","-77.0529257","1"
"55","NeedGoogleMapsAPIKey","39.9222612","-77.05356","1"
"56","NeedGoogleMapsAPIKey","39.9198233","-77.051188","1"
"57","NeedGoogleMapsAPIKey","39.9235921","-77.0535622","1"
"58","NeedGoogleMapsAPIKey","39.9225346","-77.0536473","1"
"59","NeedGoogleMapsAPIKey","39.9195547","-77.0504492","1"
"60","NeedGoogleMapsAPIKey","39.9192799","-77.0518484","1"
"61","NeedGoogleMapsAPIKey","39.9211619","-77.0523716","1"
"62","NeedGoogleMapsAPIKey","39.9222295","-77.0522775","1"
"63","NeedGoogleMapsAPIKey","39.9212086","-77.0529625","1"
"64","NeedGoogleMapsAPIKey","39.9196951","-77.0497721","1"
"65","NeedGoogleMapsAPIKey","39.9184065","-77.0508064","1"
"66","NeedGoogleMapsAPIKey","39.9192123","-77.050235","1"
"67","NeedGoogleMapsAPIKey","39.9219443","-77.0521279","1"
"68","NeedGoogleMapsAPIKey","39.9226054","-77.052488","1"
"69","NeedGoogleMapsAPIKey","39.9193842","-77.0518849","1"
"70","NeedGoogleMapsAPIKey","39.9189433","-77.0516342","1"
"71","NeedGoogleMapsAPIKey","39.9190711","-77.0526764","1"
"72","NeedGoogleMapsAPIKey","39.9187753","-77.0496764","1"
"73","NeedGoogleMapsAPIKey","39.918884","-77.0504411","1"
"74","NeedGoogleMapsAPIKey","39.9198847","-77.0514894","1"
"75","NeedGoogleMapsAPIKey","39.9215268","-77.0519499","1"
"76","NeedGoogleMapsAPIKey","39.9186985","-77.0512989","1"
"77","NeedGoogleMapsAPIKey","39.9218183","-77.052082","1"
"78","NeedGoogleMapsAPIKey","39.9336195","-77.0591521","1"
"79","NeedGoogleMapsAPIKey","39.9278294","-77.0569921","1"
"80","NeedGoogleMapsAPIKey","39.9309581","-77.055891","1"
"81","NeedGoogleMapsAPIKey","39.9344502","-77.0594407","1"
"82","NeedGoogleMapsAPIKey","39.9297419","-77.0577306","1"
"83","NeedGoogleMapsAPIKey","39.9304758","-77.0672129","1"
"84","NeedGoogleMapsAPIKey","39.9274028","-77.0622602","1"
"85","NeedGoogleMapsAPIKey","39.9326007","-77.0579126","1"
"86","NeedGoogleMapsAPIKey","39.9331346","-77.0603878","1"
"87","NeedGoogleMapsAPIKey","39.9333616","-77.0680666","1"
"88","NeedGoogleMapsAPIKey","39.9336755","-77.0585603","1"
"89","NeedGoogleMapsAPIKey","39.9300551","-77.0565625","1"
"90","NeedGoogleMapsAPIKey","39.9302884","-77.0561235","1"
"91","NeedGoogleMapsAPIKey","39.9264329","-77.0563028","1"
"92","NeedGoogleMapsAPIKey","39.9267763","-77.055095","1"
"93","NeedGoogleMapsAPIKey","39.9298234","-77.0569304","1"
"94","NeedGoogleMapsAPIKey","39.9288553","-77.0579713","1"
"95","NeedGoogleMapsAPIKey","39.9291434","-77.0654226","1"
"96","NeedGoogleMapsAPIKey","39.9289542","-77.0594509","1"
"97","NeedGoogleMapsAPIKey","39.9311374","-77.0566524","1"
"98","NeedGoogleMapsAPIKey","39.9271775","-77.0566854","1"
"99","NeedGoogleMapsAPIKey","39.9283122","-77.0577417","1"
"100","NeedGoogleMapsAPIKey","39.929545","-77.0586936","1"
"101","NeedGoogleMapsAPIKey","39.9338487","-77.058834","1"
"102","NeedGoogleMapsAPIKey","39.9291358","-77.0576341","1"
"103","NeedGoogleMapsAPIKey","39.9266849","-77.0569216","1"
"104","NeedGoogleMapsAPIKey","39.9277739","-77.0574245","1"
"105","NeedGoogleMapsAPIKey","39.9274476","-77.0572345","1"
"106","NeedGoogleMapsAPIKey","39.9357319","-77.0616078","1"
"107","NeedGoogleMapsAPIKey","39.9241699","-77.0544899","1"
"108","NeedGoogleMapsAPIKey","39.9299883","-77.0586156","1"
"109","NeedGoogleMapsAPIKey","39.9239484","-77.0538802","1"
"110","NeedGoogleMapsAPIKey","39.9291764","-77.0589925","1"
"111","NeedGoogleMapsAPIKey","39.9275763","-77.05693","1"
"112","NeedGoogleMapsAPIKey","39.9286846","-77.0579645","1"
"113","NeedGoogleMapsAPIKey","39.9277268","-77.0606696","1"
"114","NeedGoogleMapsAPIKey","39.9332727","-77.0585489","1"
"115","NeedGoogleMapsAPIKey","39.9349458","-77.0610925","1"
"116","NeedGoogleMapsAPIKey","39.9315768","-77.0587166","1"
"117","NeedGoogleMapsAPIKey","39.9281686","-77.0571879","1"
"118","NeedGoogleMapsAPIKey","39.9277669","-77.0614162","1"
"119","NeedGoogleMapsAPIKey","39.9296283","-77.0584608","1"
"120","NeedGoogleMapsAPIKey","39.9275934","-77.0573104","1"
"121","NeedGoogleMapsAPIKey","39.923079","-77.0787037","1"
"122","NeedGoogleMapsAPIKey","39.9240237","-77.0537469","1"
"123","NeedGoogleMapsAPIKey","39.9345682","-77.0598335","1"
"124","NeedGoogleMapsAPIKey","39.9290475","-77.057599","1"
"125","NeedGoogleMapsAPIKey","39.9295647","-77.0586434","1"
"126","NeedGoogleMapsAPIKey","39.9287372","-77.0601002","1"
"127","NeedGoogleMapsAPIKey","39.9334412","-77.0588258","1"
"128","NeedGoogleMapsAPIKey","39.9311569","-77.0681669","1"
"129","NeedGoogleMapsAPIKey","39.9286142","-77.0594957","1"
"130","NeedGoogleMapsAPIKey","39.930889","-77.0667506","1"
"131","NeedGoogleMapsAPIKey","39.92878","-77.059095","1"
"132","NeedGoogleMapsAPIKey","39.9269492","-77.0638276","1"
"133","NeedGoogleMapsAPIKey","39.9288662","-77.0596634","1"
"134","NeedGoogleMapsAPIKey","39.9298092","-77.0580203","1"
"135","NeedGoogleMapsAPIKey","39.9281828","-77.0609629","1"
"136","NeedGoogleMapsAPIKey","39.9337419","-77.0605239","1"
"137","NeedGoogleMapsAPIKey","39.9294271","-77.0585183","1"
"138","NeedGoogleMapsAPIKey","39.9255616","-77.0617394","1"
"139","NeedGoogleMapsAPIKey","39.9289401","-77.0599165","1"
"140","NeedGoogleMapsAPIKey","39.9319089","-77.0416709","1"
"141","NeedGoogleMapsAPIKey","39.9332558","-77.051151","1"
"142","NeedGoogleMapsAPIKey","39.9349156","-77.0471875","1"
"143","NeedGoogleMapsAPIKey","39.9302099","-77.0455415","1"
"144","NeedGoogleMapsAPIKey","39.9329217","-77.0487138","1"
"145","NeedGoogleMapsAPIKey","39.9295152","-77.0531872","1"
"146","NeedGoogleMapsAPIKey","39.9337474","-77.0563262","1"
"147","NeedGoogleMapsAPIKey","39.9319829","-77.0509429","1"
"148","NeedGoogleMapsAPIKey","39.9308929","-77.0543558","1"
"149","NeedGoogleMapsAPIKey","39.9320425","-77.0532516","1"
"150","NeedGoogleMapsAPIKey","39.9302447","-77.052913","1"
"151","NeedGoogleMapsAPIKey","39.9315241","-77.0438474","1"
"152","NeedGoogleMapsAPIKey","39.9332071","-77.045495","1"
"153","NeedGoogleMapsAPIKey","39.9318244","-77.0449136","1"
"154","NeedGoogleMapsAPIKey","39.9348222","-77.0591474","1"
"155","NeedGoogleMapsAPIKey","39.9336245","-77.0504785","1"
"156","NeedGoogleMapsAPIKey","39.9333166","-77.0458653","1"
"157","NeedGoogleMapsAPIKey","39.9314346","-77.0511","1"
"158","NeedGoogleMapsAPIKey","39.9336908","-77.0503563","1"
"159","NeedGoogleMapsAPIKey","39.9303979","-77.0545039","1"
"160","NeedGoogleMapsAPIKey","39.9357863","-77.0534017","1"
"161","NeedGoogleMapsAPIKey","39.9333278","-77.0496794","1"
"162","NeedGoogleMapsAPIKey","39.9330601","-77.0499387","1"
"163","NeedGoogleMapsAPIKey","39.9340689","-77.0466354","1"
"164","NeedGoogleMapsAPIKey","39.9339493","-77.0558227","1"
"165","NeedGoogleMapsAPIKey","39.9312662","-77.0524304","1"
"166","NeedGoogleMapsAPIKey","39.9327675","-77.0509747","1"
"167","NeedGoogleMapsAPIKey","39.9315492","-77.0527859","1"
"168","NeedGoogleMapsAPIKey","39.9356488","-77.057069","1"
"169","NeedGoogleMapsAPIKey","39.9335659","-77.0506007","1"
"170","NeedGoogleMapsAPIKey","39.9328585","-77.0506156","1"
"171","NeedGoogleMapsAPIKey","39.9331474","-77.0500233","1"
"172","NeedGoogleMapsAPIKey","39.9352059","-77.0587104","1"
"173","NeedGoogleMapsAPIKey","39.9321859","-77.0485115","1"
"174","NeedGoogleMapsAPIKey","39.936553","-77.0452865","1"
"175","NeedGoogleMapsAPIKey","39.9330333","-77.0433846","1"
"176","NeedGoogleMapsAPIKey","39.9329925","-77.0441064","1"
"177","NeedGoogleMapsAPIKey","39.9308046","-77.046371","1"
"178","NeedGoogleMapsAPIKey","39.9355231","-77.0574534","1"
"179","NeedGoogleMapsAPIKey","39.9353711","-77.0446393","1"
"180","NeedGoogleMapsAPIKey","39.9357475","-77.0522684","1"
"181","NeedGoogleMapsAPIKey","39.9322324","-77.0419615","1"
"182","NeedGoogleMapsAPIKey","39.9338512","-77.0434783","1"
"183","NeedGoogleMapsAPIKey","39.934144","-77.0578157","1"
"184","NeedGoogleMapsAPIKey","39.9335467","-77.0445552","1"
"185","NeedGoogleMapsAPIKey","39.9346821","-77.0459308","1"
"186","NeedGoogleMapsAPIKey","39.9291261","-77.0537788","1"
"187","NeedGoogleMapsAPIKey","39.934487","-77.046156","1"
"188","NeedGoogleMapsAPIKey","39.9303995","-77.0552065","1"
"189","NeedGoogleMapsAPIKey","39.9336778","-77.0452346","1"
"190","NeedGoogleMapsAPIKey","39.9324572","-77.0466092","1"
"191","NeedGoogleMapsAPIKey","39.9348721","-77.0588138","1"
"192","NeedGoogleMapsAPIKey","39.9303992","-77.0458181","1"
"193","NeedGoogleMapsAPIKey","39.9328067","-77.0510132","1"
"194","NeedGoogleMapsAPIKey","39.9315888","-77.0556042","1"
"195","NeedGoogleMapsAPIKey","39.9329495","-77.0471522","1"
"196","NeedGoogleMapsAPIKey","39.9300282","-77.0404147","1"
"197","NeedGoogleMapsAPIKey","39.9326458","-77.0493911","1"
"198","NeedGoogleMapsAPIKey","39.9349367","-77.0440726","1"
"199","NeedGoogleMapsAPIKey","39.9305981","-77.0523784","1"
"200","NeedGoogleMapsAPIKey","39.9316408","-77.0476621","1"
"201","NeedGoogleMapsAPIKey","39.9324295","-77.0475721","1"
"202","NeedGoogleMapsAPIKey","39.9335924","-77.0524695","1"
"203","NeedGoogleMapsAPIKey","39.9352754","-77.0540366","1"
"204","NeedGoogleMapsAPIKey","39.9352778","-77.0496584","1"
"205","NeedGoogleMapsAPIKey","39.931115","-77.0459848","1"
"206","NeedGoogleMapsAPIKey","39.9309174","-77.0480124","1"
"207","NeedGoogleMapsAPIKey","39.9312605","-77.0448568","1"
"208","NeedGoogleMapsAPIKey","39.9348293","-77.0444371","1"
"209","NeedGoogleMapsAPIKey","39.9302011","-77.0549873","1"
"210","NeedGoogleMapsAPIKey","39.9378425","-77.0589532","1"
"211","NeedGoogleMapsAPIKey","39.932119","-77.0502435","1"
"212","NeedGoogleMapsAPIKey","39.928635","-77.0533999","1"
"213","NeedGoogleMapsAPIKey","39.9314105","-77.0475011","1"
"214","NeedGoogleMapsAPIKey","39.9324653","-77.0439939","1"
"215","NeedGoogleMapsAPIKey","39.9366119","-77.0567303","1"
"216","NeedGoogleMapsAPIKey","39.9321615","-77.0439894","1"
"217","NeedGoogleMapsAPIKey","39.9314053","-77.0430688","1"
"218","NeedGoogleMapsAPIKey","39.9321387","-77.0459579","1"
"219","NeedGoogleMapsAPIKey","39.9349993","-77.0560689","1"
"220","NeedGoogleMapsAPIKey","39.934163","-77.0456399","1"
"221","NeedGoogleMapsAPIKey","39.9341056","-77.0573633","1"
"222","NeedGoogleMapsAPIKey","39.9311454","-77.051571","1"
"223","NeedGoogleMapsAPIKey","39.936855","-77.0566093","1"
"224","NeedGoogleMapsAPIKey","39.9312899","-77.0543719","1"
"225","NeedGoogleMapsAPIKey","39.9300689","-77.0531895","1"
"226","NeedGoogleMapsAPIKey","39.9333251","-77.0575144","1"
"227","NeedGoogleMapsAPIKey","39.9343991","-77.0479553","1"
"228","NeedGoogleMapsAPIKey","39.932724","-77.0440476","1"
"229","NeedGoogleMapsAPIKey","39.9330739","-77.0451405","1"
"230","NeedGoogleMapsAPIKey","39.9276943","-77.0523902","1"
"231","NeedGoogleMapsAPIKey","39.9352235","-77.0599159","1"
"232","NeedGoogleMapsAPIKey","39.9373211","-77.0452684","1"
"233","NeedGoogleMapsAPIKey","39.9329759","-77.0507272","1"
"234","NeedGoogleMapsAPIKey","39.931094","-77.0419793","1"
"235","NeedGoogleMapsAPIKey","39.9344506","-77.0436781","1"
"236","NeedGoogleMapsAPIKey","39.9320171","-77.0470122","1"
"237","NeedGoogleMapsAPIKey","39.9300302","-77.0541837","1"
"238","NeedGoogleMapsAPIKey","39.9332046","-77.050081","1"
"239","NeedGoogleMapsAPIKey","39.9310047","-77.0469376","1"
"240","NeedGoogleMapsAPIKey","39.9301489","-77.0415091","1"
"241","NeedGoogleMapsAPIKey","39.931509","-77.0424952","1"
"242","NeedGoogleMapsAPIKey","39.9334303","-77.0498105","1"
"243","NeedGoogleMapsAPIKey","39.9363447","-77.0563847","1"
"244","NeedGoogleMapsAPIKey","39.9335921","-77.0505376","1"
"245","NeedGoogleMapsAPIKey","39.933377","-77.0465182","1"
"246","NeedGoogleMapsAPIKey","39.9384428","-77.0499042","1"
"247","NeedGoogleMapsAPIKey","39.9351987","-77.0590943","1"
"248","NeedGoogleMapsAPIKey","39.9316127","-77.0500505","1"
"249","NeedGoogleMapsAPIKey","39.9338674","-77.0578765","1"
"250","NeedGoogleMapsAPIKey","39.9328134","-77.0505772","1"
"251","NeedGoogleMapsAPIKey","39.9335932","-77.057504","1"
"252","NeedGoogleMapsAPIKey","39.933585","-77.0448738","1"
"253","NeedGoogleMapsAPIKey","39.9342814","-77.0463959","1"
"254","NeedGoogleMapsAPIKey","39.9305974","-77.046083","1"
"255","NeedGoogleMapsAPIKey","39.9343628","-77.0453847","1"
"256","NeedGoogleMapsAPIKey","39.932047","-77.0539813","1"
"257","NeedGoogleMapsAPIKey","39.932924","-77.0414875","1"
"258","NeedGoogleMapsAPIKey","39.9353225","-77.0577766","1"
"259","NeedGoogleMapsAPIKey","39.9297079","-77.0538202","1"
"260","NeedGoogleMapsAPIKey","39.9354093","-77.050444","1"
"261","NeedGoogleMapsAPIKey","39.9353216","-77.04319","1"
"262","NeedGoogleMapsAPIKey","39.9237472","-77.053097","1"
"263","NeedGoogleMapsAPIKey","39.9323185","-77.0499414","1"
"264","NeedGoogleMapsAPIKey","39.930829","-77.053038","1"
"265","NeedGoogleMapsAPIKey","39.9367401","-77.0578528","1"
"266","NeedGoogleMapsAPIKey","39.9305948","-77.0554475","1"
"267","NeedGoogleMapsAPIKey","39.9326422","-77.0468626","1"
"268","NeedGoogleMapsAPIKey","39.9356453","-77.0551071","1"
"269","NeedGoogleMapsAPIKey","39.9335511","-77.0561735","1"
"270","NeedGoogleMapsAPIKey","39.9235923","-77.0529891","1"
"271","NeedGoogleMapsAPIKey","39.9336712","-77.0471264","1"
"272","NeedGoogleMapsAPIKey","39.9329037","-77.0426509","1"
"273","NeedGoogleMapsAPIKey","39.9361406","-77.0459386","1"
"274","NeedGoogleMapsAPIKey","39.9340647","-77.0515208","1"
"275","NeedGoogleMapsAPIKey","39.9292842","-76.9864219","1"
"276","NeedGoogleMapsAPIKey","39.9239691","-76.9914487","1"
"277","NeedGoogleMapsAPIKey","39.9361594","-76.9795336","1"
"278","NeedGoogleMapsAPIKey","39.9303782","-76.9785559","1"
"279","NeedGoogleMapsAPIKey","39.9340538","-76.9902166","1"
"280","NeedGoogleMapsAPIKey","39.9359919","-76.9796185","1"
"281","NeedGoogleMapsAPIKey","39.9258595","-76.9914202","1"
"282","NeedGoogleMapsAPIKey","39.9290866","-76.9911523","1"
"283","NeedGoogleMapsAPIKey","39.9328317","-76.9786247","1"
"284","NeedGoogleMapsAPIKey","39.9316097","-76.9802295","1"
"285","NeedGoogleMapsAPIKey","39.9247537","-76.9911428","1"
"286","NeedGoogleMapsAPIKey","39.9384142","-76.9853801","1"
"287","NeedGoogleMapsAPIKey","39.9311357","-76.9786299","1"
"288","NeedGoogleMapsAPIKey","39.9275345","-76.9867915","1"
"289","NeedGoogleMapsAPIKey","39.9283053","-76.9737626","1"
"290","NeedGoogleMapsAPIKey","39.9301617","-76.9775358","1"
"291","NeedGoogleMapsAPIKey","39.934444","-76.9800818","1"
"292","NeedGoogleMapsAPIKey","39.923284","-76.9885787","1"
"293","NeedGoogleMapsAPIKey","39.9330166","-76.976505","1"
"294","NeedGoogleMapsAPIKey","39.9293761","-76.9744525","1"
"295","NeedGoogleMapsAPIKey","39.9280401","-76.9895399","1"
"296","NeedGoogleMapsAPIKey","39.9265286","-76.9911177","1"
"297","NeedGoogleMapsAPIKey","39.9307585","-76.9794144","1"
"298","NeedGoogleMapsAPIKey","39.9273256","-76.9939189","1"
"299","NeedGoogleMapsAPIKey","39.923898","-76.9911851","1"
"300","NeedGoogleMapsAPIKey","39.9266311","-76.9901058","1"
"301","NeedGoogleMapsAPIKey","39.929707","-76.9786356","1"
"302","NeedGoogleMapsAPIKey","39.9290692","-76.9739802","1"
"303","NeedGoogleMapsAPIKey","39.9268395","-76.988431","1"
"304","NeedGoogleMapsAPIKey","39.9286292","-76.9745158","1"
"305","NeedGoogleMapsAPIKey","39.9303113","-76.9779602","1"
"306","NeedGoogleMapsAPIKey","39.9372486","-76.9812485","1"
"307","NeedGoogleMapsAPIKey","39.9282126","-76.9743546","1"
"308","NeedGoogleMapsAPIKey","39.9295938","-76.9781951","1"
"309","NeedGoogleMapsAPIKey","39.9237269","-76.9904176","1"
"310","NeedGoogleMapsAPIKey","39.9289896","-76.986471","1"
"311","NeedGoogleMapsAPIKey","39.9300527","-76.9894514","1"
"312","NeedGoogleMapsAPIKey","39.9302251","-76.9760356","1"
"313","NeedGoogleMapsAPIKey","39.9291485","-76.9887942","1"
"314","NeedGoogleMapsAPIKey","39.9359865","-76.9792267","1"
"315","NeedGoogleMapsAPIKey","39.930804","-76.9768412","1"
"316","NeedGoogleMapsAPIKey","39.930446","-76.977211","1"
"317","NeedGoogleMapsAPIKey","39.9349384","-76.9872237","1"
"318","NeedGoogleMapsAPIKey","39.9297608","-76.986079","1"
"319","NeedGoogleMapsAPIKey","39.9297458","-76.9751265","1"
"320","NeedGoogleMapsAPIKey","39.9373315","-76.9848862","1"
"321","NeedGoogleMapsAPIKey","39.9298507","-76.9910826","1"
"322","NeedGoogleMapsAPIKey","39.9276253","-76.990395","1"
"323","NeedGoogleMapsAPIKey","39.9305594","-76.9755225","1"
"324","NeedGoogleMapsAPIKey","39.9340166","-76.9801171","1"
"325","NeedGoogleMapsAPIKey","39.930877","-76.9759418","1"
"326","NeedGoogleMapsAPIKey","39.9283223","-76.99048","1"
"327","NeedGoogleMapsAPIKey","39.9296303","-76.9862127","1"
"328","NeedGoogleMapsAPIKey","39.9373562","-76.982573","1"
"329","NeedGoogleMapsAPIKey","39.9349565","-76.9982138","1"
"330","NeedGoogleMapsAPIKey","39.9340926","-76.9773634","1"
"331","NeedGoogleMapsAPIKey","39.9262431","-76.9870935","1"
"332","NeedGoogleMapsAPIKey","39.938741","-76.9894597","1"
"333","NeedGoogleMapsAPIKey","39.9317103","-76.9805125","1"
"334","NeedGoogleMapsAPIKey","39.9333777","-76.9777769","1"
"335","NeedGoogleMapsAPIKey","39.9344089","-76.9796114","1"
"336","NeedGoogleMapsAPIKey","39.9281974","-76.9866508","1"
"337","NeedGoogleMapsAPIKey","39.9326413","-76.9780177","1"
"338","NeedGoogleMapsAPIKey","39.936117","-76.9842369","1"
"339","NeedGoogleMapsAPIKey","39.9329598","-76.9858323","1"
"340","NeedGoogleMapsAPIKey","39.9320648","-76.975814","1"
"341","NeedGoogleMapsAPIKey","39.9378456","-76.9830259","1"
"342","NeedGoogleMapsAPIKey","39.9298915","-76.9756929","1"
"343","NeedGoogleMapsAPIKey","39.9233508","-76.9882963","1"
"344","NeedGoogleMapsAPIKey","39.9370545","-76.9847572","1"
"345","NeedGoogleMapsAPIKey","39.9281563","-76.9933414","1"
"346","NeedGoogleMapsAPIKey","39.9252488","-76.9916782","1"
"347","NeedGoogleMapsAPIKey","39.9337428","-76.9796161","1"
"348","NeedGoogleMapsAPIKey","39.9314449","-76.9803641","1"
"349","NeedGoogleMapsAPIKey","39.9322941","-76.9785581","1"
"350","NeedGoogleMapsAPIKey","39.9315983","-76.9804488","1"
"351","NeedGoogleMapsAPIKey","39.9325745","-76.9858601","1"
"352","NeedGoogleMapsAPIKey","39.9300934","-76.9862556","1"
"353","NeedGoogleMapsAPIKey","39.937525","-76.9821659","1"
"354","NeedGoogleMapsAPIKey","39.9352632","-76.9840262","1"
"355","NeedGoogleMapsAPIKey","39.9301123","-76.9768639","1"
"356","NeedGoogleMapsAPIKey","39.9353064","-76.9785289","1"
"357","NeedGoogleMapsAPIKey","39.9317284","-76.9802375","1"
"358","NeedGoogleMapsAPIKey","39.93531","-76.9799017","1"
"359","NeedGoogleMapsAPIKey","39.9279256","-76.9867257","1"
"360","NeedGoogleMapsAPIKey","39.9283764","-76.9865968","1"
"361","NeedGoogleMapsAPIKey","39.9277429","-76.9921417","1"
"362","NeedGoogleMapsAPIKey","39.9382814","-76.9851311","1"
"363","NeedGoogleMapsAPIKey","39.9312121","-76.9770026","1"
"364","NeedGoogleMapsAPIKey","39.9342213","-76.9796195","1"
"365","NeedGoogleMapsAPIKey","39.9355929","-76.9840635","1"
"366","NeedGoogleMapsAPIKey","39.923646","-76.9900506","1"
"367","NeedGoogleMapsAPIKey","39.9233661","-76.988921","1"
"368","NeedGoogleMapsAPIKey","39.9319606","-76.9795908","1"
"369","NeedGoogleMapsAPIKey","39.9287867","-76.9756529","1"
"370","NeedGoogleMapsAPIKey","39.93048","-76.9749293","1"
"371","NeedGoogleMapsAPIKey","39.9350213","-76.9786731","1"
"372","NeedGoogleMapsAPIKey","39.9360864","-76.9796007","1"
"373","NeedGoogleMapsAPIKey","39.9321387","-76.9859366","1"
"374","NeedGoogleMapsAPIKey","39.9283228","-76.9926809","1"
"375","NeedGoogleMapsAPIKey","39.9275375","-76.9877407","1"
"376","NeedGoogleMapsAPIKey","39.9325994","-76.9793957","1"
"377","NeedGoogleMapsAPIKey","39.9378244","-76.9829773","1"
"378","NeedGoogleMapsAPIKey","39.934985","-76.9840068","1"
"379","NeedGoogleMapsAPIKey","39.9298791","-76.9783662","1"
"380","NeedGoogleMapsAPIKey","39.9270513","-76.990513","1"
"381","NeedGoogleMapsAPIKey","39.9374135","-76.9827963","1"
"382","NeedGoogleMapsAPIKey","39.9373253","-76.9824637","1"
"383","NeedGoogleMapsAPIKey","39.9299615","-76.9777918","1"
"384","NeedGoogleMapsAPIKey","39.9304905","-76.9903493","1"
"385","NeedGoogleMapsAPIKey","39.9312251","-76.9859751","1"
"386","NeedGoogleMapsAPIKey","39.9354253","-76.9794593","1"
"387","NeedGoogleMapsAPIKey","39.9296248","-76.975964","1"
"388","NeedGoogleMapsAPIKey","39.9303696","-76.9910094","1"
"389","NeedGoogleMapsAPIKey","39.9296275","-76.9894742","1"
"390","NeedGoogleMapsAPIKey","39.9306545","-76.9784129","1"
"391","NeedGoogleMapsAPIKey","39.9338586","-76.9774644","1"
"392","NeedGoogleMapsAPIKey","39.9278331","-76.9909642","1"
"393","NeedGoogleMapsAPIKey","39.9377898","-76.9828408","1"
"394","NeedGoogleMapsAPIKey","39.9299434","-76.9762538","1"
"395","NeedGoogleMapsAPIKey","39.930709","-76.9761826","1"
"396","NeedGoogleMapsAPIKey","39.9325988","-76.975827","1"
"397","NeedGoogleMapsAPIKey","39.9244587","-76.9873108","1"
"398","NeedGoogleMapsAPIKey","39.9289808","-76.9759275","1"
"399","NeedGoogleMapsAPIKey","39.9379753","-76.9834243","1"
"400","NeedGoogleMapsAPIKey","39.935703","-76.9797439","1"
"401","NeedGoogleMapsAPIKey","39.9372631","-76.983667","1"
"402","NeedGoogleMapsAPIKey","39.9374031","-76.9826741","1"
"403","NeedGoogleMapsAPIKey","39.932562","-76.9786876","1"
"404","NeedGoogleMapsAPIKey","39.9308932","-76.9781568","1"
"405","NeedGoogleMapsAPIKey","39.9319916","-76.9768411","1"
"406","NeedGoogleMapsAPIKey","39.9358072","-76.987036","1"
"407","NeedGoogleMapsAPIKey","39.9329481","-76.9779692","1"
"408","NeedGoogleMapsAPIKey","39.9289239","-76.9903973","1"
"409","NeedGoogleMapsAPIKey","39.9325315","-76.9908488","1"
"410","NeedGoogleMapsAPIKey","39.92678","-76.9869903","1"
"411","NeedGoogleMapsAPIKey","39.9376511","-76.9824754","1"
"412","NeedGoogleMapsAPIKey","39.9324462","-76.9773759","1"
"413","NeedGoogleMapsAPIKey","39.9305466","-76.9777159","1"
"414","NeedGoogleMapsAPIKey","39.9330798","-76.9915363","1"
"415","NeedGoogleMapsAPIKey","39.9385725","-76.9850727","1"
"416","NeedGoogleMapsAPIKey","39.9344827","-76.9784447","1"
"417","NeedGoogleMapsAPIKey","39.9299019","-76.9748252","1"
"418","NeedGoogleMapsAPIKey","39.9372743","-76.9823808","1"
"419","NeedGoogleMapsAPIKey","39.9316044","-76.9802964","1"
"420","NeedGoogleMapsAPIKey","39.9317352","-76.9763054","1"
"421","NeedGoogleMapsAPIKey","39.9328116","-76.985864","1"
"422","NeedGoogleMapsAPIKey","39.9346496","-76.978746","1"
"423","NeedGoogleMapsAPIKey","39.9284035","-76.9913128","1"
"424","NeedGoogleMapsAPIKey","39.9292678","-76.989593","1"
"425","NeedGoogleMapsAPIKey","39.9391726","-76.9826061","1"
"426","NeedGoogleMapsAPIKey","39.9394715","-76.9834074","1"
"427","NeedGoogleMapsAPIKey","39.941655","-76.9777304","1"
"428","NeedGoogleMapsAPIKey","39.9392063","-76.9835663","1"
"429","NeedGoogleMapsAPIKey","39.9397435","-76.9775275","1"
"430","NeedGoogleMapsAPIKey","39.9390177","-76.9809752","1"
"431","NeedGoogleMapsAPIKey","39.9347944","-76.9761141","1"
"432","NeedGoogleMapsAPIKey","39.9342401","-76.9746233","1"
"433","NeedGoogleMapsAPIKey","39.9349583","-76.9747828","1"
"434","NeedGoogleMapsAPIKey","39.9386902","-76.9781863","1"
"435","NeedGoogleMapsAPIKey","39.9288165","-76.9735117","1"
"436","NeedGoogleMapsAPIKey","39.9299405","-76.9736661","1"
"437","NeedGoogleMapsAPIKey","39.9318856","-76.9736617","1"
"438","NeedGoogleMapsAPIKey","39.9385615","-76.9807535","1"
"439","NeedGoogleMapsAPIKey","39.9374063","-76.977234","1"
"440","NeedGoogleMapsAPIKey","39.9369899","-76.9769647","1"
"441","NeedGoogleMapsAPIKey","39.9335833","-76.9744716","1"
"442","NeedGoogleMapsAPIKey","39.9413564","-76.9779381","1"
"443","NeedGoogleMapsAPIKey","39.9364484","-76.97657","1"
"444","NeedGoogleMapsAPIKey","39.9377018","-76.9791367","1"
"445","NeedGoogleMapsAPIKey","39.9344015","-76.9730745","1"
"446","NeedGoogleMapsAPIKey","39.9311353","-76.9747154","1"
"447","NeedGoogleMapsAPIKey","39.9293831","-76.9730927","1"
"448","NeedGoogleMapsAPIKey","39.9366948","-76.9753724","1"
"449","NeedGoogleMapsAPIKey","39.9344981","-76.9740948","1"
"450","NeedGoogleMapsAPIKey","39.9374854","-76.9774606","1"
"451","NeedGoogleMapsAPIKey","39.939162","-76.9761611","1"
"452","NeedGoogleMapsAPIKey","39.933376","-76.9732159","1"
"453","NeedGoogleMapsAPIKey","39.9392352","-76.9837238","1"
"454","NeedGoogleMapsAPIKey","39.9304536","-76.974109","1"
"455","NeedGoogleMapsAPIKey","39.9372958","-76.9778547","1"
"456","NeedGoogleMapsAPIKey","39.9341169","-76.9732734","1"
"457","NeedGoogleMapsAPIKey","39.93948","-76.9844972","1"
"458","NeedGoogleMapsAPIKey","39.93608","-76.9790946","1"
"459","NeedGoogleMapsAPIKey","39.9388889","-76.9816176","1"
"460","NeedGoogleMapsAPIKey","39.9372056","-76.9808399","1"
"461","NeedGoogleMapsAPIKey","39.940312","-76.9791032","1"
"462","NeedGoogleMapsAPIKey","39.9389381","-76.982953","1"
"463","NeedGoogleMapsAPIKey","39.9336597","-76.9736249","1"
"464","NeedGoogleMapsAPIKey","39.9387903","-76.9812688","1"
"465","NeedGoogleMapsAPIKey","39.9352097","-76.9773718","1"
"466","NeedGoogleMapsAPIKey","39.9370419","-76.9762978","1"
"467","NeedGoogleMapsAPIKey","39.9390858","-76.9794208","1"
"468","NeedGoogleMapsAPIKey","39.9372561","-76.976725","1"
"469","NeedGoogleMapsAPIKey","39.9384753","-76.9803876","1"
"470","NeedGoogleMapsAPIKey","39.9413107","-76.9779712","1"
"471","NeedGoogleMapsAPIKey","39.9340052","-76.9747744","1"
"472","NeedGoogleMapsAPIKey","39.9388139","-76.9824431","1"
"473","NeedGoogleMapsAPIKey","39.9390599","-76.982098","1"
"474","NeedGoogleMapsAPIKey","39.9379703","-76.9782312","1"
"475","NeedGoogleMapsAPIKey","39.9342421","-76.9758408","1"
"476","NeedGoogleMapsAPIKey","39.9377742","-76.9780014","1"
"477","NeedGoogleMapsAPIKey","39.9334398","-76.9754421","1"
"478","NeedGoogleMapsAPIKey","39.938917","-76.9827343","1"
"479","NeedGoogleMapsAPIKey","39.9405153","-76.9783144","1"
"480","NeedGoogleMapsAPIKey","39.9359496","-76.9763011","1"
"481","NeedGoogleMapsAPIKey","39.9326136","-76.9750162","1"
"482","NeedGoogleMapsAPIKey","39.936465","-76.9790122","1"
"483","NeedGoogleMapsAPIKey","39.9414413","-76.9748171","1"
"484","NeedGoogleMapsAPIKey","39.9379938","-76.9800566","1"
"485","NeedGoogleMapsAPIKey","39.9292706","-76.973709","1"
"486","NeedGoogleMapsAPIKey","39.9381094","-76.9803643","1"
"487","NeedGoogleMapsAPIKey","39.9379368","-76.9789243","1"
"488","NeedGoogleMapsAPIKey","39.9395307","-76.971556","1"
"489","NeedGoogleMapsAPIKey","39.9342379","-76.9740116","1"
"490","NeedGoogleMapsAPIKey","39.9380982","-76.9803084","1"
"491","NeedGoogleMapsAPIKey","39.9390403","-76.9775544","1"
"492","NeedGoogleMapsAPIKey","39.9400488","-76.9769166","1"
"493","NeedGoogleMapsAPIKey","39.9382021","-76.9796864","1"
"494","NeedGoogleMapsAPIKey","39.9355014","-76.9738285","1"
"495","NeedGoogleMapsAPIKey","39.9382395","-76.9768922","1"
"496","NeedGoogleMapsAPIKey","39.9322898","-76.9747129","1"
"497","NeedGoogleMapsAPIKey","39.9330629","-76.9751142","1"
"498","NeedGoogleMapsAPIKey","39.9388516","-76.9826088","1"
"499","NeedGoogleMapsAPIKey","39.9366313","-76.9789598","1"
"500","NeedGoogleMapsAPIKey","39.9390626","-76.9809487","1"
"501","NeedGoogleMapsAPIKey","39.932873","-76.972743","1"
"502","NeedGoogleMapsAPIKey","39.9339566","-76.9741135","1"
"503","NeedGoogleMapsAPIKey","39.9391009","-76.9824117","1"
"504","NeedGoogleMapsAPIKey","39.9403864","-76.9727566","1"
"505","NeedGoogleMapsAPIKey","39.932143","-76.9731401","1"
"506","NeedGoogleMapsAPIKey","39.9359292","-76.9748785","1"
"507","NeedGoogleMapsAPIKey","39.938975","-76.980997","1"
"508","NeedGoogleMapsAPIKey","39.9370024","-76.9760896","1"
"509","NeedGoogleMapsAPIKey","39.9395681","-76.9796168","1"
"510","NeedGoogleMapsAPIKey","39.9318007","-76.9725935","1"
"511","NeedGoogleMapsAPIKey","39.931407","-76.9735662","1"
"512","NeedGoogleMapsAPIKey","39.9372073","-76.9810605","1"
"513","NeedGoogleMapsAPIKey","39.9346254","-76.9751203","1"
"514","NeedGoogleMapsAPIKey","39.9379314","-76.9809409","1"
"515","NeedGoogleMapsAPIKey","39.9428281","-76.974816","1"
"516","NeedGoogleMapsAPIKey","39.9401326","-76.9773772","1"
"517","NeedGoogleMapsAPIKey","39.9404178","-76.9822494","1"
"518","NeedGoogleMapsAPIKey","39.9392656","-76.9773941","1"
"519","NeedGoogleMapsAPIKey","39.9390891","-76.9798786","1"
"520","NeedGoogleMapsAPIKey","39.9344628","-76.9748239","1"
"521","NeedGoogleMapsAPIKey","39.9391336","-76.9709116","1"
"522","NeedGoogleMapsAPIKey","39.9392781","-76.9712299","1"
"523","NeedGoogleMapsAPIKey","39.9348172","-76.9745528","1"
"524","NeedGoogleMapsAPIKey","39.9390621","-76.9822288","1"
"525","NeedGoogleMapsAPIKey","39.9361833","-76.9791187","1"
"526","NeedGoogleMapsAPIKey","39.9392751","-76.977811","1"
"527","NeedGoogleMapsAPIKey","39.9379544","-76.9799407","1"
"528","NeedGoogleMapsAPIKey","39.9386708","-76.9819408","1"
"529","NeedGoogleMapsAPIKey","39.9387081","-76.9778004","1"
"530","NeedGoogleMapsAPIKey","39.938321","-76.9832372","1"
"531","NeedGoogleMapsAPIKey","39.9413417","-76.9738899","1"
"532","NeedGoogleMapsAPIKey","39.9297488","-76.9739217","1"
"533","NeedGoogleMapsAPIKey","39.929574","-76.9724527","1"
"534","NeedGoogleMapsAPIKey","39.9348045","-76.9769146","1"
"535","NeedGoogleMapsAPIKey","39.9355172","-76.9724254","1"
"536","NeedGoogleMapsAPIKey","39.9394972","-76.974665","1"
"537","NeedGoogleMapsAPIKey","39.9306474","-76.9720642","1"
"538","NeedGoogleMapsAPIKey","39.9398004","-76.9785324","1"
"539","NeedGoogleMapsAPIKey","39.9384935","-76.9835981","1"
"540","NeedGoogleMapsAPIKey","39.9394055","-76.9742545","1"
"541","NeedGoogleMapsAPIKey","39.9374621","-76.9815174","1"
"542","NeedGoogleMapsAPIKey","39.9353752","-76.9721076","1"
"543","NeedGoogleMapsAPIKey","39.9379416","-76.9798975","1"
"544","NeedGoogleMapsAPIKey","39.9350491","-76.9759769","1"
"545","NeedGoogleMapsAPIKey","39.9309874","-76.9733677","1"
"546","NeedGoogleMapsAPIKey","39.9391054","-76.9809268","1"
"547","NeedGoogleMapsAPIKey","39.9357252","-76.9780339","1"
"548","NeedGoogleMapsAPIKey","39.9386782","-76.9811506","1"
"549","NeedGoogleMapsAPIKey","39.9379073","-76.9798324","1"
"550","NeedGoogleMapsAPIKey","39.9285641","-76.972792","1"
"551","NeedGoogleMapsAPIKey","39.9394172","-76.9841708","1"
"552","NeedGoogleMapsAPIKey","39.9396046","-76.9823444","1"
"553","NeedGoogleMapsAPIKey","39.9384001","-76.9801613","1"
"554","NeedGoogleMapsAPIKey","39.9392429","-76.9751999","1"
"555","NeedGoogleMapsAPIKey","39.9319719","-76.9751785","1"
"556","NeedGoogleMapsAPIKey","39.938185","-76.9796323","1"
"557","NeedGoogleMapsAPIKey","39.9384933","-76.9815626","1"
"558","NeedGoogleMapsAPIKey","39.9395384","-76.9760236","1"
"559","NeedGoogleMapsAPIKey","39.9396918","-76.9775592","1"
"560","NeedGoogleMapsAPIKey","39.9338852","-76.9734658","1"
"561","NeedGoogleMapsAPIKey","39.9333371","-76.9747142","1"
"562","NeedGoogleMapsAPIKey","39.9364873","-76.9760646","1"
"563","NeedGoogleMapsAPIKey","39.9290327","-76.9725827","1"
"564","NeedGoogleMapsAPIKey","39.9362222","-76.9754275","1"
"565","NeedGoogleMapsAPIKey","39.9394281","-76.970797","1"
"566","NeedGoogleMapsAPIKey","39.9309236","-76.9719642","1"
"567","NeedGoogleMapsAPIKey","39.9334793","-76.9738195","1"
"568","NeedGoogleMapsAPIKey","39.9389035","-76.9816621","1"
"569","NeedGoogleMapsAPIKey","39.9364088","-76.9747776","1"
"570","NeedGoogleMapsAPIKey","39.9363107","-76.9794656","1"
"571","NeedGoogleMapsAPIKey","39.9384","-76.9814174","1"
"572","NeedGoogleMapsAPIKey","39.941849","-76.978114","1"
"573","NeedGoogleMapsAPIKey","39.9395274","-76.9776682","1"
"574","NeedGoogleMapsAPIKey","39.9396349","-76.981707","1"
"575","NeedGoogleMapsAPIKey","39.9393525","-76.9839777","1"
"576","NeedGoogleMapsAPIKey","39.9387202","-76.9847439","1"
"577","NeedGoogleMapsAPIKey","39.9372779","-76.977798","1"
"578","NeedGoogleMapsAPIKey","39.9323229","-76.9734177","1"
"579","NeedGoogleMapsAPIKey","39.9411751","-76.9735992","1"
"580","NeedGoogleMapsAPIKey","39.9316229","-76.9723348","1"
"581","NeedGoogleMapsAPIKey","39.9301132","-76.9723069","1"
"582","NeedGoogleMapsAPIKey","39.9392395","-76.9792723","1"
"583","NeedGoogleMapsAPIKey","39.9327691","-76.9755749","1"
"584","NeedGoogleMapsAPIKey","39.9306425","-76.9738619","1"
"585","NeedGoogleMapsAPIKey","39.9405337","-76.9729183","1"
"586","NeedGoogleMapsAPIKey","39.9371109","-76.9774186","1"
"587","NeedGoogleMapsAPIKey","39.9345643","-76.977082","1"
"588","NeedGoogleMapsAPIKey","39.9376188","-76.981819","1"
"589","NeedGoogleMapsAPIKey","39.9406264","-76.9868759","1"
"590","NeedGoogleMapsAPIKey","39.9491133","-76.977858","1"
"591","NeedGoogleMapsAPIKey","39.9476171","-76.976346","1"
"592","NeedGoogleMapsAPIKey","39.9395344","-76.9870091","1"
"593","NeedGoogleMapsAPIKey","39.9485942","-76.9778326","1"
"594","NeedGoogleMapsAPIKey","39.9402978","-76.9859542","1"
"595","NeedGoogleMapsAPIKey","39.9487314","-76.9777278","1"
"596","NeedGoogleMapsAPIKey","39.9492449","-76.9796233","1"
"597","NeedGoogleMapsAPIKey","39.9451892","-76.9746856","1"
"598","NeedGoogleMapsAPIKey","39.9467767","-76.9788619","1"
"599","NeedGoogleMapsAPIKey","39.9487356","-76.9789479","1"
"600","NeedGoogleMapsAPIKey","39.9490645","-76.9801024","1"
"601","NeedGoogleMapsAPIKey","39.9492352","-76.9818747","1"
"602","NeedGoogleMapsAPIKey","39.9404031","-76.9872697","1"
"603","NeedGoogleMapsAPIKey","39.9416951","-76.9857794","1"
"604","NeedGoogleMapsAPIKey","39.9480649","-76.9797282","1"
"605","NeedGoogleMapsAPIKey","39.9402549","-76.9857799","1"
"606","NeedGoogleMapsAPIKey","39.9491072","-76.9791251","1"
"607","NeedGoogleMapsAPIKey","39.942981","-76.9810647","1"
"608","NeedGoogleMapsAPIKey","39.9489554","-76.9802365","1"
"609","NeedGoogleMapsAPIKey","39.9485904","-76.9799451","1"
"610","NeedGoogleMapsAPIKey","39.9534842","-76.9867065","1"
"611","NeedGoogleMapsAPIKey","39.94838","-76.9793848","1"
"612","NeedGoogleMapsAPIKey","39.9403406","-76.9870731","1"
"613","NeedGoogleMapsAPIKey","39.9393293","-76.9866771","1"
"614","NeedGoogleMapsAPIKey","39.9397749","-76.9853051","1"
"615","NeedGoogleMapsAPIKey","39.945511","-76.9819792","1"
"616","NeedGoogleMapsAPIKey","39.9485462","-76.9791703","1"
"617","NeedGoogleMapsAPIKey","39.9523743","-76.978842","1"
"618","NeedGoogleMapsAPIKey","39.9492755","-76.9780188","1"
"619","NeedGoogleMapsAPIKey","39.9394941","-76.984673","1"
"620","NeedGoogleMapsAPIKey","39.9404379","-76.9863828","1"
"621","NeedGoogleMapsAPIKey","39.9465388","-76.9901925","1"
"622","NeedGoogleMapsAPIKey","39.9396094","-76.9848467","1"
"623","NeedGoogleMapsAPIKey","39.9528431","-76.9880885","1"
"624","NeedGoogleMapsAPIKey","39.9430169","-76.9839111","1"
"625","NeedGoogleMapsAPIKey","39.9484294","-76.9781429","1"
"626","NeedGoogleMapsAPIKey","39.9478088","-76.9791606","1"
"627","NeedGoogleMapsAPIKey","39.940164","-76.9855871","1"
"628","NeedGoogleMapsAPIKey","39.9488881","-76.980321","1"
"629","NeedGoogleMapsAPIKey","39.9392594","-76.9862419","1"
"630","NeedGoogleMapsAPIKey","39.9497463","-76.9796717","1"
"631","NeedGoogleMapsAPIKey","39.9476638","-76.9793721","1"
"632","NeedGoogleMapsAPIKey","39.9504082","-76.9790585","1"
"633","NeedGoogleMapsAPIKey","39.9490277","-76.9783606","1"
"634","NeedGoogleMapsAPIKey","39.9504951","-76.9809677","1"
"635","NeedGoogleMapsAPIKey","39.9402228","-76.9866193","1"
"636","NeedGoogleMapsAPIKey","39.9432345","-76.9816542","1"
"637","NeedGoogleMapsAPIKey","39.9403122","-76.98697","1"
"638","NeedGoogleMapsAPIKey","39.9514574","-76.9901105","1"
"639","NeedGoogleMapsAPIKey","39.9415323","-76.9872194","1"
"640","NeedGoogleMapsAPIKey","39.9509027","-76.9826284","1"
"641","NeedGoogleMapsAPIKey","39.9411568","-76.9843923","1"
"642","NeedGoogleMapsAPIKey","39.9480846","-76.9787046","1"
"643","NeedGoogleMapsAPIKey","39.9494951","-76.9791611","1"
"644","NeedGoogleMapsAPIKey","39.9401468","-76.9854787","1"
"645","NeedGoogleMapsAPIKey","39.9518642","-76.9830555","1"
"646","NeedGoogleMapsAPIKey","39.9479447","-76.9789439","1"
"647","NeedGoogleMapsAPIKey","39.9467301","-76.9758058","1"
"648","NeedGoogleMapsAPIKey","39.9401622","-76.9852863","1"
"649","NeedGoogleMapsAPIKey","39.9491595","-76.9784599","1"
"650","NeedGoogleMapsAPIKey","39.9435436","-76.9840348","1"
"651","NeedGoogleMapsAPIKey","39.9531927","-76.9876995","1"
"652","NeedGoogleMapsAPIKey","39.9451091","-76.9762137","1"
"653","NeedGoogleMapsAPIKey","39.9478794","-76.9790467","1"
"654","NeedGoogleMapsAPIKey","39.9478761","-76.9799944","1"
"655","NeedGoogleMapsAPIKey","39.948618","-76.9790802","1"
"656","NeedGoogleMapsAPIKey","39.9532907","-76.9870679","1"
"657","NeedGoogleMapsAPIKey","39.9660992","-77.0332558","1"
"658","NeedGoogleMapsAPIKey","39.960914","-77.0159798","1"
"659","NeedGoogleMapsAPIKey","39.9755329","-77.0321902","1"
"660","NeedGoogleMapsAPIKey","39.9728803","-77.0353191","1"
"661","NeedGoogleMapsAPIKey","39.9742448","-77.034303","1"
"662","NeedGoogleMapsAPIKey","39.9634803","-77.0331543","1"
"663","NeedGoogleMapsAPIKey","39.973166","-77.0326536","1"
"664","NeedGoogleMapsAPIKey","39.968623","-77.0316993","1"
"665","NeedGoogleMapsAPIKey","39.974481","-77.038102","1"
"666","NeedGoogleMapsAPIKey","39.9752889","-77.0348935","1"
"667","NeedGoogleMapsAPIKey","39.9638525","-77.0172499","1"
"668","NeedGoogleMapsAPIKey","39.9766126","-77.0326172","1"
"669","NeedGoogleMapsAPIKey","39.9686097","-77.0304699","1"
"670","NeedGoogleMapsAPIKey","39.972729","-77.0351075","1"
"671","NeedGoogleMapsAPIKey","39.9572631","-77.0170508","1"
"672","NeedGoogleMapsAPIKey","39.9772153","-77.030844","1"
"673","NeedGoogleMapsAPIKey","39.9641024","-77.0342816","1"
"674","NeedGoogleMapsAPIKey","39.9766924","-77.0338121","1"
"675","NeedGoogleMapsAPIKey","39.9742847","-77.0364189","1"
"676","NeedGoogleMapsAPIKey","39.9739981","-77.0226004","1"
"677","NeedGoogleMapsAPIKey","39.9759169","-77.0312634","1"
"678","NeedGoogleMapsAPIKey","39.9619844","-77.029536","1"
"679","NeedGoogleMapsAPIKey","39.966042","-77.029201","1"
"680","NeedGoogleMapsAPIKey","39.952458","-77.027071","1"
"681","NeedGoogleMapsAPIKey","39.9758197","-77.037009","1"
"682","NeedGoogleMapsAPIKey","39.9745566","-77.0351415","1"
"683","NeedGoogleMapsAPIKey","39.9758829","-77.0348634","1"
"684","NeedGoogleMapsAPIKey","39.9734108","-77.0347064","1"
"685","NeedGoogleMapsAPIKey","39.9642997","-77.0208595","1"
"686","NeedGoogleMapsAPIKey","39.9750442","-77.0322752","1"
"687","NeedGoogleMapsAPIKey","39.9500578","-77.028778","1"
"688","NeedGoogleMapsAPIKey","39.9761346","-77.0356934","1"
"689","NeedGoogleMapsAPIKey","39.9683791","-77.0329374","1"
"690","NeedGoogleMapsAPIKey","39.9632853","-77.0306918","1"
"691","NeedGoogleMapsAPIKey","39.9751539","-77.0334479","1"
"692","NeedGoogleMapsAPIKey","39.9661882","-77.0332038","1"
"693","NeedGoogleMapsAPIKey","39.973471","-77.021355","1"
"694","NeedGoogleMapsAPIKey","39.9764371","-77.0254861","1"
"695","NeedGoogleMapsAPIKey","39.9588528","-77.0152439","1"
"696","NeedGoogleMapsAPIKey","39.9755408","-77.0235047","1"
"697","NeedGoogleMapsAPIKey","39.9734528","-77.0358275","1"
"698","NeedGoogleMapsAPIKey","39.9730303","-77.0404128","1"
"699","NeedGoogleMapsAPIKey","39.9624837","-77.0179445","1"
"700","NeedGoogleMapsAPIKey","39.956982","-77.01756","1"
"701","NeedGoogleMapsAPIKey","39.9748192","-77.0383532","1"
"702","NeedGoogleMapsAPIKey","39.9515306","-77.0250514","1"
"703","NeedGoogleMapsAPIKey","39.9560747","-77.0272026","1"
"704","NeedGoogleMapsAPIKey","39.9747941","-77.0358867","1"
"705","NeedGoogleMapsAPIKey","39.9744583","-77.0371166","1"
"706","NeedGoogleMapsAPIKey","39.9478295","-77.0243475","1"
"707","NeedGoogleMapsAPIKey","39.9614059","-77.0321935","1"
"708","NeedGoogleMapsAPIKey","39.9743177","-77.0340652","1"
"709","NeedGoogleMapsAPIKey","39.9641378","-77.0331938","1"
"710","NeedGoogleMapsAPIKey","39.9736039","-77.0393115","1"
"711","NeedGoogleMapsAPIKey","39.9551326","-77.0206997","1"
"712","NeedGoogleMapsAPIKey","39.9756997","-77.0330441","1"
"713","NeedGoogleMapsAPIKey","39.9742623","-77.0316409","1"
"714","NeedGoogleMapsAPIKey","39.9595258","-77.0298394","1"
"715","NeedGoogleMapsAPIKey","39.9744963","-77.0229179","1"
"716","NeedGoogleMapsAPIKey","39.9481902","-77.0238962","1"
"717","NeedGoogleMapsAPIKey","39.9750138","-77.0358746","1"
"718","NeedGoogleMapsAPIKey","39.9637932","-77.0362715","1"
"719","NeedGoogleMapsAPIKey","39.9743709","-77.0359144","1"
"720","NeedGoogleMapsAPIKey","39.9740977","-77.0347047","1"
"721","NeedGoogleMapsAPIKey","39.9765631","-77.0320151","1"
"722","NeedGoogleMapsAPIKey","39.9753743","-77.0341419","1"
"723","NeedGoogleMapsAPIKey","39.9752365","-77.0358625","1"
"724","NeedGoogleMapsAPIKey","39.972989","-77.0395591","1"
"725","NeedGoogleMapsAPIKey","39.975683","-77.0369868","1"
"726","NeedGoogleMapsAPIKey","39.9770246","-77.0325695","1"
"727","NeedGoogleMapsAPIKey","39.9653719","-77.0589125","1"
"728","NeedGoogleMapsAPIKey","39.9734263","-77.0529993","1"
"729","NeedGoogleMapsAPIKey","39.9762604","-77.0546698","1"
"730","NeedGoogleMapsAPIKey","39.9756132","-77.0519855","1"
"731","NeedGoogleMapsAPIKey","39.9733285","-77.052534","1"
"732","NeedGoogleMapsAPIKey","39.9720997","-77.064854","1"
"733","NeedGoogleMapsAPIKey","39.9769731","-77.0562558","1"
"734","NeedGoogleMapsAPIKey","39.9755513","-77.0523995","1"
"735","NeedGoogleMapsAPIKey","39.9749019","-77.047301","1"
"736","NeedGoogleMapsAPIKey","39.9757913","-77.0512019","1"
"737","NeedGoogleMapsAPIKey","39.9760973","-77.0542739","1"
"738","NeedGoogleMapsAPIKey","39.9749352","-77.0492548","1"
"739","NeedGoogleMapsAPIKey","39.9669793","-77.0526477","1"
"740","NeedGoogleMapsAPIKey","39.9769082","-77.051226","1"
"741","NeedGoogleMapsAPIKey","39.9751257","-77.0465655","1"
"742","NeedGoogleMapsAPIKey","39.9679404","-77.0540778","1"
"743","NeedGoogleMapsAPIKey","39.9773557","-77.0557711","1"
"744","NeedGoogleMapsAPIKey","39.9765084","-77.0533986","1"
"745","NeedGoogleMapsAPIKey","39.9756922","-77.0537944","1"
"746","NeedGoogleMapsAPIKey","39.9761919","-77.0527334","1"
"747","NeedGoogleMapsAPIKey","39.9745619","-77.0510104","1"
"748","NeedGoogleMapsAPIKey","39.972759","-77.0641041","1"
"749","NeedGoogleMapsAPIKey","39.9763824","-77.0490354","1"
"750","NeedGoogleMapsAPIKey","39.9768367","-77.05326","1"
"751","NeedGoogleMapsAPIKey","39.9778442","-77.0570404","1"
"752","NeedGoogleMapsAPIKey","39.9749682","-77.0517722","1"
"753","NeedGoogleMapsAPIKey","39.9747767","-77.0522651","1"
"754","NeedGoogleMapsAPIKey","39.9675287","-77.0525509","1"
"755","NeedGoogleMapsAPIKey","39.9752644","-77.0535788","1"
"756","NeedGoogleMapsAPIKey","39.9739657","-77.0508723","1"
"757","NeedGoogleMapsAPIKey","39.9760079","-77.0539532","1"
"758","NeedGoogleMapsAPIKey","39.9737318","-77.0530202","1"
"759","NeedGoogleMapsAPIKey","39.9759304","-77.0478265","1"
"760","NeedGoogleMapsAPIKey","39.978102","-77.0553665","1"
"761","NeedGoogleMapsAPIKey","39.9772062","-77.0504165","1"
"762","NeedGoogleMapsAPIKey","39.9619513","-77.0708783","1"
"763","NeedGoogleMapsAPIKey","39.9768567","-77.0560388","1"
"764","NeedGoogleMapsAPIKey","39.9778521","-77.0556052","1"
"765","NeedGoogleMapsAPIKey","39.9759187","-77.0496161","1"
"766","NeedGoogleMapsAPIKey","39.9646088","-77.0549237","1"
"767","NeedGoogleMapsAPIKey","39.97756","-77.0548554","1"
"768","NeedGoogleMapsAPIKey","39.9753508","-77.0478745","1"
"769","NeedGoogleMapsAPIKey","39.9746373","-77.0526","1"
"770","NeedGoogleMapsAPIKey","39.9770387","-77.0507475","1"
"771","NeedGoogleMapsAPIKey","39.977544","-77.0579304","1"
"772","NeedGoogleMapsAPIKey","39.9740955","-77.0497926","1"
"773","NeedGoogleMapsAPIKey","39.9644632","-77.0613291","1"
"774","NeedGoogleMapsAPIKey","39.9759119","-77.048765","1"
"775","NeedGoogleMapsAPIKey","39.9756286","-77.0493568","1"
"776","NeedGoogleMapsAPIKey","39.9745908","-77.0483135","1"
"777","NeedGoogleMapsAPIKey","39.9744348","-77.048828","1"
"778","NeedGoogleMapsAPIKey","39.9734765","-77.0521029","1"
"779","NeedGoogleMapsAPIKey","39.9746736","-77.0501315","1"
"780","NeedGoogleMapsAPIKey","39.9775994","-77.0563056","1"
"781","NeedGoogleMapsAPIKey","39.9753952","-77.0504692","1"
"782","NeedGoogleMapsAPIKey","39.9759445","-77.0532069","1"
"783","NeedGoogleMapsAPIKey","39.9758858","-77.0528078","1"
"784","NeedGoogleMapsAPIKey","39.9610976","-77.0617035","1"
"785","NeedGoogleMapsAPIKey","39.9775824","-77.0517416","1"
"786","NeedGoogleMapsAPIKey","39.966151","-77.1164847","1"
"787","NeedGoogleMapsAPIKey","39.9744131","-77.1340618","1"
"788","NeedGoogleMapsAPIKey","39.9806623","-77.1276051","1"
"789","NeedGoogleMapsAPIKey","39.9731494","-77.1309654","1"
"790","NeedGoogleMapsAPIKey","39.9659088","-77.1241946","1"
"791","NeedGoogleMapsAPIKey","39.9774552","-77.1227154","1"
"792","NeedGoogleMapsAPIKey","39.9778462","-77.1229538","1"
"793","NeedGoogleMapsAPIKey","39.9594244","-77.1303748","1"
"794","NeedGoogleMapsAPIKey","39.9651575","-77.1262971","1"
"795","NeedGoogleMapsAPIKey","39.9757381","-77.1298599","1"
"796","NeedGoogleMapsAPIKey","39.9526681","-77.1229436","1"
"797","NeedGoogleMapsAPIKey","39.9798045","-77.1278116","1"
"798","NeedGoogleMapsAPIKey","39.9585066","-77.128904","1"
"799","NeedGoogleMapsAPIKey","39.9529806","-77.1281696","1"
"800","NeedGoogleMapsAPIKey","39.9683435","-77.1220844","1"
"801","NeedGoogleMapsAPIKey","39.9693327","-77.1349765","1"
"802","NeedGoogleMapsAPIKey","39.9783161","-77.1217643","1"
"803","NeedGoogleMapsAPIKey","39.9650141","-77.12357","1"
"804","NeedGoogleMapsAPIKey","39.978366","-77.1296814","1"
"805","NeedGoogleMapsAPIKey","39.9805137","-77.1274113","1"
"806","NeedGoogleMapsAPIKey","39.970932","-77.1213334","1"
"807","NeedGoogleMapsAPIKey","39.9637067","-77.1247416","1"
"808","NeedGoogleMapsAPIKey","39.9602332","-77.1401599","1"
"809","NeedGoogleMapsAPIKey","39.9767013","-77.1354823","1"
"810","NeedGoogleMapsAPIKey","39.9523342","-77.1227203","1"
"811","NeedGoogleMapsAPIKey","39.9659379","-77.112313","1"
"812","NeedGoogleMapsAPIKey","39.9780076","-77.1199892","1"
"813","NeedGoogleMapsAPIKey","39.9708739","-77.1331548","1"
"814","NeedGoogleMapsAPIKey","39.9580377","-77.1297961","1"
"815","NeedGoogleMapsAPIKey","39.9749547","-77.1224646","1"
"816","NeedGoogleMapsAPIKey","39.9747913","-77.1328372","1"
"817","NeedGoogleMapsAPIKey","39.9672765","-77.1365977","1"
"818","NeedGoogleMapsAPIKey","39.9668567","-77.1238923","1"
"819","NeedGoogleMapsAPIKey","39.9611281","-77.1276832","1"
"820","NeedGoogleMapsAPIKey","39.9601914","-77.1408873","1"
"821","NeedGoogleMapsAPIKey","39.9659152","-77.1229863","1"
"822","NeedGoogleMapsAPIKey","39.9740725","-77.1339172","1"
"823","NeedGoogleMapsAPIKey","39.9657271","-77.1367938","1"
"824","NeedGoogleMapsAPIKey","39.9686765","-77.1354825","1"
"825","NeedGoogleMapsAPIKey","39.9775574","-77.1203049","1"
"826","NeedGoogleMapsAPIKey","39.9762286","-77.1295745","1"
"827","NeedGoogleMapsAPIKey","39.9804684","-77.1240253","1"
"828","NeedGoogleMapsAPIKey","39.9571075","-77.130773","1"
"829","NeedGoogleMapsAPIKey","39.9529742","-77.1229065","1"
"830","NeedGoogleMapsAPIKey","39.9744242","-77.1299101","1"
"831","NeedGoogleMapsAPIKey","39.9601523","-77.1294052","1"
"832","NeedGoogleMapsAPIKey","39.9644763","-77.1375824","1"
"833","NeedGoogleMapsAPIKey","39.9712821","-77.1327749","1"
"834","NeedGoogleMapsAPIKey","39.9769763","-77.1224547","1"
"835","NeedGoogleMapsAPIKey","39.9800817","-77.1276908","1"
"836","NeedGoogleMapsAPIKey","39.9755389","-77.130618","1"
"837","NeedGoogleMapsAPIKey","39.9814249","-77.0331837","1"
"838","NeedGoogleMapsAPIKey","39.979909","-77.0517498","1"
"839","NeedGoogleMapsAPIKey","39.9790919","-77.0330616","1"
"840","NeedGoogleMapsAPIKey","39.9813724","-77.0509487","1"
"841","NeedGoogleMapsAPIKey","39.9827384","-77.0313264","1"
"842","NeedGoogleMapsAPIKey","39.9810766","-77.0373346","1"
"843","NeedGoogleMapsAPIKey","39.9866847","-77.0472542","1"
"844","NeedGoogleMapsAPIKey","39.9843428","-77.0491027","1"
"845","NeedGoogleMapsAPIKey","39.9841904","-77.0510765","1"
"846","NeedGoogleMapsAPIKey","39.9765674","-77.0458382","1"
"847","NeedGoogleMapsAPIKey","39.9853814","-77.0460244","1"
"848","NeedGoogleMapsAPIKey","39.9853599","-77.0355009","1"
"849","NeedGoogleMapsAPIKey","39.9766213","-77.0391736","1"
"850","NeedGoogleMapsAPIKey","39.9785832","-77.0527952","1"
"851","NeedGoogleMapsAPIKey","39.9852868","-77.0337603","1"
"852","NeedGoogleMapsAPIKey","39.9825881","-77.0376709","1"
"853","NeedGoogleMapsAPIKey","39.9770857","-77.0406058","1"
"854","NeedGoogleMapsAPIKey","39.9824476","-77.0370898","1"
"855","NeedGoogleMapsAPIKey","39.9844864","-77.0513595","1"
"856","NeedGoogleMapsAPIKey","39.9785752","-77.0345559","1"
"857","NeedGoogleMapsAPIKey","39.9795772","-77.0436789","1"
"858","NeedGoogleMapsAPIKey","39.9831051","-77.0344945","1"
"859","NeedGoogleMapsAPIKey","39.9795812","-77.0424796","1"
"860","NeedGoogleMapsAPIKey","39.9757086","-77.0467255","1"
"861","NeedGoogleMapsAPIKey","39.9811967","-77.0501451","1"
"862","NeedGoogleMapsAPIKey","39.9788977","-77.0372809","1"
"863","NeedGoogleMapsAPIKey","39.9791376","-77.0340541","1"
"864","NeedGoogleMapsAPIKey","39.9756341","-77.0415051","1"
"865","NeedGoogleMapsAPIKey","39.9834653","-77.0344248","1"
"866","NeedGoogleMapsAPIKey","39.978212","-77.0401765","1"
"867","NeedGoogleMapsAPIKey","39.9738799","-77.0428764","1"
"868","NeedGoogleMapsAPIKey","39.9851524","-77.0481636","1"
"869","NeedGoogleMapsAPIKey","39.9826434","-77.0349831","1"
"870","NeedGoogleMapsAPIKey","39.9797259","-77.0447935","1"
"871","NeedGoogleMapsAPIKey","39.9766026","-77.0429926","1"
"872","NeedGoogleMapsAPIKey","39.9756797","-77.0402253","1"
"873","NeedGoogleMapsAPIKey","39.9858174","-77.0458058","1"
"874","NeedGoogleMapsAPIKey","39.9781804","-77.0506875","1"
"875","NeedGoogleMapsAPIKey","39.9851542","-77.0472614","1"
"876","NeedGoogleMapsAPIKey","39.9838035","-77.0328812","1"
"877","NeedGoogleMapsAPIKey","39.97832","-77.0346223","1"
"878","NeedGoogleMapsAPIKey","39.9775368","-77.0467109","1"
"879","NeedGoogleMapsAPIKey","39.9776372","-77.0349773","1"
"880","NeedGoogleMapsAPIKey","39.9729416","-77.0409797","1"
"881","NeedGoogleMapsAPIKey","39.9852408","-77.049937","1"
"882","NeedGoogleMapsAPIKey","39.9838447","-77.0320792","1"
"883","NeedGoogleMapsAPIKey","39.9776046","-77.0448475","1"
"884","NeedGoogleMapsAPIKey","39.9783282","-77.0473241","1"
"885","NeedGoogleMapsAPIKey","39.9763939","-77.044413","1"
"886","NeedGoogleMapsAPIKey","39.9811326","-77.0350466","1"
"887","NeedGoogleMapsAPIKey","39.9868252","-77.0369759","1"
"888","NeedGoogleMapsAPIKey","39.9850476","-77.0467407","1"
"889","NeedGoogleMapsAPIKey","39.9782828","-77.0305075","1"
"890","NeedGoogleMapsAPIKey","39.9781595","-77.0321998","1"
"891","NeedGoogleMapsAPIKey","39.9801745","-77.0559806","1"
"892","NeedGoogleMapsAPIKey","39.9787646","-77.0320258","1"
"893","NeedGoogleMapsAPIKey","39.9874728","-77.0381302","1"
"894","NeedGoogleMapsAPIKey","39.9735414","-77.0408063","1"
"895","NeedGoogleMapsAPIKey","39.9795793","-77.0310241","1"
"896","NeedGoogleMapsAPIKey","39.9755577","-77.04181","1"
"897","NeedGoogleMapsAPIKey","39.9793852","-77.0301391","1"
"898","NeedGoogleMapsAPIKey","39.9745824","-77.0396692","1"
"899","NeedGoogleMapsAPIKey","39.9809803","-77.0551284","1"
"900","NeedGoogleMapsAPIKey","39.9816705","-77.0368431","1"
"901","NeedGoogleMapsAPIKey","39.9755955","-77.0448015","1"
"902","NeedGoogleMapsAPIKey","39.9808857","-77.0328262","1"
"903","NeedGoogleMapsAPIKey","39.9778104","-77.0372069","1"
"904","NeedGoogleMapsAPIKey","39.9779702","-77.0342823","1"
"905","NeedGoogleMapsAPIKey","39.9859962","-77.0351103","1"
"906","NeedGoogleMapsAPIKey","39.9776873","-77.0445969","1"
"907","NeedGoogleMapsAPIKey","39.9856384","-77.033956","1"
"908","NeedGoogleMapsAPIKey","39.98764","-77.0378622","1"
"909","NeedGoogleMapsAPIKey","39.9803884","-77.0322628","1"
"910","NeedGoogleMapsAPIKey","39.9781339","-77.036456","1"
"911","NeedGoogleMapsAPIKey","39.9866314","-77.0344776","1"
"912","NeedGoogleMapsAPIKey","39.9857035","-77.0348924","1"
"913","NeedGoogleMapsAPIKey","39.980728","-77.0422304","1"
"914","NeedGoogleMapsAPIKey","39.9766677","-77.0356387","1"
"915","NeedGoogleMapsAPIKey","39.9785701","-77.0320945","1"
"916","NeedGoogleMapsAPIKey","39.9789552","-77.0319548","1"
"917","NeedGoogleMapsAPIKey","39.9818718","-77.0381135","1"
"918","NeedGoogleMapsAPIKey","39.9778858","-77.0396411","1"
"919","NeedGoogleMapsAPIKey","39.981354","-77.0528894","1"
"920","NeedGoogleMapsAPIKey","39.9773925","-77.0440051","1"
"921","NeedGoogleMapsAPIKey","39.9809099","-77.0517878","1"
"922","NeedGoogleMapsAPIKey","39.9863292","-77.0492394","1"
"923","NeedGoogleMapsAPIKey","39.9816103","-77.0292367","1"
"924","NeedGoogleMapsAPIKey","39.9821893","-77.0365437","1"
"925","NeedGoogleMapsAPIKey","39.9776792","-77.0395793","1"
"926","NeedGoogleMapsAPIKey","39.9822993","-77.0311855","1"
"927","NeedGoogleMapsAPIKey","39.9772131","-77.049123","1"
"928","NeedGoogleMapsAPIKey","39.985793","-77.0340542","1"
"929","NeedGoogleMapsAPIKey","39.9777543","-77.0306616","1"
"930","NeedGoogleMapsAPIKey","39.9799273","-77.0550423","1"
"931","NeedGoogleMapsAPIKey","39.9728067","-77.0423092","1"
"932","NeedGoogleMapsAPIKey","39.977978","-77.0511876","1"
"933","NeedGoogleMapsAPIKey","39.9829338","-77.0530508","1"
"934","NeedGoogleMapsAPIKey","39.9850738","-77.0353745","1"
"935","NeedGoogleMapsAPIKey","39.9809569","-77.0423442","1"
"936","NeedGoogleMapsAPIKey","39.9799105","-77.0427239","1"
"937","NeedGoogleMapsAPIKey","39.9843859","-77.0517201","1"
"938","NeedGoogleMapsAPIKey","39.9863937","-77.0473267","1"
"939","NeedGoogleMapsAPIKey","39.9762681","-77.0404243","1"
"940","NeedGoogleMapsAPIKey","39.9811375","-77.0339278","1"
"941","NeedGoogleMapsAPIKey","39.9791721","-77.031139","1"
"942","NeedGoogleMapsAPIKey","39.976758","-77.0452183","1"
"943","NeedGoogleMapsAPIKey","39.9815209","-77.0510803","1"
"944","NeedGoogleMapsAPIKey","39.9847809","-77.0352041","1"
"945","NeedGoogleMapsAPIKey","39.9815077","-77.0424634","1"
"946","NeedGoogleMapsAPIKey","39.9807562","-77.0551865","1"
"947","NeedGoogleMapsAPIKey","39.9758296","-77.0389994","1"
"948","NeedGoogleMapsAPIKey","39.981741","-77.032395","1"
"949","NeedGoogleMapsAPIKey","39.9803653","-77.0558515","1"
"950","NeedGoogleMapsAPIKey","39.9758786","-77.0433873","1"
"951","NeedGoogleMapsAPIKey","39.986437","-77.0344396","1"
"952","NeedGoogleMapsAPIKey","39.9829932","-77.0366587","1"
"953","NeedGoogleMapsAPIKey","39.9846077","-77.0377379","1"
"954","NeedGoogleMapsAPIKey","39.9804987","-77.0502138","1"
"955","NeedGoogleMapsAPIKey","39.9850337","-77.0337458","1"
"956","NeedGoogleMapsAPIKey","39.9763241","-77.0468356","1"
"957","NeedGoogleMapsAPIKey","39.9789456","-77.0369537","1"
"958","NeedGoogleMapsAPIKey","39.9821737","-77.0337409","1"
"959","NeedGoogleMapsAPIKey","39.9770646","-77.0444267","1"
"960","NeedGoogleMapsAPIKey","39.9862362","-77.0342695","1"
"961","NeedGoogleMapsAPIKey","39.9751153","-77.0432909","1"
"962","NeedGoogleMapsAPIKey","39.9756809","-77.0388905","1"
"963","NeedGoogleMapsAPIKey","39.9840042","-77.0361145","1"
"964","NeedGoogleMapsAPIKey","39.9748929","-77.0395782","1"
"965","NeedGoogleMapsAPIKey","39.9819668","-77.0326042","1"
"966","NeedGoogleMapsAPIKey","39.9876591","-77.0372222","1"
"967","NeedGoogleMapsAPIKey","39.9797912","-77.0434755","1"
"968","NeedGoogleMapsAPIKey","39.9832558","-77.0324793","1"
"969","NeedGoogleMapsAPIKey","39.9735041","-77.0415967","1"
"970","NeedGoogleMapsAPIKey","39.9808041","-77.0346305","1"
"971","NeedGoogleMapsAPIKey","39.9772288","-77.0356039","1"
"972","NeedGoogleMapsAPIKey","39.9769961","-77.0476764","1"
"973","NeedGoogleMapsAPIKey","39.9789031","-77.0312328","1"
"974","NeedGoogleMapsAPIKey","39.9824262","-77.0516232","1"
"975","NeedGoogleMapsAPIKey","39.9756093","-77.0411485","1"
"976","NeedGoogleMapsAPIKey","39.9792437","-77.0318611","1"
"977","NeedGoogleMapsAPIKey","39.9798716","-77.0338761","1"
"978","NeedGoogleMapsAPIKey","39.9837005","-77.050023","1"
"979","NeedGoogleMapsAPIKey","39.9779412","-77.0363479","1"
"980","NeedGoogleMapsAPIKey","39.9758543","-77.0409588","1"
"981","NeedGoogleMapsAPIKey","39.9773285","-77.0371935","1"
"982","NeedGoogleMapsAPIKey","39.979005","-77.0346653","1"
"983","NeedGoogleMapsAPIKey","39.9770622","-77.0421993","1"
"984","NeedGoogleMapsAPIKey","39.9853417","-77.0479566","1"
"985","NeedGoogleMapsAPIKey","39.97515","-77.0419216","1"
"986","NeedGoogleMapsAPIKey","39.9771521","-77.0434309","1"
"987","NeedGoogleMapsAPIKey","39.9779605","-77.0315688","1"
"988","NeedGoogleMapsAPIKey","39.9867616","-77.0483467","1"
"989","NeedGoogleMapsAPIKey","39.9805494","-77.0421222","1"
"990","NeedGoogleMapsAPIKey","39.9778955","-77.0375389","1"
"991","NeedGoogleMapsAPIKey","39.9775739","-77.0330502","1"
"992","NeedGoogleMapsAPIKey","39.974602","-77.0416567","1"
"993","NeedGoogleMapsAPIKey","39.9787339","-77.0526463","1"
"994","NeedGoogleMapsAPIKey","39.9805315","-77.0525702","1"
"995","NeedGoogleMapsAPIKey","39.977793","-77.0341464","1"
"996","NeedGoogleMapsAPIKey","39.9824028","-77.0330792","1"
"997","NeedGoogleMapsAPIKey","39.9805879","-77.0546438","1"
"998","NeedGoogleMapsAPIKey","39.9791088","-77.0353873","1"
"999","NeedGoogleMapsAPIKey","39.9822063","-77.0533314","1"
"1000","NeedGoogleMapsAPIKey","39.9778054","-77.0442697","1"
"1001","NeedGoogleMapsAPIKey","39.9781715","-77.0315014","1"
"1002","NeedGoogleMapsAPIKey","39.9785644","-77.0535243","1"
"1003","NeedGoogleMapsAPIKey","39.9783753","-77.040386","1"
"1004","NeedGoogleMapsAPIKey","39.9839511","-77.0528064","1"
"1005","NeedGoogleMapsAPIKey","39.9777188","-77.0469037","1"
"1006","NeedGoogleMapsAPIKey","39.9861545","-77.0362263","1"
"1007","NeedGoogleMapsAPIKey","39.9776254","-77.0339924","1"
"1008","NeedGoogleMapsAPIKey","39.9853203","-77.0346367","1"
"1009","NeedGoogleMapsAPIKey","39.9804672","-77.0438613","1"
"1010","NeedGoogleMapsAPIKey","39.9865836","-77.0486029","1"
"1011","NeedGoogleMapsAPIKey","39.9858118","-77.0503458","1"
"1012","NeedGoogleMapsAPIKey","39.981258","-77.0547091","1"
"1013","NeedGoogleMapsAPIKey","39.9816666","-77.0360621","1"
"1014","NeedGoogleMapsAPIKey","39.9749244","-77.0423992","1"
"1015","NeedGoogleMapsAPIKey","39.9851273","-77.034445","1"
"1016","NeedGoogleMapsAPIKey","39.9750121","-77.0398339","1"
"1017","NeedGoogleMapsAPIKey","39.9806027","-77.0433183","1"
"1018","NeedGoogleMapsAPIKey","39.9769423","-77.0392451","1"
"1019","NeedGoogleMapsAPIKey","39.9854826","-77.0373053","1"
"1020","NeedGoogleMapsAPIKey","39.9834202","-77.048912","1"
"1021","NeedGoogleMapsAPIKey","39.9840254","-77.050642","1"
"1022","NeedGoogleMapsAPIKey","39.9845288","-77.035693","1"
"1023","NeedGoogleMapsAPIKey","39.9775146","-77.032528","1"
"1024","NeedGoogleMapsAPIKey","39.9861561","-77.0502858","1"
"1025","NeedGoogleMapsAPIKey","39.9808625","-77.0373761","1"
"1026","NeedGoogleMapsAPIKey","39.9789961","-77.0367132","1"
"1027","NeedGoogleMapsAPIKey","39.980177","-77.0370736","1"
"1028","NeedGoogleMapsAPIKey","39.9841644","-77.0331581","1"
"1029","NeedGoogleMapsAPIKey","39.97768","-77.0460759","1"
"1030","NeedGoogleMapsAPIKey","39.9808731","-77.0338185","1"
"1031","NeedGoogleMapsAPIKey","39.9812562","-77.032254","1"
"1032","NeedGoogleMapsAPIKey","39.9823753","-77.0346131","1"
"1033","NeedGoogleMapsAPIKey","39.9817824","-77.0336746","1"
"1034","NeedGoogleMapsAPIKey","39.9783512","-77.0321917","1"
"1035","NeedGoogleMapsAPIKey","39.978147","-77.0450115","1"
"1036","NeedGoogleMapsAPIKey","39.9799176","-77.0328149","1"
"1037","NeedGoogleMapsAPIKey","39.9788549","-77.0438454","1"
"1038","NeedGoogleMapsAPIKey","39.9785422","-77.0378845","1"
"1039","NeedGoogleMapsAPIKey","39.9862598","-77.0352738","1"
"1040","NeedGoogleMapsAPIKey","39.9775257","-77.0436493","1"
"1041","NeedGoogleMapsAPIKey","39.9844152","-77.0339661","1"
"1042","NeedGoogleMapsAPIKey","39.9763633","-77.0446899","1"
"1043","NeedGoogleMapsAPIKey","39.9773366","-77.0453506","1"
"1044","NeedGoogleMapsAPIKey","39.9836604","-77.0498004","1"
"1045","NeedGoogleMapsAPIKey","39.9778994","-77.0482541","1"
"1046","NeedGoogleMapsAPIKey","39.9814419","-77.05461","1"
"1047","NeedGoogleMapsAPIKey","39.9798823","-77.0300437","1"
"1048","NeedGoogleMapsAPIKey","39.9786511","-77.037386","1"
"1049","NeedGoogleMapsAPIKey","39.9816658","-77.0314314","1"
"1050","NeedGoogleMapsAPIKey","39.9827178","-77.0381339","1"
"1051","NeedGoogleMapsAPIKey","39.9781221","-77.046808","1"
"1052","NeedGoogleMapsAPIKey","39.9837569","-77.03377","1"
"1053","NeedGoogleMapsAPIKey","39.9785295","-77.0407192","1"
"1054","NeedGoogleMapsAPIKey","39.9847847","-77.0502062","1"
"1055","NeedGoogleMapsAPIKey","39.9805355","-77.0543541","1"
"1056","NeedGoogleMapsAPIKey","39.9845554","-77.0488576","1"
"1057","NeedGoogleMapsAPIKey","39.9759518","-77.040715","1"
"1058","NeedGoogleMapsAPIKey","39.9866722","-77.0458376","1"
"1059","NeedGoogleMapsAPIKey","39.9805019","-77.0335754","1"
"1060","NeedGoogleMapsAPIKey","39.985921","-77.035935","1"
"1061","NeedGoogleMapsAPIKey","39.9796798","-77.0325061","1"
"1062","NeedGoogleMapsAPIKey","39.9858242","-77.0482853","1"
"1063","NeedGoogleMapsAPIKey","39.9840696","-77.0322716","1"
"1064","NeedGoogleMapsAPIKey","39.9789305","-77.0543143","1"
"1065","NeedGoogleMapsAPIKey","39.9812101","-77.0422132","1"
"1066","NeedGoogleMapsAPIKey","39.9844146","-77.0371952","1"
"1067","NeedGoogleMapsAPIKey","39.9857091","-77.0333108","1"
"1068","NeedGoogleMapsAPIKey","39.9758471","-77.0462622","1"
"1069","NeedGoogleMapsAPIKey","39.9777553","-77.048454","1"
"1070","NeedGoogleMapsAPIKey","39.9811582","-77.0527442","1"
"1071","NeedGoogleMapsAPIKey","39.9811842","-77.0305018","1"
"1072","NeedGoogleMapsAPIKey","39.9739887","-77.0419364","1"
"1073","NeedGoogleMapsAPIKey","39.9804918","-77.0356477","1"
"1074","NeedGoogleMapsAPIKey","39.9805634","-77.0518315","1"
"1075","NeedGoogleMapsAPIKey","39.9751986","-77.0387593","1"
"1076","NeedGoogleMapsAPIKey","39.9868284","-77.0375165","1"
"1077","NeedGoogleMapsAPIKey","39.9775488","-77.0489842","1"
"1078","NeedGoogleMapsAPIKey","39.9831521","-77.0335517","1"
"1079","NeedGoogleMapsAPIKey","39.9837992","-77.0483764","1"
"1080","NeedGoogleMapsAPIKey","39.9854648","-77.0376293","1"
"1081","NeedGoogleMapsAPIKey","39.985149","-77.0492487","1"
"1082","NeedGoogleMapsAPIKey","39.9793275","-77.0408065","1"
"1083","NeedGoogleMapsAPIKey","39.9804222","-77.0298801","1"
"1084","NeedGoogleMapsAPIKey","39.9829418","-77.0342611","1"
"1085","NeedGoogleMapsAPIKey","39.9803798","-77.0440704","1"
"1086","NeedGoogleMapsAPIKey","39.9820241","-77.031709","1"
"1087","NeedGoogleMapsAPIKey","39.9796393","-77.0517937","1"
"1088","NeedGoogleMapsAPIKey","39.976273","-77.0368473","1"
"1089","NeedGoogleMapsAPIKey","39.9802936","-77.0527196","1"
"1090","NeedGoogleMapsAPIKey","39.9761948","-77.0470757","1"
"1091","NeedGoogleMapsAPIKey","39.9825624","-77.0424559","1"
"1092","NeedGoogleMapsAPIKey","39.9859942","-77.0342406","1"
"1093","NeedGoogleMapsAPIKey","39.9818602","-77.0354225","1"
"1094","NeedGoogleMapsAPIKey","39.9788419","-77.0486586","1"
"1095","NeedGoogleMapsAPIKey","39.9955369","-77.1170668","1"
"1096","NeedGoogleMapsAPIKey","39.9844257","-77.1166546","1"
"1097","NeedGoogleMapsAPIKey","39.9947207","-77.1114835","1"
"1098","NeedGoogleMapsAPIKey","39.9830154","-77.1003541","1"
"1099","NeedGoogleMapsAPIKey","39.9855075","-77.1103121","1"
"1100","NeedGoogleMapsAPIKey","39.9851408","-77.1230825","1"
"1101","NeedGoogleMapsAPIKey","39.9918381","-77.1208988","1"
"1102","NeedGoogleMapsAPIKey","39.9809577","-77.1192817","1"
"1103","NeedGoogleMapsAPIKey","39.9945171","-77.1169908","1"
"1104","NeedGoogleMapsAPIKey","39.9885787","-77.1217349","1"
"1105","NeedGoogleMapsAPIKey","39.9808837","-77.1129199","1"
"1106","NeedGoogleMapsAPIKey","39.9709073","-77.1089082","1"
"1107","NeedGoogleMapsAPIKey","39.9845283","-77.0995087","1"
"1108","NeedGoogleMapsAPIKey","39.9892911","-77.1170727","1"
"1109","NeedGoogleMapsAPIKey","39.9806204","-77.1056209","1"
"1110","NeedGoogleMapsAPIKey","39.986749","-77.113568","1"
"1111","NeedGoogleMapsAPIKey","39.9870635","-77.1144805","1"
"1112","NeedGoogleMapsAPIKey","39.9828907","-77.1246549","1"
"1113","NeedGoogleMapsAPIKey","39.9924803","-77.1198014","1"
"1114","NeedGoogleMapsAPIKey","39.9844305","-77.1173494","1"
"1115","NeedGoogleMapsAPIKey","39.9833654","-77.100136","1"
"1116","NeedGoogleMapsAPIKey","39.9871767","-77.1227377","1"
"1117","NeedGoogleMapsAPIKey","39.9826241","-77.1005696","1"
"1118","NeedGoogleMapsAPIKey","39.9935403","-77.1125038","1"
"1119","NeedGoogleMapsAPIKey","39.992201","-77.1174663","1"
"1120","NeedGoogleMapsAPIKey","39.9837626","-77.0999793","1"
"1121","NeedGoogleMapsAPIKey","39.9853581","-77.1161258","1"
"1122","NeedGoogleMapsAPIKey","39.9891829","-77.1206839","1"
"1123","NeedGoogleMapsAPIKey","39.9868951","-77.113977","1"
"1124","NeedGoogleMapsAPIKey","39.9882074","-77.1219297","1"
"1125","NeedGoogleMapsAPIKey","39.9950117","-77.1105198","1"
"1126","NeedGoogleMapsAPIKey","39.985237","-77.1031208","1"
"1127","NeedGoogleMapsAPIKey","39.9945509","-77.1177034","1"
"1128","NeedGoogleMapsAPIKey","39.9907556","-77.1170508","1"
"1129","NeedGoogleMapsAPIKey","39.9693035","-77.1104262","1"
"1130","NeedGoogleMapsAPIKey","39.9895335","-77.1171055","1"
"1131","NeedGoogleMapsAPIKey","39.9865556","-77.1162207","1"
"1132","NeedGoogleMapsAPIKey","39.9769825","-77.1035437","1"
"1133","NeedGoogleMapsAPIKey","39.9877749","-77.1171968","1"
"1134","NeedGoogleMapsAPIKey","39.9814264","-77.1010949","1"
"1135","NeedGoogleMapsAPIKey","39.9897453","-77.1209706","1"
"1136","NeedGoogleMapsAPIKey","39.9780494","-77.1030743","1"
"1137","NeedGoogleMapsAPIKey","39.992083","-77.1122654","1"
"1138","NeedGoogleMapsAPIKey","39.9964212","-77.1153922","1"
"1139","NeedGoogleMapsAPIKey","39.9828857","-77.1112558","1"
"1140","NeedGoogleMapsAPIKey","39.9922029","-77.1209465","1"
"1141","NeedGoogleMapsAPIKey","39.9800392","-77.101952","1"
"1142","NeedGoogleMapsAPIKey","39.983943","-77.1239808","1"
"1143","NeedGoogleMapsAPIKey","39.9941308","-77.1197734","1"
"1144","NeedGoogleMapsAPIKey","39.9810827","-77.1012841","1"
"1145","NeedGoogleMapsAPIKey","39.9863468","-77.0553163","1"
"1146","NeedGoogleMapsAPIKey","39.9938815","-77.0575385","1"
"1147","NeedGoogleMapsAPIKey","39.9855954","-77.053203","1"
"1148","NeedGoogleMapsAPIKey","39.9862348","-77.0510327","1"
"1149","NeedGoogleMapsAPIKey","39.9950744","-77.0559147","1"
"1150","NeedGoogleMapsAPIKey","39.9883148","-77.0467825","1"
"1151","NeedGoogleMapsAPIKey","39.9901543","-77.0473127","1"
"1152","NeedGoogleMapsAPIKey","39.9863741","-77.0528555","1"
"1153","NeedGoogleMapsAPIKey","39.9863464","-77.0536419","1"
"1154","NeedGoogleMapsAPIKey","39.993294","-77.0447912","1"
"1155","NeedGoogleMapsAPIKey","39.9898266","-77.0481597","1"
"1156","NeedGoogleMapsAPIKey","39.9956004","-77.0512453","1"
"1157","NeedGoogleMapsAPIKey","39.9950829","-77.0525503","1"
"1158","NeedGoogleMapsAPIKey","39.9862229","-77.0526672","1"
"1159","NeedGoogleMapsAPIKey","39.9852109","-77.0521477","1"
"1160","NeedGoogleMapsAPIKey","39.9940109","-77.0525523","1"
"1161","NeedGoogleMapsAPIKey","39.9887803","-77.0492129","1"
"1162","NeedGoogleMapsAPIKey","39.9860974","-77.0507262","1"
"1163","NeedGoogleMapsAPIKey","39.9926585","-77.0458522","1"
"1164","NeedGoogleMapsAPIKey","39.9909825","-77.0467707","1"
"1165","NeedGoogleMapsAPIKey","39.9920688","-77.0490788","1"
"1166","NeedGoogleMapsAPIKey","39.9885391","-77.0503828","1"
"1167","NeedGoogleMapsAPIKey","39.98998","-77.0457031","1"
"1168","NeedGoogleMapsAPIKey","39.9867154","-77.0603883","1"
"1169","NeedGoogleMapsAPIKey","39.9882837","-77.0489446","1"
"1170","NeedGoogleMapsAPIKey","39.9906879","-77.0474071","1"
"1171","NeedGoogleMapsAPIKey","39.9902308","-77.0453388","1"
"1172","NeedGoogleMapsAPIKey","39.9908211","-77.0480716","1"
"1173","NeedGoogleMapsAPIKey","39.986654","-77.0502376","1"
"1174","NeedGoogleMapsAPIKey","39.9923708","-77.0557378","1"
"1175","NeedGoogleMapsAPIKey","39.9858595","-77.0535387","1"
"1176","NeedGoogleMapsAPIKey","39.9991408","-77.0574727","1"
"1177","NeedGoogleMapsAPIKey","39.9920045","-77.0470298","1"
"1178","NeedGoogleMapsAPIKey","39.9890163","-77.0468673","1"
"1179","NeedGoogleMapsAPIKey","39.9916282","-77.0458842","1"
"1180","NeedGoogleMapsAPIKey","39.9879844","-77.0617684","1"
"1181","NeedGoogleMapsAPIKey","39.9952707","-77.0519969","1"
"1182","NeedGoogleMapsAPIKey","39.9922839","-77.047543","1"
"1183","NeedGoogleMapsAPIKey","39.9953941","-77.0471869","1"
"1184","NeedGoogleMapsAPIKey","39.9943704","-77.0515103","1"
"1185","NeedGoogleMapsAPIKey","39.9883077","-77.0483781","1"
"1186","NeedGoogleMapsAPIKey","39.9894163","-77.0451317","1"
"1187","NeedGoogleMapsAPIKey","39.9912787","-77.0475735","1"
"1188","NeedGoogleMapsAPIKey","39.9888801","-77.0486781","1"
"1189","NeedGoogleMapsAPIKey","39.9914776","-77.0569685","1"
"1190","NeedGoogleMapsAPIKey","39.9906328","-77.0487099","1"
"1191","NeedGoogleMapsAPIKey","39.9871437","-77.0526408","1"
"1192","NeedGoogleMapsAPIKey","39.9865861","-77.0537204","1"
"1193","NeedGoogleMapsAPIKey","39.9871322","-77.0523208","1"
"1194","NeedGoogleMapsAPIKey","39.9909341","-77.0463642","1"
"1195","NeedGoogleMapsAPIKey","39.9924385","-77.0618016","1"
"1196","NeedGoogleMapsAPIKey","39.9868022","-77.0506991","1"
"1197","NeedGoogleMapsAPIKey","39.9860984","-77.0537989","1"
"1198","NeedGoogleMapsAPIKey","39.9857203","-77.0525877","1"
"1199","NeedGoogleMapsAPIKey","39.9922578","-77.0482596","1"
"1200","NeedGoogleMapsAPIKey","39.9894662","-77.0480794","1"
"1201","NeedGoogleMapsAPIKey","39.9946337","-77.0510969","1"
"1202","NeedGoogleMapsAPIKey","39.9886132","-77.0468455","1"
"1203","NeedGoogleMapsAPIKey","39.9882673","-77.0513615","1"
"1204","NeedGoogleMapsAPIKey","39.9839752","-77.0545546","1"
"1205","NeedGoogleMapsAPIKey","39.9916426","-77.0491517","1"
"1206","NeedGoogleMapsAPIKey","39.9904125","-77.0451596","1"
"1207","NeedGoogleMapsAPIKey","39.9872054","-77.048701","1"
"1208","NeedGoogleMapsAPIKey","39.9902783","-77.0478182","1"
"1209","NeedGoogleMapsAPIKey","39.9909657","-77.0474898","1"
"1210","NeedGoogleMapsAPIKey","39.9895815","-77.0453929","1"
"1211","NeedGoogleMapsAPIKey","39.9985553","-77.0565964","1"
"1212","NeedGoogleMapsAPIKey","39.9880631","-77.0602577","1"
"1213","NeedGoogleMapsAPIKey","39.9868397","-77.0535702","1"
"1214","NeedGoogleMapsAPIKey","39.9863626","-77.0562417","1"
"1215","NeedGoogleMapsAPIKey","39.9879512","-77.0467039","1"
"1216","NeedGoogleMapsAPIKey","39.9914311","-77.047159","1"
"1217","NeedGoogleMapsAPIKey","39.9873707","-77.0342321","1"
"1218","NeedGoogleMapsAPIKey","39.9981525","-77.040306","1"
"1219","NeedGoogleMapsAPIKey","39.996179","-77.0374399","1"
"1220","NeedGoogleMapsAPIKey","39.995297","-77.0365034","1"
"1221","NeedGoogleMapsAPIKey","39.9879921","-77.0340622","1"
"1222","NeedGoogleMapsAPIKey","39.9912979","-77.0347245","1"
"1223","NeedGoogleMapsAPIKey","39.9923997","-77.0324938","1"
"1224","NeedGoogleMapsAPIKey","39.9917358","-77.0350286","1"
"1225","NeedGoogleMapsAPIKey","39.9869668","-77.0346575","1"
"1226","NeedGoogleMapsAPIKey","39.9986303","-77.0370085","1"
"1227","NeedGoogleMapsAPIKey","39.9964482","-77.0359043","1"
"1228","NeedGoogleMapsAPIKey","39.9941811","-77.0373155","1"
"1229","NeedGoogleMapsAPIKey","39.9904505","-77.0326021","1"
"1230","NeedGoogleMapsAPIKey","40.0006359","-77.03135","1"
"1231","NeedGoogleMapsAPIKey","40.0005881","-77.0280759","1"
"1232","NeedGoogleMapsAPIKey","39.9949016","-77.0355716","1"
"1233","NeedGoogleMapsAPIKey","39.9948718","-77.0398087","1"
"1234","NeedGoogleMapsAPIKey","39.9948933","-77.0319178","1"
"1235","NeedGoogleMapsAPIKey","40.0012223","-77.029943","1"
"1236","NeedGoogleMapsAPIKey","39.9938277","-77.0345286","1"
"1237","NeedGoogleMapsAPIKey","39.9916117","-77.0338437","1"
"1238","NeedGoogleMapsAPIKey","39.9913045","-77.0377715","1"
"1239","NeedGoogleMapsAPIKey","39.9928121","-77.0354902","1"
"1240","NeedGoogleMapsAPIKey","39.9906737","-77.0352877","1"
"1241","NeedGoogleMapsAPIKey","39.9934574","-77.0357505","1"
"1242","NeedGoogleMapsAPIKey","39.9862762","-77.0321969","1"
"1243","NeedGoogleMapsAPIKey","39.9906799","-77.032951","1"
"1244","NeedGoogleMapsAPIKey","39.9886915","-77.0363365","1"
"1245","NeedGoogleMapsAPIKey","39.992943","-77.0378246","1"
"1246","NeedGoogleMapsAPIKey","39.9872007","-77.0349657","1"
"1247","NeedGoogleMapsAPIKey","39.9881516","-77.0352208","1"
"1248","NeedGoogleMapsAPIKey","39.9937698","-77.0380448","1"
"1249","NeedGoogleMapsAPIKey","39.9988207","-77.0292084","1"
"1250","NeedGoogleMapsAPIKey","39.9992763","-77.0351797","1"
"1251","NeedGoogleMapsAPIKey","39.9957656","-77.0366752","1"
"1252","NeedGoogleMapsAPIKey","39.9908753","-77.0343334","1"
"1253","NeedGoogleMapsAPIKey","39.9949376","-77.0372477","1"
"1254","NeedGoogleMapsAPIKey","39.9890177","-77.0331674","1"
"1255","NeedGoogleMapsAPIKey","39.9879028","-77.0344998","1"
"1256","NeedGoogleMapsAPIKey","39.9904222","-77.0296342","1"
"1257","NeedGoogleMapsAPIKey","39.990908","-77.0354214","1"
"1258","NeedGoogleMapsAPIKey","39.9910548","-77.0375215","1"
"1259","NeedGoogleMapsAPIKey","39.9984097","-77.0376084","1"
"1260","NeedGoogleMapsAPIKey","39.9927977","-77.0338212","1"
"1261","NeedGoogleMapsAPIKey","39.9926676","-77.0357271","1"
"1262","NeedGoogleMapsAPIKey","39.9938183","-77.0329916","1"
"1263","NeedGoogleMapsAPIKey","39.9887979","-77.0350119","1"
"1264","NeedGoogleMapsAPIKey","39.9897614","-77.0332801","1"
"1265","NeedGoogleMapsAPIKey","39.9901544","-77.0333616","1"
"1266","NeedGoogleMapsAPIKey","39.9970825","-77.0441856","1"
"1267","NeedGoogleMapsAPIKey","39.9861756","-77.033301","1"
"1268","NeedGoogleMapsAPIKey","39.999476","-77.0343281","1"
"1269","NeedGoogleMapsAPIKey","39.9936927","-77.0336045","1"
"1270","NeedGoogleMapsAPIKey","39.9883931","-77.0352278","1"
"1271","NeedGoogleMapsAPIKey","39.9921671","-77.035074","1"
"1272","NeedGoogleMapsAPIKey","39.9900329","-77.0325149","1"
"1273","NeedGoogleMapsAPIKey","39.9967584","-77.028495","1"
"1274","NeedGoogleMapsAPIKey","39.9898688","-77.0346075","1"
"1275","NeedGoogleMapsAPIKey","39.9953213","-77.0394827","1"
"1276","NeedGoogleMapsAPIKey","39.9933273","-77.034862","1"
"1277","NeedGoogleMapsAPIKey","39.9926399","-77.0330801","1"
"1278","NeedGoogleMapsAPIKey","39.9939247","-77.0327469","1"
"1279","NeedGoogleMapsAPIKey","39.9996556","-77.0291956","1"
"1280","NeedGoogleMapsAPIKey","39.9924097","-77.0343156","1"
"1281","NeedGoogleMapsAPIKey","39.9936436","-77.0338735","1"
"1282","NeedGoogleMapsAPIKey","39.9934973","-77.0318161","1"
"1283","NeedGoogleMapsAPIKey","39.9959697","-77.0385042","1"
"1284","NeedGoogleMapsAPIKey","39.9931792","-77.0379786","1"
"1285","NeedGoogleMapsAPIKey","39.9890026","-77.0314171","1"
"1286","NeedGoogleMapsAPIKey","39.99559","-77.0404217","1"
"1287","NeedGoogleMapsAPIKey","39.9957536","-77.0370982","1"
"1288","NeedGoogleMapsAPIKey","39.9955202","-77.0338037","1"
"1289","NeedGoogleMapsAPIKey","39.9948306","-77.0390209","1"
"1290","NeedGoogleMapsAPIKey","39.9913613","-77.0249455","1"
"1291","NeedGoogleMapsAPIKey","39.9919888","-77.0336605","1"
"1292","NeedGoogleMapsAPIKey","39.9884858","-77.0337905","1"
"1293","NeedGoogleMapsAPIKey","39.988882","-77.0339594","1"
"1294","NeedGoogleMapsAPIKey","39.9974485","-77.0342164","1"
"1295","NeedGoogleMapsAPIKey","39.9911985","-77.0323263","1"
"1296","NeedGoogleMapsAPIKey","39.9922988","-77.038621","1"
"1297","NeedGoogleMapsAPIKey","39.9945351","-77.0352447","1"
"1298","NeedGoogleMapsAPIKey","39.9927958","-77.0351838","1"
"1299","NeedGoogleMapsAPIKey","39.9956567","-77.0350352","1"
"1300","NeedGoogleMapsAPIKey","39.9981557","-77.0380582","1"
"1301","NeedGoogleMapsAPIKey","39.9897534","-77.0277569","1"
"1302","NeedGoogleMapsAPIKey","39.9965355","-77.0348072","1"
"1303","NeedGoogleMapsAPIKey","39.9887877","-77.0322408","1"
"1304","NeedGoogleMapsAPIKey","39.9914498","-77.0331773","1"
"1305","NeedGoogleMapsAPIKey","39.9902346","-77.0325074","1"
"1306","NeedGoogleMapsAPIKey","39.992404","-77.0333255","1"
"1307","NeedGoogleMapsAPIKey","39.9929476","-77.0321391","1"
"1308","NeedGoogleMapsAPIKey","39.9946548","-77.0378222","1"
"1309","NeedGoogleMapsAPIKey","39.9871715","-77.0338345","1"
"1310","NeedGoogleMapsAPIKey","39.9946873","-77.0329343","1"
"1311","NeedGoogleMapsAPIKey","39.9957499","-77.0332527","1"
"1312","NeedGoogleMapsAPIKey","39.9934519","-77.0326118","1"
"1313","NeedGoogleMapsAPIKey","39.9888462","-77.0331526","1"
"1314","NeedGoogleMapsAPIKey","39.9945582","-77.0332098","1"
"1315","NeedGoogleMapsAPIKey","39.9894194","-77.0323817","1"
"1316","NeedGoogleMapsAPIKey","39.9967602","-77.0234013","1"
"1317","NeedGoogleMapsAPIKey","39.9966128","-77.0440179","1"
"1318","NeedGoogleMapsAPIKey","39.9954358","-77.0387177","1"
"1319","NeedGoogleMapsAPIKey","39.9965358","-77.0444601","1"
"1320","NeedGoogleMapsAPIKey","39.9923128","-77.0346148","1"
"1321","NeedGoogleMapsAPIKey","39.994958","-77.0321978","1"
"1322","NeedGoogleMapsAPIKey","39.9918141","-77.0337201","1"
"1323","NeedGoogleMapsAPIKey","39.9942842","-77.036691","1"
"1324","NeedGoogleMapsAPIKey","39.9909079","-77.0373919","1"
"1325","NeedGoogleMapsAPIKey","39.9935908","-77.0347583","1"
"1326","NeedGoogleMapsAPIKey","39.9956323","-77.0443728","1"
"1327","NeedGoogleMapsAPIKey","39.9964575","-77.0356165","1"
"1328","NeedGoogleMapsAPIKey","39.9916572","-77.0329865","1"
"1329","NeedGoogleMapsAPIKey","39.9941513","-77.0324007","1"
"1330","NeedGoogleMapsAPIKey","39.990777","-77.0361819","1"
"1331","NeedGoogleMapsAPIKey","39.9911225","-77.0366192","1"
"1332","NeedGoogleMapsAPIKey","39.9932323","-77.0331124","1"
"1333","NeedGoogleMapsAPIKey","39.9911343","-77.0330865","1"
"1334","NeedGoogleMapsAPIKey","39.9899596","-77.0364508","1"
"1335","NeedGoogleMapsAPIKey","39.9890171","-77.0363034","1"
"1336","NeedGoogleMapsAPIKey","39.9930529","-77.03648","1"
"1337","NeedGoogleMapsAPIKey","39.9953828","-77.0390975","1"
"1338","NeedGoogleMapsAPIKey","39.9918785","-77.0381857","1"
"1339","NeedGoogleMapsAPIKey","39.9911891","-77.0326253","1"
"1340","NeedGoogleMapsAPIKey","39.9942862","-77.038442","1"
"1341","NeedGoogleMapsAPIKey","39.9923636","-77.0376436","1"
"1342","NeedGoogleMapsAPIKey","39.9925846","-77.0323741","1"
"1343","NeedGoogleMapsAPIKey","39.9921498","-77.0384311","1"
"1344","NeedGoogleMapsAPIKey","39.999104","-77.1112437","1"
"1345","NeedGoogleMapsAPIKey","39.9999169","-77.1108595","1"
"1346","NeedGoogleMapsAPIKey","40.0013897","-77.1119173","1"
"1347","NeedGoogleMapsAPIKey","40.0058966","-77.1124459","1"
"1348","NeedGoogleMapsAPIKey","40.0046054","-77.1130022","1"
"1349","NeedGoogleMapsAPIKey","40.0010029","-77.1090575","1"
"1350","NeedGoogleMapsAPIKey","40.0063778","-77.1085576","1"
"1351","NeedGoogleMapsAPIKey","40.0062444","-77.1128742","1"
"1352","NeedGoogleMapsAPIKey","40.0001918","-77.1131051","1"
"1353","NeedGoogleMapsAPIKey","40.003785","-77.1099549","1"
"1354","NeedGoogleMapsAPIKey","39.9985383","-77.1138309","1"
"1355","NeedGoogleMapsAPIKey","40.0026006","-77.1084957","1"
"1356","NeedGoogleMapsAPIKey","40.0041271","-77.1129355","1"
"1357","NeedGoogleMapsAPIKey","40.0064083","-77.1116886","1"
"1358","NeedGoogleMapsAPIKey","40.0060524","-77.1072866","1"
"1359","NeedGoogleMapsAPIKey","40.0057063","-77.1116844","1"
"1360","NeedGoogleMapsAPIKey","40.0063879","-77.1069798","1"
"1361","NeedGoogleMapsAPIKey","40.0047228","-77.1095691","1"
"1362","NeedGoogleMapsAPIKey","40.0040667","-77.1102382","1"
"1363","NeedGoogleMapsAPIKey","39.9992003","-77.1115696","1"
"1364","NeedGoogleMapsAPIKey","40.0033622","-77.1108257","1"
"1365","NeedGoogleMapsAPIKey","39.9996586","-77.1050269","1"
"1366","NeedGoogleMapsAPIKey","40.0044322","-77.1124896","1"
"1367","NeedGoogleMapsAPIKey","40.0073386","-77.1081886","1"
"1368","NeedGoogleMapsAPIKey","40.0006738","-77.1108274","1"
"1369","NeedGoogleMapsAPIKey","40.0041769","-77.1069882","1"
"1370","NeedGoogleMapsAPIKey","40.004925","-77.1112219","1"
"1371","NeedGoogleMapsAPIKey","40.0007344","-77.1092747","1"
"1372","NeedGoogleMapsAPIKey","40.0065057","-77.1081204","1"
"1373","NeedGoogleMapsAPIKey","40.0063217","-77.1129174","1"
"1374","NeedGoogleMapsAPIKey","39.9987933","-77.1106076","1"
"1375","NeedGoogleMapsAPIKey","39.9994476","-77.1118412","1"
"1376","NeedGoogleMapsAPIKey","40.0012919","-77.1066874","1"
"1377","NeedGoogleMapsAPIKey","40.0050149","-77.1113383","1"
"1378","NeedGoogleMapsAPIKey","40.0043775","-77.110031","1"
"1379","NeedGoogleMapsAPIKey","40.0069656","-77.1060909","1"
"1380","NeedGoogleMapsAPIKey","40.0016036","-77.1108424","1"
"1381","NeedGoogleMapsAPIKey","40.0088587","-77.1049904","1"
"1382","NeedGoogleMapsAPIKey","40.0036579","-77.1105999","1"
"1383","NeedGoogleMapsAPIKey","40.002801","-77.107553","1"
"1384","NeedGoogleMapsAPIKey","40.0036012","-77.1106831","1"
"1385","NeedGoogleMapsAPIKey","39.9941237","-77.1036536","1"
"1386","NeedGoogleMapsAPIKey","40.0080853","-77.1110677","1"
"1387","NeedGoogleMapsAPIKey","40.00694","-77.1085193","1"
"1388","NeedGoogleMapsAPIKey","39.9993048","-77.1130404","1"
"1389","NeedGoogleMapsAPIKey","39.9971728","-77.0986709","1"
"1390","NeedGoogleMapsAPIKey","40.004431","-77.1061789","1"
"1391","NeedGoogleMapsAPIKey","40.0024873","-77.1156925","1"
"1392","NeedGoogleMapsAPIKey","39.9888666","-77.0901204","1"
"1393","NeedGoogleMapsAPIKey","40.0077287","-77.1056713","1"
"1394","NeedGoogleMapsAPIKey","40.0063199","-77.1077064","1"
"1395","NeedGoogleMapsAPIKey","40.0057609","-77.1094988","1"
"1396","NeedGoogleMapsAPIKey","40.0018565","-77.1075203","1"
"1397","NeedGoogleMapsAPIKey","40.0029152","-77.1081252","1"
"1398","NeedGoogleMapsAPIKey","40.0063984","-77.1096121","1"
"1399","NeedGoogleMapsAPIKey","39.999204","-77.1092531","1"
"1400","NeedGoogleMapsAPIKey","40.0052821","-77.1007879","1"
"1401","NeedGoogleMapsAPIKey","40.0002762","-77.1096775","1"
"1402","NeedGoogleMapsAPIKey","40.0050736","-77.1087094","1"
"1403","NeedGoogleMapsAPIKey","39.9978915","-77.101377","1"
"1404","NeedGoogleMapsAPIKey","40.007205","-77.1114744","1"
"1405","NeedGoogleMapsAPIKey","40.0058515","-77.1106307","1"
"1406","NeedGoogleMapsAPIKey","39.9952767","-77.1018967","1"
"1407","NeedGoogleMapsAPIKey","40.0039388","-77.1102558","1"
"1408","NeedGoogleMapsAPIKey","40.0071331","-77.1124927","1"
"1409","NeedGoogleMapsAPIKey","40.0059658","-77.1039678","1"
"1410","NeedGoogleMapsAPIKey","40.0033989","-77.1108804","1"
"1411","NeedGoogleMapsAPIKey","39.9994805","-77.1035548","1"
"1412","NeedGoogleMapsAPIKey","40.0012299","-77.1088478","1"
"1413","NeedGoogleMapsAPIKey","39.9994498","-77.1097836","1"
"1414","NeedGoogleMapsAPIKey","40.0075497","-77.1119182","1"
"1415","NeedGoogleMapsAPIKey","40.0011784","-77.1103965","1"
"1416","NeedGoogleMapsAPIKey","39.9996633","-77.1111031","1"
"1417","NeedGoogleMapsAPIKey","40.0004865","-77.1089025","1"
"1418","NeedGoogleMapsAPIKey","40.0043834","-77.1075109","1"
"1419","NeedGoogleMapsAPIKey","40.0068375","-77.0949434","1"
"1420","NeedGoogleMapsAPIKey","39.9987005","-77.1102509","1"
"1421","NeedGoogleMapsAPIKey","40.0049755","-77.1112866","1"
"1422","NeedGoogleMapsAPIKey","40.0060409","-77.110248","1"
"1423","NeedGoogleMapsAPIKey","40.0070593","-77.1112634","1"
"1424","NeedGoogleMapsAPIKey","40.0066389","-77.1126892","1"
"1425","NeedGoogleMapsAPIKey","40.0054684","-77.1001758","1"
"1426","NeedGoogleMapsAPIKey","40.0037867","-77.110267","1"
"1427","NeedGoogleMapsAPIKey","39.9992613","-77.1099237","1"
"1428","NeedGoogleMapsAPIKey","40.0040247","-77.1055036","1"
"1429","NeedGoogleMapsAPIKey","40.0043007","-77.1105516","1"
"1430","NeedGoogleMapsAPIKey","40.0056348","-77.105155","1"
"1431","NeedGoogleMapsAPIKey","40.0042351","-77.1084277","1"
"1432","NeedGoogleMapsAPIKey","40.00655","-77.0938962","1"
"1433","NeedGoogleMapsAPIKey","39.9999648","-77.1087171","1"
"1434","NeedGoogleMapsAPIKey","40.0005104","-77.1118774","1"
"1435","NeedGoogleMapsAPIKey","40.0044606","-77.1107246","1"
"1436","NeedGoogleMapsAPIKey","40.0059468","-77.1119802","1"
"1437","NeedGoogleMapsAPIKey","40.0059346","-77.1104472","1"
"1438","NeedGoogleMapsAPIKey","39.9996979","-77.1120489","1"
"1439","NeedGoogleMapsAPIKey","40.0060978","-77.1101471","1"
"1440","NeedGoogleMapsAPIKey","40.001535","-77.1087651","1"
"1441","NeedGoogleMapsAPIKey","40.0058787","-77.1081198","1"
"1442","NeedGoogleMapsAPIKey","40.0051164","-77.1080844","1"
"1443","NeedGoogleMapsAPIKey","40.0050626","-77.1109","1"
"1444","NeedGoogleMapsAPIKey","40.0054976","-77.1106646","1"
"1445","NeedGoogleMapsAPIKey","40.0047055","-77.103873","1"
"1446","NeedGoogleMapsAPIKey","40.0049284","-77.110701","1"
"1447","NeedGoogleMapsAPIKey","40.0079285","-77.1108703","1"
"1448","NeedGoogleMapsAPIKey","40.0042195","-77.1126669","1"
"1449","NeedGoogleMapsAPIKey","40.0012854","-77.1096514","1"
"1450","NeedGoogleMapsAPIKey","40.0060555","-77.112097","1"
"1451","NeedGoogleMapsAPIKey","40.006407","-77.1110939","1"
"1452","NeedGoogleMapsAPIKey","40.0074671","-77.1078951","1"
"1453","NeedGoogleMapsAPIKey","40.0073754","-77.1116581","1"
"1454","NeedGoogleMapsAPIKey","40.0050329","-77.1122759","1"
"1455","NeedGoogleMapsAPIKey","40.0061799","-77.1078076","1"
"1456","NeedGoogleMapsAPIKey","40.0032317","-77.1092538","1"
"1457","NeedGoogleMapsAPIKey","40.004862","-77.1096946","1"
"1458","NeedGoogleMapsAPIKey","40.0058569","-77.1074399","1"
"1459","NeedGoogleMapsAPIKey","40.0048382","-77.1106279","1"
"1460","NeedGoogleMapsAPIKey","40.0031642","-77.1104819","1"
"1461","NeedGoogleMapsAPIKey","40.0003524","-77.1104601","1"
"1462","NeedGoogleMapsAPIKey","40.0021024","-77.109075","1"
"1463","NeedGoogleMapsAPIKey","40.0073019","-77.1102477","1"
"1464","NeedGoogleMapsAPIKey","40.0054253","-77.1119619","1"
"1465","NeedGoogleMapsAPIKey","39.9995823","-77.110306","1"
"1466","NeedGoogleMapsAPIKey","39.9985628","-77.1003346","1"
"1467","NeedGoogleMapsAPIKey","40.000085","-77.1092943","1"
"1468","NeedGoogleMapsAPIKey","39.9989617","-77.1109141","1"
"1469","NeedGoogleMapsAPIKey","40.006525","-77.1132641","1"
"1470","NeedGoogleMapsAPIKey","40.003327","-77.1107803","1"
"1471","NeedGoogleMapsAPIKey","40.0061971","-77.1100017","1"
"1472","NeedGoogleMapsAPIKey","40.0074682","-77.1074117","1"
"1473","NeedGoogleMapsAPIKey","40.0109218","-77.1174685","1"
"1474","NeedGoogleMapsAPIKey","40.0083338","-77.1128356","1"
"1475","NeedGoogleMapsAPIKey","40.0191142","-77.117266","1"
"1476","NeedGoogleMapsAPIKey","40.0072561","-77.1141659","1"
"1477","NeedGoogleMapsAPIKey","40.0102345","-77.1175053","1"
"1478","NeedGoogleMapsAPIKey","40.0148527","-77.1191306","1"
"1479","NeedGoogleMapsAPIKey","40.0140628","-77.112173","1"
"1480","NeedGoogleMapsAPIKey","40.0076527","-77.11515","1"
"1481","NeedGoogleMapsAPIKey","40.0068406","-77.1181049","1"
"1482","NeedGoogleMapsAPIKey","40.0084138","-77.1168633","1"
"1483","NeedGoogleMapsAPIKey","40.0097059","-77.1178757","1"
"1484","NeedGoogleMapsAPIKey","40.0067545","-77.1163564","1"
"1485","NeedGoogleMapsAPIKey","40.0080589","-77.1132778","1"
"1486","NeedGoogleMapsAPIKey","40.0071246","-77.1139712","1"
"1487","NeedGoogleMapsAPIKey","40.0051041","-77.1188009","1"
"1488","NeedGoogleMapsAPIKey","40.0069118","-77.1161144","1"
"1489","NeedGoogleMapsAPIKey","40.0116515","-77.1173275","1"
"1490","NeedGoogleMapsAPIKey","40.0136156","-77.1318298","1"
"1491","NeedGoogleMapsAPIKey","40.0069927","-77.1132804","1"
"1492","NeedGoogleMapsAPIKey","40.0099078","-77.1167761","1"
"1493","NeedGoogleMapsAPIKey","40.0078728","-77.1149587","1"
"1494","NeedGoogleMapsAPIKey","40.0129812","-77.1183891","1"
"1495","NeedGoogleMapsAPIKey","40.016954","-77.1223912","1"
"1496","NeedGoogleMapsAPIKey","40.0147728","-77.1202151","1"
"1497","NeedGoogleMapsAPIKey","40.0101957","-77.1185105","1"
"1498","NeedGoogleMapsAPIKey","40.0094975","-77.1158466","1"
"1499","NeedGoogleMapsAPIKey","40.0069459","-77.1176084","1"
"1500","NeedGoogleMapsAPIKey","40.0078404","-77.1122864","1"
"1501","NeedGoogleMapsAPIKey","40.0054047","-77.1209221","1"
"1502","NeedGoogleMapsAPIKey","40.006943","-77.1158849","1"
"1503","NeedGoogleMapsAPIKey","40.0095714","-77.1164847","1"
"1504","NeedGoogleMapsAPIKey","40.0184734","-77.119168","1"
"1505","NeedGoogleMapsAPIKey","40.0062375","-77.1234491","1"
"1506","NeedGoogleMapsAPIKey","40.0101497","-77.1179292","1"
"1507","NeedGoogleMapsAPIKey","40.0097401","-77.1177673","1"
"1508","NeedGoogleMapsAPIKey","40.0100542","-77.1168532","1"
"1509","NeedGoogleMapsAPIKey","40.0073107","-77.1142306","1"
"1510","NeedGoogleMapsAPIKey","40.0124356","-77.1162675","1"
"1511","NeedGoogleMapsAPIKey","40.0107821","-77.1174401","1"
"1512","NeedGoogleMapsAPIKey","40.0087966","-77.1153101","1"
"1513","NeedGoogleMapsAPIKey","40.0155686","-77.1173304","1"
"1514","NeedGoogleMapsAPIKey","40.0087962","-77.1158703","1"
"1515","NeedGoogleMapsAPIKey","40.0091209","-77.1161531","1"
"1516","NeedGoogleMapsAPIKey","40.0107306","-77.1173417","1"
"1517","NeedGoogleMapsAPIKey","40.0164985","-77.1227243","1"
"1518","NeedGoogleMapsAPIKey","40.0075021","-77.113839","1"
"1519","NeedGoogleMapsAPIKey","40.0075787","-77.1127048","1"
"1520","NeedGoogleMapsAPIKey","40.0079889","-77.1151601","1"
"1521","NeedGoogleMapsAPIKey","40.0175533","-77.1243962","1"
"1522","NeedGoogleMapsAPIKey","40.0100219","-77.1169508","1"
"1523","NeedGoogleMapsAPIKey","40.0089267","-77.115996","1"
"1524","NeedGoogleMapsAPIKey","40.0105327","-77.1182","1"
"1525","NeedGoogleMapsAPIKey","40.0142837","-77.1203042","1"
"1526","NeedGoogleMapsAPIKey","40.0062036","-77.1194619","1"
"1527","NeedGoogleMapsAPIKey","40.0068567","-77.113582","1"
"1528","NeedGoogleMapsAPIKey","40.0080165","-77.1117084","1"
"1529","NeedGoogleMapsAPIKey","40.0144983","-77.1192246","1"
"1530","NeedGoogleMapsAPIKey","40.0099441","-77.1171366","1"
"1531","NeedGoogleMapsAPIKey","40.010297","-77.1180259","1"
"1532","NeedGoogleMapsAPIKey","40.0103426","-77.1180649","1"
"1533","NeedGoogleMapsAPIKey","40.0079529","-77.1144261","1"
"1534","NeedGoogleMapsAPIKey","40.0067567","-77.113459","1"
"1535","NeedGoogleMapsAPIKey","40.0074114","-77.1144207","1"
"1536","NeedGoogleMapsAPIKey","40.0069576","-77.1157902","1"
"1537","NeedGoogleMapsAPIKey","40.0077479","-77.1129103","1"
"1538","NeedGoogleMapsAPIKey","40.007904","-77.1130963","1"
"1539","NeedGoogleMapsAPIKey","40.0105165","-77.1159621","1"
"1540","NeedGoogleMapsAPIKey","40.010392","-77.1180964","1"
"1541","NeedGoogleMapsAPIKey","40.0076582","-77.1145913","1"
"1542","NeedGoogleMapsAPIKey","40.0071581","-77.1134504","1"
"1543","NeedGoogleMapsAPIKey","40.0136455","-77.1239446","1"
"1544","NeedGoogleMapsAPIKey","40.0166665","-77.2120601","1"
"1545","NeedGoogleMapsAPIKey","40.0179844","-77.2030239","1"
"1546","NeedGoogleMapsAPIKey","40.0247796","-77.2016254","1"
"1547","NeedGoogleMapsAPIKey","40.0155419","-77.20823","1"
"1548","NeedGoogleMapsAPIKey","40.0138973","-77.2012496","1"
"1549","NeedGoogleMapsAPIKey","40.0224295","-77.2017385","1"
"1550","NeedGoogleMapsAPIKey","40.0271194","-77.1989398","1"
"1551","NeedGoogleMapsAPIKey","40.0181748","-77.2133631","1"
"1552","NeedGoogleMapsAPIKey","40.0160311","-77.2001593","1"
"1553","NeedGoogleMapsAPIKey","40.0146811","-77.2024699","1"
"1554","NeedGoogleMapsAPIKey","40.0112608","-77.1856026","1"
"1555","NeedGoogleMapsAPIKey","40.0161977","-77.2117037","1"
"1556","NeedGoogleMapsAPIKey","40.020726","-77.2020907","1"
"1557","NeedGoogleMapsAPIKey","40.0269088","-77.202523","1"
"1558","NeedGoogleMapsAPIKey","40.0269878","-77.1982289","1"
"1559","NeedGoogleMapsAPIKey","40.015673","-77.2076212","1"
"1560","NeedGoogleMapsAPIKey","40.0153191","-77.2108976","1"
"1561","NeedGoogleMapsAPIKey","40.0152529","-77.2104029","1"
"1562","NeedGoogleMapsAPIKey","40.0103497","-77.1877469","1"
"1563","NeedGoogleMapsAPIKey","40.0153586","-77.2055645","1"
"1564","NeedGoogleMapsAPIKey","40.0140606","-77.2028563","1"
"1565","NeedGoogleMapsAPIKey","40.015469","-77.2002837","1"
"1566","NeedGoogleMapsAPIKey","40.0172323","-77.2127119","1"
"1567","NeedGoogleMapsAPIKey","40.0216437","-77.2020358","1"
"1568","NeedGoogleMapsAPIKey","40.0181718","-77.2030189","1"
"1569","NeedGoogleMapsAPIKey","40.0143549","-77.19862","1"
"1570","NeedGoogleMapsAPIKey","40.0156214","-77.202863","1"
"1571","NeedGoogleMapsAPIKey","40.0156574","-77.2089509","1"
"1572","NeedGoogleMapsAPIKey","40.0176115","-77.2133634","1"
"1573","NeedGoogleMapsAPIKey","40.0149219","-77.2024305","1"
"1574","NeedGoogleMapsAPIKey","40.0114276","-77.190947","1"
"1575","NeedGoogleMapsAPIKey","40.0223752","-77.202213","1"
"1576","NeedGoogleMapsAPIKey","40.0212614","-77.1933382","1"
"1577","NeedGoogleMapsAPIKey","40.0188411","-77.2125982","1"
"1578","NeedGoogleMapsAPIKey","40.0067568","-77.1897923","1"
"1579","NeedGoogleMapsAPIKey","40.0152649","-77.2028483","1"
"1580","NeedGoogleMapsAPIKey","40.0181402","-77.2143305","1"
"1581","NeedGoogleMapsAPIKey","40.0144514","-77.1994523","1"
"1582","NeedGoogleMapsAPIKey","40.0161025","-77.2024194","1"
"1583","NeedGoogleMapsAPIKey","40.0145271","-77.2018319","1"
"1584","NeedGoogleMapsAPIKey","40.0122304","-77.1890221","1"
"1585","NeedGoogleMapsAPIKey","40.0145274","-77.2027803","1"
"1586","NeedGoogleMapsAPIKey","40.0195308","-77.2138304","1"
"1587","NeedGoogleMapsAPIKey","40.0169069","-77.2024757","1"
"1588","NeedGoogleMapsAPIKey","40.0154517","-77.2067995","1"
"1589","NeedGoogleMapsAPIKey","40.022771","-77.2137187","1"
"1590","NeedGoogleMapsAPIKey","40.0219195","-77.2019597","1"
"1591","NeedGoogleMapsAPIKey","40.0141599","-77.2024479","1"
"1592","NeedGoogleMapsAPIKey","40.0156692","-77.2128127","1"
"1593","NeedGoogleMapsAPIKey","40.0142583","-77.1980745","1"
"1594","NeedGoogleMapsAPIKey","40.0233203","-77.2018979","1"
"1595","NeedGoogleMapsAPIKey","40.0227264","-77.1886485","1"
"1596","NeedGoogleMapsAPIKey","40.0175572","-77.2148743","1"
"1597","NeedGoogleMapsAPIKey","40.0176024","-77.2029588","1"
"1598","NeedGoogleMapsAPIKey","40.0183588","-77.1915123","1"
"1599","NeedGoogleMapsAPIKey","40.0172692","-77.201695","1"
"1600","NeedGoogleMapsAPIKey","40.018275","-77.2158445","1"
"1601","NeedGoogleMapsAPIKey","40.017543","-77.2024005","1"
"1602","NeedGoogleMapsAPIKey","40.0216168","-77.202425","1"
"1603","NeedGoogleMapsAPIKey","40.0190606","-77.2137894","1"
"1","Bermudian Springs El Sch","39.97999","-77.08449"
"2","Bermudian Springs HS","39.97999","-77.08449"
"3","Bermudian Springs MS","39.97999","-77.08449"
