"Bermudian Springs School District","1","549","50","50"
"1","NeedGoogleMapsAPIKey","39.9197862","-77.0514453","1"
"2","NeedGoogleMapsAPIKey","39.921731","-77.0538996","1"
"3","NeedGoogleMapsAPIKey","39.9203271","-77.0521376","1"
"4","NeedGoogleMapsAPIKey","39.9213107","-77.0527954","1"
"5","NeedGoogleMapsAPIKey","39.9198233","-77.051188","1"
"6","NeedGoogleMapsAPIKey","39.9236062","-77.0545045","1"
"7","NeedGoogleMapsAPIKey","39.9206917","-77.0523287","1"
"8","NeedGoogleMapsAPIKey","39.9202824","-77.0514602","1"
"9","NeedGoogleMapsAPIKey","39.9237818","-77.0541938","1"
"10","NeedGoogleMapsAPIKey","39.9218492","-77.0533589","1"
"11","NeedGoogleMapsAPIKey","39.9220528","-77.0521888","1"
"12","NeedGoogleMapsAPIKey","39.918884","-77.0504411","1"
"13","NeedGoogleMapsAPIKey","39.9185134","-77.0503248","1"
"14","NeedGoogleMapsAPIKey","39.9194539","-77.0509833","1"
"15","NeedGoogleMapsAPIKey","39.9224748","-77.0529478","1"
"16","NeedGoogleMapsAPIKey","39.9196158","-77.0519426","1"
"17","NeedGoogleMapsAPIKey","39.9233445","-77.0555793","1"
"18","NeedGoogleMapsAPIKey","39.9231859","-77.0539415","1"
"19","NeedGoogleMapsAPIKey","39.9226621","-77.053718","1"
"20","NeedGoogleMapsAPIKey","39.9190779","-77.0509421","1"
"21","NeedGoogleMapsAPIKey","39.9242757","-77.0559724","1"
"22","NeedGoogleMapsAPIKey","39.9197314","-77.0519489","1"
"23","NeedGoogleMapsAPIKey","39.91905","-77.0511151","1"
"24","NeedGoogleMapsAPIKey","39.9205672","-77.0522765","1"
"25","NeedGoogleMapsAPIKey","39.9194755","-77.0508024","1"
"26","NeedGoogleMapsAPIKey","39.9227766","-77.0543498","1"
"27","NeedGoogleMapsAPIKey","39.9286677","-77.059294","1"
"28","NeedGoogleMapsAPIKey","39.9284482","-77.0577851","1"
"29","NeedGoogleMapsAPIKey","39.9307675","-77.0561198","1"
"30","NeedGoogleMapsAPIKey","39.9301671","-77.0732043","1"
"31","NeedGoogleMapsAPIKey","39.9295798","-77.0585952","1"
"32","NeedGoogleMapsAPIKey","39.9289401","-77.0599165","1"
"33","NeedGoogleMapsAPIKey","39.9286142","-77.0594957","1"
"34","NeedGoogleMapsAPIKey","39.9326007","-77.0579126","1"
"35","NeedGoogleMapsAPIKey","39.9212499","-77.0821283","1"
"36","NeedGoogleMapsAPIKey","39.9343156","-77.0599035","1"
"37","NeedGoogleMapsAPIKey","39.9290901","-77.0584585","1"
"38","NeedGoogleMapsAPIKey","39.9345682","-77.0598335","1"
"39","NeedGoogleMapsAPIKey","39.929545","-77.0586936","1"
"40","NeedGoogleMapsAPIKey","39.9333616","-77.0680666","1"
"41","NeedGoogleMapsAPIKey","39.9281686","-77.0571879","1"
"42","NeedGoogleMapsAPIKey","39.9337419","-77.0605239","1"
"43","NeedGoogleMapsAPIKey","39.9332727","-77.0585489","1"
"44","NeedGoogleMapsAPIKey","39.930079","-77.0570455","1"
"45","NeedGoogleMapsAPIKey","39.9301473","-77.0786921","1"
"46","NeedGoogleMapsAPIKey","39.9271122","-77.0770761","1"
"47","NeedGoogleMapsAPIKey","39.9283122","-77.0577417","1"
"48","NeedGoogleMapsAPIKey","39.9310047","-77.0469376","1"
"49","NeedGoogleMapsAPIKey","39.9309808","-77.0535928","1"
"50","NeedGoogleMapsAPIKey","39.9317757","-77.0529847","1"
"51","NeedGoogleMapsAPIKey","39.9343704","-77.0573219","1"
"52","NeedGoogleMapsAPIKey","39.9332363","-77.0511916","1"
"53","NeedGoogleMapsAPIKey","39.9237472","-77.053097","1"
"54","NeedGoogleMapsAPIKey","39.9293849","-77.0534298","1"
"55","NeedGoogleMapsAPIKey","39.933377","-77.0465182","1"
"56","NeedGoogleMapsAPIKey","39.9285556","-77.0410732","1"
"57","NeedGoogleMapsAPIKey","39.9312132","-77.0538223","1"
"58","NeedGoogleMapsAPIKey","39.929958","-77.0525958","1"
"59","NeedGoogleMapsAPIKey","39.9303992","-77.0458181","1"
"60","NeedGoogleMapsAPIKey","39.9331474","-77.0500233","1"
"61","NeedGoogleMapsAPIKey","39.9327712","-77.0505349","1"
"62","NeedGoogleMapsAPIKey","39.9301489","-77.0415091","1"
"63","NeedGoogleMapsAPIKey","39.9308929","-77.0543558","1"
"64","NeedGoogleMapsAPIKey","39.932924","-77.0414875","1"
"65","NeedGoogleMapsAPIKey","39.9356998","-77.0519796","1"
"66","NeedGoogleMapsAPIKey","39.9335924","-77.0524695","1"
"67","NeedGoogleMapsAPIKey","39.9345213","-77.0566248","1"
"68","NeedGoogleMapsAPIKey","39.9303995","-77.0552065","1"
"69","NeedGoogleMapsAPIKey","39.9355062","-77.0581113","1"
"70","NeedGoogleMapsAPIKey","39.936371","-77.0582868","1"
"71","NeedGoogleMapsAPIKey","39.9327231","-77.0423433","1"
"72","NeedGoogleMapsAPIKey","39.9330592","-77.048394","1"
"73","NeedGoogleMapsAPIKey","39.932119","-77.0502435","1"
"74","NeedGoogleMapsAPIKey","39.9363447","-77.0563847","1"
"75","NeedGoogleMapsAPIKey","39.9314276","-77.0503684","1"
"76","NeedGoogleMapsAPIKey","39.9298757","-77.0534488","1"
"77","NeedGoogleMapsAPIKey","39.9286982","-77.0410154","1"
"78","NeedGoogleMapsAPIKey","39.9352437","-77.0449817","1"
"79","NeedGoogleMapsAPIKey","39.9348365","-77.0584615","1"
"80","NeedGoogleMapsAPIKey","39.9309502","-77.0527768","1"
"81","NeedGoogleMapsAPIKey","39.931094","-77.0419793","1"
"82","NeedGoogleMapsAPIKey","39.932047","-77.0539813","1"
"83","NeedGoogleMapsAPIKey","39.9322469","-77.0432305","1"
"84","NeedGoogleMapsAPIKey","39.9373211","-77.0452684","1"
"85","NeedGoogleMapsAPIKey","39.9301198","-77.0523332","1"
"86","NeedGoogleMapsAPIKey","39.9332046","-77.050081","1"
"87","NeedGoogleMapsAPIKey","39.9327889","-77.0433562","1"
"88","NeedGoogleMapsAPIKey","39.9326422","-77.0468626","1"
"89","NeedGoogleMapsAPIKey","39.9350425","-77.0573067","1"
"90","NeedGoogleMapsAPIKey","39.931868","-77.046688","1"
"91","NeedGoogleMapsAPIKey","39.933522","-77.0442165","1"
"92","NeedGoogleMapsAPIKey","39.934144","-77.0578157","1"
"93","NeedGoogleMapsAPIKey","39.9315492","-77.0527859","1"
"94","NeedGoogleMapsAPIKey","39.930877","-76.9759418","1"
"95","NeedGoogleMapsAPIKey","39.9283053","-76.9737626","1"
"96","NeedGoogleMapsAPIKey","39.937525","-76.9821659","1"
"97","NeedGoogleMapsAPIKey","39.9279738","-76.9888886","1"
"98","NeedGoogleMapsAPIKey","39.9346496","-76.978746","1"
"99","NeedGoogleMapsAPIKey","39.9317545","-76.9754875","1"
"100","NeedGoogleMapsAPIKey","39.932562","-76.9786876","1"
"101","NeedGoogleMapsAPIKey","39.9313156","-76.9776982","1"
"102","NeedGoogleMapsAPIKey","39.9348529","-76.9795647","1"
"103","NeedGoogleMapsAPIKey","39.9235467","-76.9895732","1"
"104","NeedGoogleMapsAPIKey","39.9289808","-76.9759275","1"
"105","NeedGoogleMapsAPIKey","39.9378706","-76.9896578","1"
"106","NeedGoogleMapsAPIKey","39.9298791","-76.9783662","1"
"107","NeedGoogleMapsAPIKey","39.9350213","-76.9786731","1"
"108","NeedGoogleMapsAPIKey","39.9241558","-76.9920708","1"
"109","NeedGoogleMapsAPIKey","39.9330798","-76.9915363","1"
"110","NeedGoogleMapsAPIKey","39.9344089","-76.9796114","1"
"111","NeedGoogleMapsAPIKey","39.9306586","-76.9746418","1"
"112","NeedGoogleMapsAPIKey","39.9237269","-76.9904176","1"
"113","NeedGoogleMapsAPIKey","39.9317259","-76.9802895","1"
"114","NeedGoogleMapsAPIKey","39.9257449","-76.9947451","1"
"115","NeedGoogleMapsAPIKey","39.934985","-76.9840068","1"
"116","NeedGoogleMapsAPIKey","39.9300934","-76.9862556","1"
"117","NeedGoogleMapsAPIKey","39.9354253","-76.9794593","1"
"118","NeedGoogleMapsAPIKey","39.9258636","-76.9871595","1"
"119","NeedGoogleMapsAPIKey","39.9369116","-76.9846699","1"
"120","NeedGoogleMapsAPIKey","39.9310947","-76.990371","1"
"121","NeedGoogleMapsAPIKey","39.9311357","-76.9786299","1"
"122","NeedGoogleMapsAPIKey","39.928381","-76.9751614","1"
"123","NeedGoogleMapsAPIKey","39.9307698","-76.9775131","1"
"124","NeedGoogleMapsAPIKey","39.9268355","-76.9940653","1"
"125","NeedGoogleMapsAPIKey","39.9361594","-76.9795336","1"
"126","NeedGoogleMapsAPIKey","39.9319031","-76.9906387","1"
"127","NeedGoogleMapsAPIKey","39.9359865","-76.9792267","1"
"128","NeedGoogleMapsAPIKey","39.9269134","-76.9888599","1"
"129","NeedGoogleMapsAPIKey","39.9277429","-76.9921417","1"
"130","NeedGoogleMapsAPIKey","39.9250531","-76.9910268","1"
"131","NeedGoogleMapsAPIKey","39.9267965","-76.9897786","1"
"132","NeedGoogleMapsAPIKey","39.9346962","-76.9776729","1"
"133","NeedGoogleMapsAPIKey","39.9318982","-76.9760549","1"
"134","NeedGoogleMapsAPIKey","39.9287477","-76.9887074","1"
"135","NeedGoogleMapsAPIKey","39.9379753","-76.9834243","1"
"136","NeedGoogleMapsAPIKey","39.9331041","-76.979469","1"
"137","NeedGoogleMapsAPIKey","39.9319316","-76.9775392","1"
"138","NeedGoogleMapsAPIKey","39.9365317","-76.9844551","1"
"139","NeedGoogleMapsAPIKey","39.9322356","-76.9755632","1"
"140","NeedGoogleMapsAPIKey","39.9315876","-76.9757535","1"
"141","NeedGoogleMapsAPIKey","39.9325745","-76.9858601","1"
"142","NeedGoogleMapsAPIKey","39.9292678","-76.989593","1"
"143","NeedGoogleMapsAPIKey","39.9316097","-76.9802295","1"
"144","NeedGoogleMapsAPIKey","39.938075","-76.9833828","1"
"145","NeedGoogleMapsAPIKey","39.932745","-76.9739919","1"
"146","NeedGoogleMapsAPIKey","39.9379938","-76.9800566","1"
"147","NeedGoogleMapsAPIKey","39.9324698","-76.9744202","1"
"148","NeedGoogleMapsAPIKey","39.9382851","-76.9819828","1"
"149","NeedGoogleMapsAPIKey","39.9402487","-76.9767873","1"
"150","NeedGoogleMapsAPIKey","39.9335833","-76.9744716","1"
"151","NeedGoogleMapsAPIKey","39.9385471","-76.9806318","1"
"152","NeedGoogleMapsAPIKey","39.9357886","-76.9744567","1"
"153","NeedGoogleMapsAPIKey","39.9336597","-76.9736249","1"
"154","NeedGoogleMapsAPIKey","39.9410293","-76.9761479","1"
"155","NeedGoogleMapsAPIKey","39.9297773","-76.9729793","1"
"156","NeedGoogleMapsAPIKey","39.9370024","-76.9760896","1"
"157","NeedGoogleMapsAPIKey","39.9429896","-76.9759053","1"
"158","NeedGoogleMapsAPIKey","39.9380126","-76.9801144","1"
"159","NeedGoogleMapsAPIKey","39.9357252","-76.9780339","1"
"160","NeedGoogleMapsAPIKey","39.9379073","-76.9798324","1"
"161","NeedGoogleMapsAPIKey","39.9366313","-76.9789598","1"
"162","NeedGoogleMapsAPIKey","39.9302774","-76.9727524","1"
"163","NeedGoogleMapsAPIKey","39.9390599","-76.982098","1"
"164","NeedGoogleMapsAPIKey","39.9399712","-76.9722582","1"
"165","NeedGoogleMapsAPIKey","39.9353752","-76.9721076","1"
"166","NeedGoogleMapsAPIKey","39.9321077","-76.974978","1"
"167","NeedGoogleMapsAPIKey","39.9376188","-76.981819","1"
"168","NeedGoogleMapsAPIKey","39.9392781","-76.9712299","1"
"169","NeedGoogleMapsAPIKey","39.9378272","-76.9786436","1"
"170","NeedGoogleMapsAPIKey","39.9404178","-76.9822494","1"
"171","NeedGoogleMapsAPIKey","39.9292706","-76.973709","1"
"172","NeedGoogleMapsAPIKey","39.9377926","-76.9793716","1"
"173","NeedGoogleMapsAPIKey","39.9388156","-76.9814084","1"
"174","NeedGoogleMapsAPIKey","39.9380851","-76.9811182","1"
"175","NeedGoogleMapsAPIKey","39.9384933","-76.9815626","1"
"176","NeedGoogleMapsAPIKey","39.938975","-76.980997","1"
"177","NeedGoogleMapsAPIKey","39.9326136","-76.9750162","1"
"178","NeedGoogleMapsAPIKey","39.9323229","-76.9734177","1"
"179","NeedGoogleMapsAPIKey","39.9368591","-76.9765567","1"
"180","NeedGoogleMapsAPIKey","39.9394922","-76.9772711","1"
"181","NeedGoogleMapsAPIKey","39.939382","-76.9830776","1"
"182","NeedGoogleMapsAPIKey","39.9395384","-76.9760236","1"
"183","NeedGoogleMapsAPIKey","39.9306425","-76.9738619","1"
"184","NeedGoogleMapsAPIKey","39.9321964","-76.9740707","1"
"185","NeedGoogleMapsAPIKey","39.9329211","-76.975396","1"
"186","NeedGoogleMapsAPIKey","39.9392751","-76.977811","1"
"187","NeedGoogleMapsAPIKey","39.9350491","-76.9759769","1"
"188","NeedGoogleMapsAPIKey","39.9359496","-76.9763011","1"
"189","NeedGoogleMapsAPIKey","39.9396217","-76.9750144","1"
"190","NeedGoogleMapsAPIKey","39.9386903","-76.9759429","1"
"191","NeedGoogleMapsAPIKey","39.9389113","-76.9755112","1"
"192","NeedGoogleMapsAPIKey","39.9390403","-76.9775544","1"
"193","NeedGoogleMapsAPIKey","39.9384935","-76.9835981","1"
"194","NeedGoogleMapsAPIKey","39.9388312","-76.9806853","1"
"195","NeedGoogleMapsAPIKey","39.9365426","-76.9789837","1"
"196","NeedGoogleMapsAPIKey","39.9348045","-76.9769146","1"
"197","NeedGoogleMapsAPIKey","39.9389381","-76.982953","1"
"198","NeedGoogleMapsAPIKey","39.941126","-76.9766265","1"
"199","NeedGoogleMapsAPIKey","39.9391054","-76.9809268","1"
"200","NeedGoogleMapsAPIKey","39.9379185","-76.9788771","1"
"201","NeedGoogleMapsAPIKey","39.9411213","-76.9870408","1"
"202","NeedGoogleMapsAPIKey","39.9481619","-76.9796796","1"
"203","NeedGoogleMapsAPIKey","39.9478088","-76.9791606","1"
"204","NeedGoogleMapsAPIKey","39.9503512","-76.9912737","1"
"205","NeedGoogleMapsAPIKey","39.9404379","-76.9863828","1"
"206","NeedGoogleMapsAPIKey","39.9491133","-76.977858","1"
"207","NeedGoogleMapsAPIKey","39.9435436","-76.9840348","1"
"208","NeedGoogleMapsAPIKey","39.9522502","-76.9891153","1"
"209","NeedGoogleMapsAPIKey","39.950345","-76.9898819","1"
"210","NeedGoogleMapsAPIKey","39.9483222","-76.9802026","1"
"211","NeedGoogleMapsAPIKey","39.9401291","-76.986443","1"
"212","NeedGoogleMapsAPIKey","39.9399742","-76.9859067","1"
"213","NeedGoogleMapsAPIKey","39.9399835","-76.9850118","1"
"214","NeedGoogleMapsAPIKey","39.9411568","-76.9843923","1"
"215","NeedGoogleMapsAPIKey","39.9402231","-76.9867455","1"
"216","NeedGoogleMapsAPIKey","39.939647","-76.9849527","1"
"217","NeedGoogleMapsAPIKey","39.9430169","-76.9839111","1"
"218","NeedGoogleMapsAPIKey","39.9459755","-76.9754453","1"
"219","NeedGoogleMapsAPIKey","39.9431029","-76.9812234","1"
"220","NeedGoogleMapsAPIKey","39.9476171","-76.976346","1"
"221","NeedGoogleMapsAPIKey","39.9478794","-76.9790467","1"
"222","NeedGoogleMapsAPIKey","39.9471033","-76.9779127","1"
"223","NeedGoogleMapsAPIKey","39.9502178","-76.9804647","1"
"224","NeedGoogleMapsAPIKey","39.958821","-77.0147032","1"
"225","NeedGoogleMapsAPIKey","39.9638525","-77.0172499","1"
"226","NeedGoogleMapsAPIKey","39.9504319","-77.0252348","1"
"227","NeedGoogleMapsAPIKey","39.9755408","-77.0235047","1"
"228","NeedGoogleMapsAPIKey","39.9640782","-77.0379044","1"
"229","NeedGoogleMapsAPIKey","39.9750685","-77.0349086","1"
"230","NeedGoogleMapsAPIKey","39.9744769","-77.0335637","1"
"231","NeedGoogleMapsAPIKey","39.9643436","-77.0187736","1"
"232","NeedGoogleMapsAPIKey","39.95788","-77.0149581","1"
"233","NeedGoogleMapsAPIKey","39.9576152","-77.0164425","1"
"234","NeedGoogleMapsAPIKey","39.9662246","-77.0394188","1"
"235","NeedGoogleMapsAPIKey","39.9614059","-77.0321935","1"
"236","NeedGoogleMapsAPIKey","39.9746517","-77.0381717","1"
"237","NeedGoogleMapsAPIKey","39.972994","-77.040657","1"
"238","NeedGoogleMapsAPIKey","39.956982","-77.01756","1"
"239","NeedGoogleMapsAPIKey","39.9739981","-77.0226004","1"
"240","NeedGoogleMapsAPIKey","39.9522359","-77.0191067","1"
"241","NeedGoogleMapsAPIKey","39.9710782","-77.0307769","1"
"242","NeedGoogleMapsAPIKey","39.9500578","-77.028778","1"
"243","NeedGoogleMapsAPIKey","39.9742623","-77.0316409","1"
"244","NeedGoogleMapsAPIKey","39.9771671","-77.0318365","1"
"245","NeedGoogleMapsAPIKey","39.9650454","-77.0334674","1"
"246","NeedGoogleMapsAPIKey","39.9753743","-77.0341419","1"
"247","NeedGoogleMapsAPIKey","39.9743322","-77.0392269","1"
"248","NeedGoogleMapsAPIKey","39.9750626","-77.0487097","1"
"249","NeedGoogleMapsAPIKey","39.9780565","-77.0542112","1"
"250","NeedGoogleMapsAPIKey","39.9733285","-77.052534","1"
"251","NeedGoogleMapsAPIKey","39.9736385","-77.0518571","1"
"252","NeedGoogleMapsAPIKey","39.9724733","-77.0656938","1"
"253","NeedGoogleMapsAPIKey","39.9753952","-77.0504692","1"
"254","NeedGoogleMapsAPIKey","39.9756132","-77.0519855","1"
"255","NeedGoogleMapsAPIKey","39.9769547","-77.0499114","1"
"256","NeedGoogleMapsAPIKey","39.9768567","-77.0560388","1"
"257","NeedGoogleMapsAPIKey","39.9757913","-77.0512019","1"
"258","NeedGoogleMapsAPIKey","39.9754668","-77.0492461","1"
"259","NeedGoogleMapsAPIKey","39.9730238","-77.0459421","1"
"260","NeedGoogleMapsAPIKey","39.9766066","-77.0493484","1"
"261","NeedGoogleMapsAPIKey","39.97756","-77.0548554","1"
"262","NeedGoogleMapsAPIKey","39.9740955","-77.0497926","1"
"263","NeedGoogleMapsAPIKey","39.9772933","-77.0570703","1"
"264","NeedGoogleMapsAPIKey","39.9751257","-77.0465655","1"
"265","NeedGoogleMapsAPIKey","39.9739242","-77.0505771","1"
"266","NeedGoogleMapsAPIKey","39.9748204","-77.0533484","1"
"267","NeedGoogleMapsAPIKey","39.9770387","-77.0507475","1"
"268","NeedGoogleMapsAPIKey","39.9777749","-77.0547201","1"
"269","NeedGoogleMapsAPIKey","39.9738325","-77.1197947","1"
"270","NeedGoogleMapsAPIKey","39.9659088","-77.1241946","1"
"271","NeedGoogleMapsAPIKey","39.9803412","-77.1263396","1"
"272","NeedGoogleMapsAPIKey","39.978907","-77.1201327","1"
"273","NeedGoogleMapsAPIKey","39.9764712","-77.1363268","1"
"274","NeedGoogleMapsAPIKey","39.9744242","-77.1299101","1"
"275","NeedGoogleMapsAPIKey","39.9657271","-77.1367938","1"
"276","NeedGoogleMapsAPIKey","39.977804","-77.1179689","1"
"277","NeedGoogleMapsAPIKey","39.9522101","-77.1224587","1"
"278","NeedGoogleMapsAPIKey","39.9774552","-77.1227154","1"
"279","NeedGoogleMapsAPIKey","39.9671268","-77.1218873","1"
"280","NeedGoogleMapsAPIKey","39.978366","-77.1296814","1"
"281","NeedGoogleMapsAPIKey","39.9526681","-77.1229436","1"
"282","NeedGoogleMapsAPIKey","39.9542741","-77.1279556","1"
"283","NeedGoogleMapsAPIKey","39.9651575","-77.1262971","1"
"284","NeedGoogleMapsAPIKey","39.9614692","-77.1404475","1"
"285","NeedGoogleMapsAPIKey","39.9544748","-77.1379368","1"
"286","NeedGoogleMapsAPIKey","39.973891","-77.1303368","1"
"287","NeedGoogleMapsAPIKey","39.9804694","-77.053564","1"
"288","NeedGoogleMapsAPIKey","39.9770622","-77.0421993","1"
"289","NeedGoogleMapsAPIKey","39.9770136","-77.0424655","1"
"290","NeedGoogleMapsAPIKey","39.9803819","-77.0306959","1"
"291","NeedGoogleMapsAPIKey","39.9758471","-77.0462622","1"
"292","NeedGoogleMapsAPIKey","39.9809905","-77.0542166","1"
"293","NeedGoogleMapsAPIKey","39.9763443","-77.0428791","1"
"294","NeedGoogleMapsAPIKey","39.9805355","-77.0543541","1"
"295","NeedGoogleMapsAPIKey","39.9773366","-77.0453506","1"
"296","NeedGoogleMapsAPIKey","39.9821475","-77.035542","1"
"297","NeedGoogleMapsAPIKey","39.9797802","-77.0431103","1"
"298","NeedGoogleMapsAPIKey","39.977316","-77.0339592","1"
"299","NeedGoogleMapsAPIKey","39.974602","-77.0416567","1"
"300","NeedGoogleMapsAPIKey","39.9784758","-77.0549527","1"
"301","NeedGoogleMapsAPIKey","39.9781517","-77.0501973","1"
"302","NeedGoogleMapsAPIKey","39.9853486","-77.0486623","1"
"303","NeedGoogleMapsAPIKey","39.9762018","-77.0449185","1"
"304","NeedGoogleMapsAPIKey","39.9798607","-77.0537178","1"
"305","NeedGoogleMapsAPIKey","39.9870724","-77.0366078","1"
"306","NeedGoogleMapsAPIKey","39.97832","-77.0346223","1"
"307","NeedGoogleMapsAPIKey","39.987035","-77.0377392","1"
"308","NeedGoogleMapsAPIKey","39.9775488","-77.0489842","1"
"309","NeedGoogleMapsAPIKey","39.9804987","-77.0502138","1"
"310","NeedGoogleMapsAPIKey","39.9766026","-77.0429926","1"
"311","NeedGoogleMapsAPIKey","39.9778858","-77.0396411","1"
"312","NeedGoogleMapsAPIKey","39.9819328","-77.037204","1"
"313","NeedGoogleMapsAPIKey","39.9776023","-77.0334106","1"
"314","NeedGoogleMapsAPIKey","39.9868284","-77.0375165","1"
"315","NeedGoogleMapsAPIKey","39.9728067","-77.0423092","1"
"316","NeedGoogleMapsAPIKey","39.9756676","-77.0445554","1"
"317","NeedGoogleMapsAPIKey","39.9779684","-77.0440215","1"
"318","NeedGoogleMapsAPIKey","39.9765343","-77.0480139","1"
"319","NeedGoogleMapsAPIKey","39.9783512","-77.0321917","1"
"320","NeedGoogleMapsAPIKey","39.9809803","-77.0551284","1"
"321","NeedGoogleMapsAPIKey","39.9790216","-77.0520269","1"
"322","NeedGoogleMapsAPIKey","39.9858228","-77.0494935","1"
"323","NeedGoogleMapsAPIKey","39.9758582","-77.0439377","1"
"324","NeedGoogleMapsAPIKey","39.9762962","-77.0412669","1"
"325","NeedGoogleMapsAPIKey","39.9803364","-77.0334416","1"
"326","NeedGoogleMapsAPIKey","39.9809498","-77.0318527","1"
"327","NeedGoogleMapsAPIKey","39.9781722","-77.0399354","1"
"328","NeedGoogleMapsAPIKey","39.9852868","-77.0337603","1"
"329","NeedGoogleMapsAPIKey","39.9816666","-77.0360621","1"
"330","NeedGoogleMapsAPIKey","39.9850337","-77.0337458","1"
"331","NeedGoogleMapsAPIKey","39.9770646","-77.0444267","1"
"332","NeedGoogleMapsAPIKey","39.9771521","-77.0434309","1"
"333","NeedGoogleMapsAPIKey","39.9790453","-77.0405662","1"
"334","NeedGoogleMapsAPIKey","39.9820241","-77.031709","1"
"335","NeedGoogleMapsAPIKey","39.9857091","-77.0333108","1"
"336","NeedGoogleMapsAPIKey","39.9869129","-77.046925","1"
"337","NeedGoogleMapsAPIKey","39.9755572","-77.0450763","1"
"338","NeedGoogleMapsAPIKey","39.9755211","-77.0404991","1"
"339","NeedGoogleMapsAPIKey","39.977043","-77.0481705","1"
"340","NeedGoogleMapsAPIKey","39.9816705","-77.0368431","1"
"341","NeedGoogleMapsAPIKey","39.9752454","-77.0406284","1"
"342","NeedGoogleMapsAPIKey","39.9790314","-77.043665","1"
"343","NeedGoogleMapsAPIKey","39.9774661","-77.0373284","1"
"344","NeedGoogleMapsAPIKey","39.9744823","-77.0393966","1"
"345","NeedGoogleMapsAPIKey","39.9854888","-77.0363042","1"
"346","NeedGoogleMapsAPIKey","39.9765674","-77.0458382","1"
"347","NeedGoogleMapsAPIKey","39.9753323","-77.0433823","1"
"348","NeedGoogleMapsAPIKey","39.9805019","-77.0335754","1"
"349","NeedGoogleMapsAPIKey","39.9785832","-77.0527952","1"
"350","NeedGoogleMapsAPIKey","39.9791721","-77.031139","1"
"351","NeedGoogleMapsAPIKey","39.9746826","-77.0431143","1"
"352","NeedGoogleMapsAPIKey","39.9819808","-77.0376442","1"
"353","NeedGoogleMapsAPIKey","39.980177","-77.0370736","1"
"354","NeedGoogleMapsAPIKey","39.9773143","-77.0501093","1"
"355","NeedGoogleMapsAPIKey","39.9843859","-77.0517201","1"
"356","NeedGoogleMapsAPIKey","39.9789031","-77.0312328","1"
"357","NeedGoogleMapsAPIKey","39.9793852","-77.0301391","1"
"358","NeedGoogleMapsAPIKey","39.9788956","-77.0482323","1"
"359","NeedGoogleMapsAPIKey","39.9828063","-77.0333235","1"
"360","NeedGoogleMapsAPIKey","39.9805634","-77.0518315","1"
"361","NeedGoogleMapsAPIKey","39.9799404","-77.0317547","1"
"362","NeedGoogleMapsAPIKey","39.9821176","-77.053723","1"
"363","NeedGoogleMapsAPIKey","39.9784626","-77.0416771","1"
"364","NeedGoogleMapsAPIKey","39.9840254","-77.050642","1"
"365","NeedGoogleMapsAPIKey","39.9829338","-77.0530508","1"
"366","NeedGoogleMapsAPIKey","39.985793","-77.0340542","1"
"367","NeedGoogleMapsAPIKey","39.9755175","-77.0434161","1"
"368","NeedGoogleMapsAPIKey","39.9785295","-77.0407192","1"
"369","NeedGoogleMapsAPIKey","39.9756809","-77.0388905","1"
"370","NeedGoogleMapsAPIKey","39.9788549","-77.0438454","1"
"371","NeedGoogleMapsAPIKey","39.9867616","-77.0483467","1"
"372","NeedGoogleMapsAPIKey","39.9767638","-77.0391846","1"
"373","NeedGoogleMapsAPIKey","39.9772131","-77.049123","1"
"374","NeedGoogleMapsAPIKey","39.9838447","-77.0320792","1"
"375","NeedGoogleMapsAPIKey","39.9782971","-77.0538873","1"
"376","NeedGoogleMapsAPIKey","39.9843226","-77.1046329","1"
"377","NeedGoogleMapsAPIKey","39.9864944","-77.1131011","1"
"378","NeedGoogleMapsAPIKey","39.9859275","-77.1093762","1"
"379","NeedGoogleMapsAPIKey","39.9875392","-77.1223771","1"
"380","NeedGoogleMapsAPIKey","39.9885787","-77.1217349","1"
"381","NeedGoogleMapsAPIKey","39.9949832","-77.1165047","1"
"382","NeedGoogleMapsAPIKey","39.9828907","-77.1246549","1"
"383","NeedGoogleMapsAPIKey","39.9884388","-77.1136544","1"
"384","NeedGoogleMapsAPIKey","39.9844305","-77.1173494","1"
"385","NeedGoogleMapsAPIKey","39.9939499","-77.1181612","1"
"386","NeedGoogleMapsAPIKey","39.9688035","-77.1108456","1"
"387","NeedGoogleMapsAPIKey","39.9907556","-77.1170508","1"
"388","NeedGoogleMapsAPIKey","39.9964212","-77.1153922","1"
"389","NeedGoogleMapsAPIKey","39.9848068","-77.0993364","1"
"390","NeedGoogleMapsAPIKey","39.9769825","-77.1035437","1"
"391","NeedGoogleMapsAPIKey","39.9955369","-77.1170668","1"
"392","NeedGoogleMapsAPIKey","39.9808837","-77.1129199","1"
"393","NeedGoogleMapsAPIKey","39.9924385","-77.0618016","1"
"394","NeedGoogleMapsAPIKey","39.9875757","-77.0476814","1"
"395","NeedGoogleMapsAPIKey","39.9957372","-77.067244","1"
"396","NeedGoogleMapsAPIKey","39.9906328","-77.0487099","1"
"397","NeedGoogleMapsAPIKey","39.9898863","-77.0607824","1"
"398","NeedGoogleMapsAPIKey","39.9920317","-77.0460467","1"
"399","NeedGoogleMapsAPIKey","39.9889032","-77.0490164","1"
"400","NeedGoogleMapsAPIKey","39.9901543","-77.0473127","1"
"401","NeedGoogleMapsAPIKey","39.9868335","-77.0515975","1"
"402","NeedGoogleMapsAPIKey","39.9863464","-77.0536419","1"
"403","NeedGoogleMapsAPIKey","39.9985553","-77.0565964","1"
"404","NeedGoogleMapsAPIKey","39.9862229","-77.0526672","1"
"405","NeedGoogleMapsAPIKey","39.9922839","-77.047543","1"
"406","NeedGoogleMapsAPIKey","39.9940109","-77.0525523","1"
"407","NeedGoogleMapsAPIKey","39.9901104","-77.0584336","1"
"408","NeedGoogleMapsAPIKey","39.9895815","-77.0453929","1"
"409","NeedGoogleMapsAPIKey","39.9846971","-77.0527183","1"
"410","NeedGoogleMapsAPIKey","39.992814","-77.0452286","1"
"411","NeedGoogleMapsAPIKey","39.9882673","-77.0513615","1"
"412","NeedGoogleMapsAPIKey","39.9923708","-77.0557378","1"
"413","NeedGoogleMapsAPIKey","39.9887803","-77.0492129","1"
"414","NeedGoogleMapsAPIKey","39.9885391","-77.0503828","1"
"415","NeedGoogleMapsAPIKey","39.9912397","-77.0453349","1"
"416","NeedGoogleMapsAPIKey","39.9909124","-77.0488689","1"
"417","NeedGoogleMapsAPIKey","39.9922009","-77.0651104","1"
"418","NeedGoogleMapsAPIKey","39.9967584","-77.028495","1"
"419","NeedGoogleMapsAPIKey","39.9934973","-77.0318161","1"
"420","NeedGoogleMapsAPIKey","39.9911699","-77.0344904","1"
"421","NeedGoogleMapsAPIKey","39.9942842","-77.036691","1"
"422","NeedGoogleMapsAPIKey","39.9931018","-77.0334861","1"
"423","NeedGoogleMapsAPIKey","39.9900114","-77.0355663","1"
"424","NeedGoogleMapsAPIKey","39.9933872","-77.0371026","1"
"425","NeedGoogleMapsAPIKey","39.9949735","-77.0404733","1"
"426","NeedGoogleMapsAPIKey","39.9914812","-77.0369003","1"
"427","NeedGoogleMapsAPIKey","39.9866194","-77.0334551","1"
"428","NeedGoogleMapsAPIKey","39.9900329","-77.0325149","1"
"429","NeedGoogleMapsAPIKey","39.9920359","-77.0327912","1"
"430","NeedGoogleMapsAPIKey","39.98918","-77.035982","1"
"431","NeedGoogleMapsAPIKey","39.9937698","-77.0380448","1"
"432","NeedGoogleMapsAPIKey","39.991467","-77.034098","1"
"433","NeedGoogleMapsAPIKey","39.9887877","-77.0322408","1"
"434","NeedGoogleMapsAPIKey","39.9999292","-77.0323095","1"
"435","NeedGoogleMapsAPIKey","39.9944616","-77.0334562","1"
"436","NeedGoogleMapsAPIKey","39.9909079","-77.0373919","1"
"437","NeedGoogleMapsAPIKey","40.0012223","-77.029943","1"
"438","NeedGoogleMapsAPIKey","39.9904222","-77.0296342","1"
"439","NeedGoogleMapsAPIKey","39.9933495","-77.0340628","1"
"440","NeedGoogleMapsAPIKey","39.9860091","-77.0331655","1"
"441","NeedGoogleMapsAPIKey","39.9930529","-77.03648","1"
"442","NeedGoogleMapsAPIKey","39.9941061","-77.0356827","1"
"443","NeedGoogleMapsAPIKey","39.9957536","-77.0370982","1"
"444","NeedGoogleMapsAPIKey","39.9875847","-77.0353949","1"
"445","NeedGoogleMapsAPIKey","39.992943","-77.0378246","1"
"446","NeedGoogleMapsAPIKey","39.9933124","-77.0319026","1"
"447","NeedGoogleMapsAPIKey","39.9895921","-77.0325187","1"
"448","NeedGoogleMapsAPIKey","39.9954743","-77.0379938","1"
"449","NeedGoogleMapsAPIKey","39.9978698","-77.0387786","1"
"450","NeedGoogleMapsAPIKey","39.9929476","-77.0321391","1"
"451","NeedGoogleMapsAPIKey","39.9951534","-77.032405","1"
"452","NeedGoogleMapsAPIKey","39.9894194","-77.0323817","1"
"453","NeedGoogleMapsAPIKey","39.9924078","-77.0364356","1"
"454","NeedGoogleMapsAPIKey","39.9922113","-77.0326305","1"
"455","NeedGoogleMapsAPIKey","39.992404","-77.0333255","1"
"456","NeedGoogleMapsAPIKey","39.9953213","-77.0394827","1"
"457","NeedGoogleMapsAPIKey","39.9898132","-77.032522","1"
"458","NeedGoogleMapsAPIKey","39.9946715","-77.0360528","1"
"459","NeedGoogleMapsAPIKey","39.9967602","-77.0234013","1"
"460","NeedGoogleMapsAPIKey","39.9984097","-77.0376084","1"
"461","NeedGoogleMapsAPIKey","39.9935663","-77.092617","1"
"462","NeedGoogleMapsAPIKey","40.0056472","-77.1104324","1"
"463","NeedGoogleMapsAPIKey","40.0035255","-77.1100949","1"
"464","NeedGoogleMapsAPIKey","40.0054873","-77.1041596","1"
"465","NeedGoogleMapsAPIKey","40.0013832","-77.1101766","1"
"466","NeedGoogleMapsAPIKey","40.0054083","-77.1084583","1"
"467","NeedGoogleMapsAPIKey","39.9994498","-77.1097836","1"
"468","NeedGoogleMapsAPIKey","40.0059761","-77.110341","1"
"469","NeedGoogleMapsAPIKey","40.0064016","-77.1130175","1"
"470","NeedGoogleMapsAPIKey","40.0074682","-77.1074117","1"
"471","NeedGoogleMapsAPIKey","39.9998063","-77.1101291","1"
"472","NeedGoogleMapsAPIKey","39.9999169","-77.1108595","1"
"473","NeedGoogleMapsAPIKey","39.9978915","-77.101377","1"
"474","NeedGoogleMapsAPIKey","40.0056348","-77.105155","1"
"475","NeedGoogleMapsAPIKey","40.0040271","-77.1063967","1"
"476","NeedGoogleMapsAPIKey","40.0006738","-77.1108274","1"
"477","NeedGoogleMapsAPIKey","40.0012919","-77.1066874","1"
"478","NeedGoogleMapsAPIKey","40.004431","-77.1061789","1"
"479","NeedGoogleMapsAPIKey","39.9952767","-77.1018967","1"
"480","NeedGoogleMapsAPIKey","40.0034972","-77.1151047","1"
"481","NeedGoogleMapsAPIKey","40.0067146","-77.110984","1"
"482","NeedGoogleMapsAPIKey","39.9987307","-77.1067656","1"
"483","NeedGoogleMapsAPIKey","40.0055275","-77.103286","1"
"484","NeedGoogleMapsAPIKey","40.0080853","-77.1110677","1"
"485","NeedGoogleMapsAPIKey","40.0019476","-77.1032255","1"
"486","NeedGoogleMapsAPIKey","39.9978051","-77.1089296","1"
"487","NeedGoogleMapsAPIKey","39.9987933","-77.1106076","1"
"488","NeedGoogleMapsAPIKey","39.998042","-77.1008603","1"
"489","NeedGoogleMapsAPIKey","40.0008578","-77.1035438","1"
"490","NeedGoogleMapsAPIKey","39.9991273","-77.110163","1"
"491","NeedGoogleMapsAPIKey","40.0033918","-77.1094643","1"
"492","NeedGoogleMapsAPIKey","40.0024873","-77.1156925","1"
"493","NeedGoogleMapsAPIKey","40.0049544","-77.1112542","1"
"494","NeedGoogleMapsAPIKey","40.0006169","-77.110248","1"
"495","NeedGoogleMapsAPIKey","39.9948206","-77.0944406","1"
"496","NeedGoogleMapsAPIKey","39.9995432","-77.1128181","1"
"497","NeedGoogleMapsAPIKey","40.0000358","-77.1114205","1"
"498","NeedGoogleMapsAPIKey","40.0054632","-77.1079237","1"
"499","NeedGoogleMapsAPIKey","40.0072316","-77.0952013","1"
"500","NeedGoogleMapsAPIKey","40.004915","-77.1097772","1"
"501","NeedGoogleMapsAPIKey","40.0051985","-77.1046002","1"
"502","NeedGoogleMapsAPIKey","40.0052641","-77.1111158","1"
"503","NeedGoogleMapsAPIKey","39.9995823","-77.110306","1"
"504","NeedGoogleMapsAPIKey","40.0026006","-77.1084957","1"
"505","NeedGoogleMapsAPIKey","40.0075787","-77.1127048","1"
"506","NeedGoogleMapsAPIKey","40.0097872","-77.117655","1"
"507","NeedGoogleMapsAPIKey","40.0121413","-77.1185092","1"
"508","NeedGoogleMapsAPIKey","40.0069576","-77.1157902","1"
"509","NeedGoogleMapsAPIKey","40.0143271","-77.1197724","1"
"510","NeedGoogleMapsAPIKey","40.0100967","-77.1184516","1"
"511","NeedGoogleMapsAPIKey","40.009763","-77.1176982","1"
"512","NeedGoogleMapsAPIKey","40.0175533","-77.1243962","1"
"513","NeedGoogleMapsAPIKey","40.0105165","-77.1159621","1"
"514","NeedGoogleMapsAPIKey","40.010293","-77.1186155","1"
"515","NeedGoogleMapsAPIKey","40.0068631","-77.1146051","1"
"516","NeedGoogleMapsAPIKey","40.0073107","-77.1142306","1"
"517","NeedGoogleMapsAPIKey","40.0067188","-77.1134159","1"
"518","NeedGoogleMapsAPIKey","40.0080589","-77.1132778","1"
"519","NeedGoogleMapsAPIKey","40.0105327","-77.1182","1"
"520","NeedGoogleMapsAPIKey","40.0116515","-77.1173275","1"
"521","NeedGoogleMapsAPIKey","40.0100219","-77.1169508","1"
"522","NeedGoogleMapsAPIKey","40.0083792","-77.112426","1"
"523","NeedGoogleMapsAPIKey","40.010392","-77.1180964","1"
"524","NeedGoogleMapsAPIKey","40.0097175","-77.1167328","1"
"525","NeedGoogleMapsAPIKey","40.009295","-77.1162831","1"
"526","NeedGoogleMapsAPIKey","40.0191142","-77.117266","1"
"527","NeedGoogleMapsAPIKey","40.007904","-77.1130963","1"
"528","NeedGoogleMapsAPIKey","40.0078404","-77.1122864","1"
"529","NeedGoogleMapsAPIKey","40.0176024","-77.2029588","1"
"530","NeedGoogleMapsAPIKey","40.0190606","-77.2137894","1"
"531","NeedGoogleMapsAPIKey","40.0141599","-77.2024479","1"
"532","NeedGoogleMapsAPIKey","40.0254672","-77.2013337","1"
"533","NeedGoogleMapsAPIKey","40.0150065","-77.2028169","1"
"534","NeedGoogleMapsAPIKey","40.0186078","-77.2139537","1"
"535","NeedGoogleMapsAPIKey","40.0145271","-77.2018319","1"
"536","NeedGoogleMapsAPIKey","40.0195308","-77.2138304","1"
"537","NeedGoogleMapsAPIKey","40.0157279","-77.2025223","1"
"538","NeedGoogleMapsAPIKey","40.0227264","-77.1886485","1"
"539","NeedGoogleMapsAPIKey","40.0211888","-77.212903","1"
"540","NeedGoogleMapsAPIKey","40.0277357","-77.2011854","1"
"541","NeedGoogleMapsAPIKey","40.0104659","-77.1895867","1"
"542","NeedGoogleMapsAPIKey","40.0088324","-77.1864957","1"
"543","NeedGoogleMapsAPIKey","40.0122304","-77.1890221","1"
"544","NeedGoogleMapsAPIKey","40.0114276","-77.190947","1"
"545","NeedGoogleMapsAPIKey","40.0219004","-77.2136799","1"
"546","NeedGoogleMapsAPIKey","40.0186633","-77.2030514","1"
"547","NeedGoogleMapsAPIKey","40.0143549","-77.19862","1"
"548","NeedGoogleMapsAPIKey","40.0213142","-77.2135855","1"
"549","NeedGoogleMapsAPIKey","40.0166825","-77.2147769","1"
"1","Bermudian Springs HS","39.97999","-77.08449"
