"Gettysburg Area School District","1","910","50","50"
"1","NeedGoogleMapsAPIKey","39.7273658","-77.2271619","1"
"2","NeedGoogleMapsAPIKey","39.7277863","-77.2270462","1"
"3","NeedGoogleMapsAPIKey","39.7323471","-77.2296169","1"
"4","NeedGoogleMapsAPIKey","39.7452076","-77.22096","1"
"5","NeedGoogleMapsAPIKey","39.7299354","-77.2251303","1"
"6","NeedGoogleMapsAPIKey","39.7304834","-77.2337525","1"
"7","NeedGoogleMapsAPIKey","39.7294908","-77.2598878","1"
"8","NeedGoogleMapsAPIKey","39.75533","-77.2286445","1"
"9","NeedGoogleMapsAPIKey","39.7280725","-77.2165063","1"
"10","NeedGoogleMapsAPIKey","39.7330346","-77.2298663","1"
"11","NeedGoogleMapsAPIKey","39.7279605","-77.2273501","1"
"12","NeedGoogleMapsAPIKey","39.7202419","-77.211204","1"
"13","NeedGoogleMapsAPIKey","39.7287821","-77.2262646","1"
"14","NeedGoogleMapsAPIKey","39.7369237","-77.2598624","1"
"15","NeedGoogleMapsAPIKey","39.7319386","-77.2194453","1"
"16","NeedGoogleMapsAPIKey","39.737451","-77.2419497","1"
"17","NeedGoogleMapsAPIKey","39.7273627","-77.2255731","1"
"18","NeedGoogleMapsAPIKey","39.7558095","-77.2291069","1"
"19","NeedGoogleMapsAPIKey","39.7424329","-77.2204312","1"
"20","NeedGoogleMapsAPIKey","39.7559044","-77.227343","1"
"21","NeedGoogleMapsAPIKey","39.7396489","-77.2417005","1"
"22","NeedGoogleMapsAPIKey","39.7314218","-77.2620827","1"
"23","NeedGoogleMapsAPIKey","39.7279536","-77.2150843","1"
"24","NeedGoogleMapsAPIKey","39.7308513","-77.2051827","1"
"25","NeedGoogleMapsAPIKey","39.7285928","-77.2174059","1"
"26","NeedGoogleMapsAPIKey","39.7353865","-77.2672216","1"
"27","NeedGoogleMapsAPIKey","39.7549276","-77.2412254","1"
"28","NeedGoogleMapsAPIKey","39.7312225","-77.2610977","1"
"29","NeedGoogleMapsAPIKey","39.7325099","-77.2183988","1"
"30","NeedGoogleMapsAPIKey","39.7283508","-77.2096261","1"
"31","NeedGoogleMapsAPIKey","39.7275573","-77.22618","1"
"32","NeedGoogleMapsAPIKey","39.734965","-77.2148066","1"
"33","NeedGoogleMapsAPIKey","39.7294487","-77.2178646","1"
"34","NeedGoogleMapsAPIKey","39.7289502","-77.2155543","1"
"35","NeedGoogleMapsAPIKey","39.7429127","-77.2208306","1"
"36","NeedGoogleMapsAPIKey","39.7322055","-77.2314003","1"
"37","NeedGoogleMapsAPIKey","39.7281851","-77.2277507","1"
"38","NeedGoogleMapsAPIKey","39.7286869","-77.2260516","1"
"39","NeedGoogleMapsAPIKey","39.7312804","-77.2186783","1"
"40","NeedGoogleMapsAPIKey","39.7313169","-77.2188151","1"
"41","NeedGoogleMapsAPIKey","39.7298358","-77.2260746","1"
"42","NeedGoogleMapsAPIKey","39.7253345","-77.263457","1"
"43","NeedGoogleMapsAPIKey","39.7336004","-77.2337955","1"
"44","NeedGoogleMapsAPIKey","39.7319871","-77.2198894","1"
"45","NeedGoogleMapsAPIKey","39.7790599","-77.247802","1"
"46","NeedGoogleMapsAPIKey","39.777707","-77.2331096","1"
"47","NeedGoogleMapsAPIKey","39.7772102","-77.2336544","1"
"48","NeedGoogleMapsAPIKey","39.7577366","-77.2316701","1"
"49","NeedGoogleMapsAPIKey","39.7785262","-77.2388071","1"
"50","NeedGoogleMapsAPIKey","39.7768213","-77.2323247","1"
"51","NeedGoogleMapsAPIKey","39.7590141","-77.2326411","1"
"52","NeedGoogleMapsAPIKey","39.7672829","-77.2653609","1"
"53","NeedGoogleMapsAPIKey","39.7627792","-77.2349807","1"
"54","NeedGoogleMapsAPIKey","39.7648864","-77.2558231","1"
"55","NeedGoogleMapsAPIKey","39.7825966","-77.253001","1"
"56","NeedGoogleMapsAPIKey","39.7560869","-77.2201659","1"
"57","NeedGoogleMapsAPIKey","39.7622047","-77.2750502","1"
"58","NeedGoogleMapsAPIKey","39.7814923","-77.2532805","1"
"59","NeedGoogleMapsAPIKey","39.7653391","-77.2607859","1"
"60","NeedGoogleMapsAPIKey","39.7667566","-77.265382","1"
"61","NeedGoogleMapsAPIKey","39.7715504","-77.2509056","1"
"62","NeedGoogleMapsAPIKey","39.7598122","-77.254367","1"
"63","NeedGoogleMapsAPIKey","39.7657654","-77.2673804","1"
"64","NeedGoogleMapsAPIKey","39.7610257","-77.2383158","1"
"65","NeedGoogleMapsAPIKey","39.7565465","-77.252974","1"
"66","NeedGoogleMapsAPIKey","39.7648182","-77.2491988","1"
"67","NeedGoogleMapsAPIKey","39.77532","-77.2647808","1"
"68","NeedGoogleMapsAPIKey","39.7605072","-77.2771068","1"
"69","NeedGoogleMapsAPIKey","39.7728588","-77.2512541","1"
"70","NeedGoogleMapsAPIKey","39.7777593","-77.2454741","1"
"71","NeedGoogleMapsAPIKey","39.76428","-77.2708591","1"
"72","NeedGoogleMapsAPIKey","39.7556553","-77.2187901","1"
"73","NeedGoogleMapsAPIKey","39.7619378","-77.2298089","1"
"74","NeedGoogleMapsAPIKey","39.7789248","-77.2319983","1"
"75","NeedGoogleMapsAPIKey","39.7798309","-77.2333628","1"
"76","NeedGoogleMapsAPIKey","39.7668028","-77.2641283","1"
"77","NeedGoogleMapsAPIKey","39.7713958","-77.2500458","1"
"78","NeedGoogleMapsAPIKey","39.7723203","-77.2664179","1"
"79","NeedGoogleMapsAPIKey","39.7604182","-77.2551223","1"
"80","NeedGoogleMapsAPIKey","39.7730072","-77.2505536","1"
"81","NeedGoogleMapsAPIKey","39.7913887","-77.2267868","1"
"82","NeedGoogleMapsAPIKey","39.7951145","-77.2241015","1"
"83","NeedGoogleMapsAPIKey","39.7974494","-77.1996874","1"
"84","NeedGoogleMapsAPIKey","39.8202434","-77.233646","1"
"85","NeedGoogleMapsAPIKey","39.8187142","-77.2391698","1"
"86","NeedGoogleMapsAPIKey","39.8186166","-77.2379823","1"
"87","NeedGoogleMapsAPIKey","39.7928294","-77.2051825","1"
"88","NeedGoogleMapsAPIKey","39.8041612","-77.2285142","1"
"89","NeedGoogleMapsAPIKey","39.8217332","-77.2381867","1"
"90","NeedGoogleMapsAPIKey","39.797225","-77.1973055","1"
"91","NeedGoogleMapsAPIKey","39.8254551","-77.2417846","1"
"92","NeedGoogleMapsAPIKey","39.8089561","-77.2192282","1"
"93","NeedGoogleMapsAPIKey","39.7971742","-77.218734","1"
"94","NeedGoogleMapsAPIKey","39.8208388","-77.238842","1"
"95","NeedGoogleMapsAPIKey","39.7901283","-77.2304812","1"
"96","NeedGoogleMapsAPIKey","39.7950653","-77.2161214","1"
"97","NeedGoogleMapsAPIKey","39.8211199","-77.2352084","1"
"98","NeedGoogleMapsAPIKey","39.8269391","-77.2343009","1"
"99","NeedGoogleMapsAPIKey","39.819271","-77.2375171","1"
"100","NeedGoogleMapsAPIKey","39.8267212","-77.232387","1"
"101","NeedGoogleMapsAPIKey","39.8136512","-77.205836","1"
"102","NeedGoogleMapsAPIKey","39.8046168","-77.2033178","1"
"103","NeedGoogleMapsAPIKey","39.8036368","-77.2296949","1"
"104","NeedGoogleMapsAPIKey","39.8194008","-77.2391795","1"
"105","NeedGoogleMapsAPIKey","39.8255642","-77.2316081","1"
"106","NeedGoogleMapsAPIKey","39.8136743","-77.2224132","1"
"107","NeedGoogleMapsAPIKey","39.800164","-77.2016025","1"
"108","NeedGoogleMapsAPIKey","39.8104983","-77.2214513","1"
"109","NeedGoogleMapsAPIKey","39.822573","-77.2332678","1"
"110","NeedGoogleMapsAPIKey","39.8246195","-77.2297579","1"
"111","NeedGoogleMapsAPIKey","39.8251485","-77.2331018","1"
"112","NeedGoogleMapsAPIKey","39.8199793","-77.2382655","1"
"113","NeedGoogleMapsAPIKey","39.8002958","-77.2658035","1"
"114","NeedGoogleMapsAPIKey","39.8080663","-77.2174872","1"
"115","NeedGoogleMapsAPIKey","39.7983763","-77.2282708","1"
"116","NeedGoogleMapsAPIKey","39.817761","-77.2256169","1"
"117","NeedGoogleMapsAPIKey","39.7940313","-77.2016118","1"
"118","NeedGoogleMapsAPIKey","39.8249469","-77.2312275","1"
"119","NeedGoogleMapsAPIKey","39.8008677","-77.2030615","1"
"120","NeedGoogleMapsAPIKey","39.802501","-77.200773","1"
"121","NeedGoogleMapsAPIKey","39.8198095","-77.240613","1"
"122","NeedGoogleMapsAPIKey","39.7965648","-77.2167244","1"
"123","NeedGoogleMapsAPIKey","39.8178968","-77.2384816","1"
"124","NeedGoogleMapsAPIKey","39.8264082","-77.2312499","1"
"125","NeedGoogleMapsAPIKey","39.8208112","-77.237097","1"
"126","NeedGoogleMapsAPIKey","39.8221495","-77.2349439","1"
"127","NeedGoogleMapsAPIKey","39.7984083","-77.1980287","1"
"128","NeedGoogleMapsAPIKey","39.7938732","-77.2304318","1"
"129","NeedGoogleMapsAPIKey","39.8231911","-77.2367875","1"
"130","NeedGoogleMapsAPIKey","39.8229768","-77.2312054","1"
"131","NeedGoogleMapsAPIKey","39.8002804","-77.2029661","1"
"132","NeedGoogleMapsAPIKey","39.8176044","-77.2381091","1"
"133","NeedGoogleMapsAPIKey","39.7972353","-77.2228097","1"
"134","NeedGoogleMapsAPIKey","39.820805","-77.22974","1"
"135","NeedGoogleMapsAPIKey","39.8256191","-77.2334642","1"
"136","NeedGoogleMapsAPIKey","39.8265409","-77.2312546","1"
"137","NeedGoogleMapsAPIKey","39.8181829","-77.2370686","1"
"138","NeedGoogleMapsAPIKey","39.7972238","-77.207107","1"
"139","NeedGoogleMapsAPIKey","39.8041585","-77.2278438","1"
"140","NeedGoogleMapsAPIKey","39.8147686","-77.2056819","1"
"141","NeedGoogleMapsAPIKey","39.8229554","-77.2380345","1"
"142","NeedGoogleMapsAPIKey","39.8196807","-77.2348344","1"
"143","NeedGoogleMapsAPIKey","39.7988835","-77.2292072","1"
"144","NeedGoogleMapsAPIKey","39.8224084","-77.2303103","1"
"145","NeedGoogleMapsAPIKey","39.8039374","-77.1856486","1"
"146","NeedGoogleMapsAPIKey","39.8107112","-77.1914932","1"
"147","NeedGoogleMapsAPIKey","39.8057263","-77.1932961","1"
"148","NeedGoogleMapsAPIKey","39.8077556","-77.194111","1"
"149","NeedGoogleMapsAPIKey","39.8096858","-77.1822975","1"
"150","NeedGoogleMapsAPIKey","39.8095749","-77.1896083","1"
"151","NeedGoogleMapsAPIKey","39.8010699","-77.1845475","1"
"152","NeedGoogleMapsAPIKey","39.818661","-77.1822239","1"
"153","NeedGoogleMapsAPIKey","39.7995132","-77.1882558","1"
"154","NeedGoogleMapsAPIKey","39.7984834","-77.1864565","1"
"155","NeedGoogleMapsAPIKey","39.8143924","-77.1890774","1"
"156","NeedGoogleMapsAPIKey","39.8156505","-77.1830495","1"
"157","NeedGoogleMapsAPIKey","39.8104503","-77.1909196","1"
"158","NeedGoogleMapsAPIKey","39.809047","-77.1910975","1"
"159","NeedGoogleMapsAPIKey","39.8051093","-77.1824678","1"
"160","NeedGoogleMapsAPIKey","39.8044708","-77.1962171","1"
"161","NeedGoogleMapsAPIKey","39.8142884","-77.1914498","1"
"162","NeedGoogleMapsAPIKey","39.805267","-77.1870062","1"
"163","NeedGoogleMapsAPIKey","39.8072564","-77.1909119","1"
"164","NeedGoogleMapsAPIKey","39.8120844","-77.1914777","1"
"165","NeedGoogleMapsAPIKey","39.8153914","-77.1891229","1"
"166","NeedGoogleMapsAPIKey","39.8129732","-77.1882777","1"
"167","NeedGoogleMapsAPIKey","39.800749","-77.1888403","1"
"168","NeedGoogleMapsAPIKey","39.813834","-77.1878622","1"
"169","NeedGoogleMapsAPIKey","39.8110824","-77.1879385","1"
"170","NeedGoogleMapsAPIKey","39.7958278","-77.1803509","1"
"171","NeedGoogleMapsAPIKey","39.8025812","-77.1853805","1"
"172","NeedGoogleMapsAPIKey","39.8083585","-77.1898371","1"
"173","NeedGoogleMapsAPIKey","39.8134253","-77.1922455","1"
"174","NeedGoogleMapsAPIKey","39.808195","-77.1890335","1"
"175","NeedGoogleMapsAPIKey","39.8158803","-77.1886659","1"
"176","NeedGoogleMapsAPIKey","39.7974375","-77.1718851","1"
"177","NeedGoogleMapsAPIKey","39.8136634","-77.1854174","1"
"178","NeedGoogleMapsAPIKey","39.8075803","-77.1904998","1"
"179","NeedGoogleMapsAPIKey","39.8027856","-77.1938771","1"
"180","NeedGoogleMapsAPIKey","39.803072","-77.1949826","1"
"181","NeedGoogleMapsAPIKey","39.8060003","-77.1840336","1"
"182","NeedGoogleMapsAPIKey","39.8111698","-77.191912","1"
"183","NeedGoogleMapsAPIKey","39.801397","-77.1886619","1"
"184","NeedGoogleMapsAPIKey","39.80623","-77.1796258","1"
"185","NeedGoogleMapsAPIKey","39.8209695","-77.1839815","1"
"186","NeedGoogleMapsAPIKey","39.7986042","-77.1886612","1"
"187","NeedGoogleMapsAPIKey","39.8021686","-77.1939528","1"
"188","NeedGoogleMapsAPIKey","39.812252","-77.1887508","1"
"189","NeedGoogleMapsAPIKey","39.8084367","-77.1816665","1"
"190","NeedGoogleMapsAPIKey","39.8169781","-77.182079","1"
"191","NeedGoogleMapsAPIKey","39.8133138","-77.1881755","1"
"192","NeedGoogleMapsAPIKey","39.8144231","-77.1868115","1"
"193","NeedGoogleMapsAPIKey","39.8196883","-77.1804693","1"
"194","NeedGoogleMapsAPIKey","39.8061863","-77.1905059","1"
"195","NeedGoogleMapsAPIKey","39.8058452","-77.1818065","1"
"196","NeedGoogleMapsAPIKey","39.8025715","-77.1872517","1"
"197","NeedGoogleMapsAPIKey","39.8052279","-77.1924664","1"
"198","NeedGoogleMapsAPIKey","39.8300722","-77.2638136","1"
"199","NeedGoogleMapsAPIKey","39.8163064","-77.2839871","1"
"200","NeedGoogleMapsAPIKey","39.8272457","-77.2481931","1"
"201","NeedGoogleMapsAPIKey","39.8224822","-77.258559","1"
"202","NeedGoogleMapsAPIKey","39.8344337","-77.2669372","1"
"203","NeedGoogleMapsAPIKey","39.8274549","-77.2491301","1"
"204","NeedGoogleMapsAPIKey","39.8314788","-77.2749895","1"
"205","NeedGoogleMapsAPIKey","39.8222684","-77.2532358","1"
"206","NeedGoogleMapsAPIKey","39.8270375","-77.2620748","1"
"207","NeedGoogleMapsAPIKey","39.8360302","-77.2677881","1"
"208","NeedGoogleMapsAPIKey","39.8321819","-77.2681446","1"
"209","NeedGoogleMapsAPIKey","39.8265978","-77.241449","1"
"210","NeedGoogleMapsAPIKey","39.8374668","-77.2589182","1"
"211","NeedGoogleMapsAPIKey","39.8254541","-77.2542906","1"
"212","NeedGoogleMapsAPIKey","39.8353904","-77.2700832","1"
"213","NeedGoogleMapsAPIKey","39.8272662","-77.2442042","1"
"214","NeedGoogleMapsAPIKey","39.8278242","-77.2744367","1"
"215","NeedGoogleMapsAPIKey","39.8223765","-77.2559591","1"
"216","NeedGoogleMapsAPIKey","39.8299704","-77.2596109","1"
"217","NeedGoogleMapsAPIKey","39.8284613","-77.266687","1"
"218","NeedGoogleMapsAPIKey","39.8273315","-77.249514","1"
"219","NeedGoogleMapsAPIKey","39.8371366","-77.2649735","1"
"220","NeedGoogleMapsAPIKey","39.8256684","-77.2522574","1"
"221","NeedGoogleMapsAPIKey","39.8228145","-77.2702144","1"
"222","NeedGoogleMapsAPIKey","39.8377867","-77.2681747","1"
"223","NeedGoogleMapsAPIKey","39.8296619","-77.2455433","1"
"224","NeedGoogleMapsAPIKey","39.8345167","-77.2747019","1"
"225","NeedGoogleMapsAPIKey","39.8278382","-77.2597206","1"
"226","NeedGoogleMapsAPIKey","39.8272388","-77.2637969","1"
"227","NeedGoogleMapsAPIKey","39.8230782","-77.2576614","1"
"228","NeedGoogleMapsAPIKey","39.8084993","-77.2810645","1"
"229","NeedGoogleMapsAPIKey","39.8257606","-77.2646206","1"
"230","NeedGoogleMapsAPIKey","39.8370585","-77.2692515","1"
"231","NeedGoogleMapsAPIKey","39.8227231","-77.2787556","1"
"232","NeedGoogleMapsAPIKey","39.834125","-77.2685737","1"
"233","NeedGoogleMapsAPIKey","39.8108615","-77.2880398","1"
"234","NeedGoogleMapsAPIKey","39.8250512","-77.279533","1"
"235","NeedGoogleMapsAPIKey","39.8216834","-77.2726057","1"
"236","NeedGoogleMapsAPIKey","39.8349136","-77.273583","1"
"237","NeedGoogleMapsAPIKey","39.8268842","-77.2631298","1"
"238","NeedGoogleMapsAPIKey","39.8248994","-77.2551765","1"
"239","NeedGoogleMapsAPIKey","39.8278856","-77.2678792","1"
"240","NeedGoogleMapsAPIKey","39.8262707","-77.2638463","1"
"241","NeedGoogleMapsAPIKey","39.8256891","-77.2648868","1"
"242","NeedGoogleMapsAPIKey","39.8313449","-77.2748328","1"
"243","NeedGoogleMapsAPIKey","39.8254352","-77.2727916","1"
"244","NeedGoogleMapsAPIKey","39.8290001","-77.2678765","1"
"245","NeedGoogleMapsAPIKey","39.8360474","-77.268737","1"
"246","NeedGoogleMapsAPIKey","39.825765","-77.2639134","1"
"247","NeedGoogleMapsAPIKey","39.8235092","-77.269528","1"
"248","NeedGoogleMapsAPIKey","39.8292477","-77.2604233","1"
"249","NeedGoogleMapsAPIKey","39.8026911","-77.2707185","1"
"250","NeedGoogleMapsAPIKey","39.8248472","-77.2719888","1"
"251","NeedGoogleMapsAPIKey","39.8108249","-77.2704871","1"
"252","NeedGoogleMapsAPIKey","39.8302587","-77.2577892","1"
"253","NeedGoogleMapsAPIKey","39.8252971","-77.2688183","1"
"254","NeedGoogleMapsAPIKey","39.8235218","-77.2561885","1"
"255","NeedGoogleMapsAPIKey","39.8225378","-77.2543367","1"
"256","NeedGoogleMapsAPIKey","39.8288085","-77.2624623","1"
"257","NeedGoogleMapsAPIKey","39.8346137","-77.2746419","1"
"258","NeedGoogleMapsAPIKey","39.8326578","-77.2679517","1"
"259","NeedGoogleMapsAPIKey","39.8259237","-77.2474799","1"
"260","NeedGoogleMapsAPIKey","39.8288082","-77.2652112","1"
"261","NeedGoogleMapsAPIKey","39.8233222","-77.2768557","1"
"262","NeedGoogleMapsAPIKey","39.8258783","-77.2500152","1"
"263","NeedGoogleMapsAPIKey","39.8350096","-77.2743924","1"
"264","NeedGoogleMapsAPIKey","39.8308938","-77.267226","1"
"265","NeedGoogleMapsAPIKey","39.8041473","-77.2730454","1"
"266","NeedGoogleMapsAPIKey","39.8379827","-77.2692805","1"
"267","NeedGoogleMapsAPIKey","39.8311329","-77.274425","1"
"268","NeedGoogleMapsAPIKey","39.8276327","-77.2622352","1"
"269","NeedGoogleMapsAPIKey","39.8243779","-77.2771649","1"
"270","NeedGoogleMapsAPIKey","39.8342474","-77.2727127","1"
"271","NeedGoogleMapsAPIKey","39.8261965","-77.2712796","1"
"272","NeedGoogleMapsAPIKey","39.8262664","-77.251367","1"
"273","NeedGoogleMapsAPIKey","39.8270129","-77.2648605","1"
"274","NeedGoogleMapsAPIKey","39.824749","-77.2875124","1"
"275","NeedGoogleMapsAPIKey","39.8231221","-77.2575242","1"
"276","NeedGoogleMapsAPIKey","39.8296367","-77.2698024","1"
"277","NeedGoogleMapsAPIKey","39.8288528","-77.264587","1"
"278","NeedGoogleMapsAPIKey","39.8276754","-77.2604445","1"
"279","NeedGoogleMapsAPIKey","39.8309511","-77.2732232","1"
"280","NeedGoogleMapsAPIKey","39.8301385","-77.2762749","1"
"281","NeedGoogleMapsAPIKey","39.8252499","-77.2800377","1"
"282","NeedGoogleMapsAPIKey","39.8307931","-77.267833","1"
"283","NeedGoogleMapsAPIKey","39.8346037","-77.2718163","1"
"284","NeedGoogleMapsAPIKey","39.8282085","-77.2722969","1"
"285","NeedGoogleMapsAPIKey","39.8270718","-77.260748","1"
"286","NeedGoogleMapsAPIKey","39.8211167","-77.2991742","1"
"287","NeedGoogleMapsAPIKey","39.8269438","-77.2491656","1"
"288","NeedGoogleMapsAPIKey","39.8264648","-77.2424571","1"
"289","NeedGoogleMapsAPIKey","39.8358536","-77.2702383","1"
"290","NeedGoogleMapsAPIKey","39.8273642","-77.2621427","1"
"291","NeedGoogleMapsAPIKey","39.8349678","-77.2735641","1"
"292","NeedGoogleMapsAPIKey","39.8251416","-77.2797873","1"
"293","NeedGoogleMapsAPIKey","39.8255918","-77.2705972","1"
"294","NeedGoogleMapsAPIKey","39.8257506","-77.2642901","1"
"295","NeedGoogleMapsAPIKey","39.8261846","-77.272115","1"
"296","NeedGoogleMapsAPIKey","39.8233577","-77.2550665","1"
"297","NeedGoogleMapsAPIKey","39.8340651","-77.2672745","1"
"298","NeedGoogleMapsAPIKey","39.8276358","-77.2408934","1"
"299","NeedGoogleMapsAPIKey","39.8265829","-77.2613114","1"
"300","NeedGoogleMapsAPIKey","39.8264256","-77.2520336","1"
"301","NeedGoogleMapsAPIKey","39.8336406","-77.27279","1"
"302","NeedGoogleMapsAPIKey","39.8216785","-77.2679614","1"
"303","NeedGoogleMapsAPIKey","39.8264145","-77.2746876","1"
"304","NeedGoogleMapsAPIKey","39.8231907","-77.2566952","1"
"305","NeedGoogleMapsAPIKey","39.8252135","-77.2696156","1"
"306","NeedGoogleMapsAPIKey","39.8385753","-77.268504","1"
"307","NeedGoogleMapsAPIKey","39.8379079","-77.2636371","1"
"308","NeedGoogleMapsAPIKey","39.8294907","-77.2583117","1"
"309","NeedGoogleMapsAPIKey","39.826603","-77.2490733","1"
"310","NeedGoogleMapsAPIKey","39.8225473","-77.2569016","1"
"311","NeedGoogleMapsAPIKey","39.8245912","-77.2716839","1"
"312","NeedGoogleMapsAPIKey","39.8227924","-77.2557904","1"
"313","NeedGoogleMapsAPIKey","39.8244078","-77.2603099","1"
"314","NeedGoogleMapsAPIKey","39.8380238","-77.2660417","1"
"315","NeedGoogleMapsAPIKey","39.8312357","-77.2680476","1"
"316","NeedGoogleMapsAPIKey","39.8267829","-77.2647614","1"
"317","NeedGoogleMapsAPIKey","39.8250432","-77.2729449","1"
"318","NeedGoogleMapsAPIKey","39.8292206","-77.2732957","1"
"319","NeedGoogleMapsAPIKey","39.8291252","-77.274409","1"
"320","NeedGoogleMapsAPIKey","39.8269532","-77.2464347","1"
"321","NeedGoogleMapsAPIKey","39.8250203","-77.2780629","1"
"322","NeedGoogleMapsAPIKey","39.8335954","-77.2744246","1"
"323","NeedGoogleMapsAPIKey","39.8234756","-77.2636334","1"
"324","NeedGoogleMapsAPIKey","39.8064375","-77.297321","1"
"325","NeedGoogleMapsAPIKey","39.8339254","-77.2615599","1"
"326","NeedGoogleMapsAPIKey","39.8241509","-77.2807059","1"
"327","NeedGoogleMapsAPIKey","39.829304","-77.2681954","1"
"328","NeedGoogleMapsAPIKey","39.8309881","-77.2464489","1"
"329","NeedGoogleMapsAPIKey","39.8163792","-77.1923335","1"
"330","NeedGoogleMapsAPIKey","39.8097454","-77.1983114","1"
"331","NeedGoogleMapsAPIKey","39.8320026","-77.2244254","1"
"332","NeedGoogleMapsAPIKey","39.8181345","-77.1957296","1"
"333","NeedGoogleMapsAPIKey","39.8233378","-77.1945666","1"
"334","NeedGoogleMapsAPIKey","39.8308209","-77.2264361","1"
"335","NeedGoogleMapsAPIKey","39.8395527","-77.2090541","1"
"336","NeedGoogleMapsAPIKey","39.8425405","-77.2009136","1"
"337","NeedGoogleMapsAPIKey","39.8398171","-77.2067044","1"
"338","NeedGoogleMapsAPIKey","39.8303572","-77.2214227","1"
"339","NeedGoogleMapsAPIKey","39.8301544","-77.2233901","1"
"340","NeedGoogleMapsAPIKey","39.8299558","-77.2243509","1"
"341","NeedGoogleMapsAPIKey","39.8370491","-77.2085084","1"
"342","NeedGoogleMapsAPIKey","39.8210459","-77.1939385","1"
"343","NeedGoogleMapsAPIKey","39.8317541","-77.2229452","1"
"344","NeedGoogleMapsAPIKey","39.821801","-77.1957862","1"
"345","NeedGoogleMapsAPIKey","39.8308137","-77.2259637","1"
"346","NeedGoogleMapsAPIKey","39.8312685","-77.2214078","1"
"347","NeedGoogleMapsAPIKey","39.8308116","-77.2199881","1"
"348","NeedGoogleMapsAPIKey","39.8272854","-77.2292921","1"
"349","NeedGoogleMapsAPIKey","39.8272867","-77.1923827","1"
"350","NeedGoogleMapsAPIKey","39.8371932","-77.2081263","1"
"351","NeedGoogleMapsAPIKey","39.8369391","-77.2084763","1"
"352","NeedGoogleMapsAPIKey","39.8320408","-77.2217933","1"
"353","NeedGoogleMapsAPIKey","39.8295998","-77.2268878","1"
"354","NeedGoogleMapsAPIKey","39.8364321","-77.2154853","1"
"355","NeedGoogleMapsAPIKey","39.8205883","-77.1969236","1"
"356","NeedGoogleMapsAPIKey","39.8377018","-77.1759801","1"
"357","NeedGoogleMapsAPIKey","39.8335087","-77.2221926","1"
"358","NeedGoogleMapsAPIKey","39.8220287","-77.1947082","1"
"359","NeedGoogleMapsAPIKey","39.8368507","-77.2075746","1"
"360","NeedGoogleMapsAPIKey","39.8162731","-77.1913945","1"
"361","NeedGoogleMapsAPIKey","39.8298858","-77.2280391","1"
"362","NeedGoogleMapsAPIKey","39.8296223","-77.2256741","1"
"363","NeedGoogleMapsAPIKey","39.8319605","-77.2217252","1"
"364","NeedGoogleMapsAPIKey","39.8363327","-77.2082639","1"
"365","NeedGoogleMapsAPIKey","39.8213611","-77.1950597","1"
"366","NeedGoogleMapsAPIKey","39.8321218","-77.2241637","1"
"367","NeedGoogleMapsAPIKey","39.8233255","-77.1858178","1"
"368","NeedGoogleMapsAPIKey","39.8348525","-77.180547","1"
"369","NeedGoogleMapsAPIKey","39.8171518","-77.1928374","1"
"370","NeedGoogleMapsAPIKey","39.8445289","-77.2013515","1"
"371","NeedGoogleMapsAPIKey","39.8334609","-77.2222891","1"
"372","NeedGoogleMapsAPIKey","39.8339781","-77.223534","1"
"373","NeedGoogleMapsAPIKey","39.8370062","-77.213835","1"
"374","NeedGoogleMapsAPIKey","39.8308212","-77.2244942","1"
"375","NeedGoogleMapsAPIKey","39.8312403","-77.1816356","1"
"376","NeedGoogleMapsAPIKey","39.8160821","-77.1921196","1"
"377","NeedGoogleMapsAPIKey","39.8290314","-77.1827498","1"
"378","NeedGoogleMapsAPIKey","39.8322408","-77.2219254","1"
"379","NeedGoogleMapsAPIKey","39.8348258","-77.2216775","1"
"380","NeedGoogleMapsAPIKey","39.8308161","-77.2257509","1"
"381","NeedGoogleMapsAPIKey","39.8162982","-77.1992161","1"
"382","NeedGoogleMapsAPIKey","39.8107392","-77.1964277","1"
"383","NeedGoogleMapsAPIKey","39.8198105","-77.1941811","1"
"384","NeedGoogleMapsAPIKey","39.8295722","-77.2227812","1"
"385","NeedGoogleMapsAPIKey","39.8239044","-77.194353","1"
"386","NeedGoogleMapsAPIKey","39.8102483","-77.1975188","1"
"387","NeedGoogleMapsAPIKey","39.829918","-77.2253312","1"
"388","NeedGoogleMapsAPIKey","39.8452248","-77.214999","1"
"389","NeedGoogleMapsAPIKey","39.836312","-77.230252","1"
"390","NeedGoogleMapsAPIKey","39.8590878","-77.2337865","1"
"391","NeedGoogleMapsAPIKey","39.8310978","-77.2274341","1"
"392","NeedGoogleMapsAPIKey","39.836366","-77.2274725","1"
"393","NeedGoogleMapsAPIKey","39.8513705","-77.2137157","1"
"394","NeedGoogleMapsAPIKey","39.8360181","-77.2283827","1"
"395","NeedGoogleMapsAPIKey","39.8339274","-77.2290911","1"
"396","NeedGoogleMapsAPIKey","39.8590282","-77.2360241","1"
"397","NeedGoogleMapsAPIKey","39.8448517","-77.2161428","1"
"398","NeedGoogleMapsAPIKey","39.8396601","-77.2234763","1"
"399","NeedGoogleMapsAPIKey","39.8355062","-77.225789","1"
"400","NeedGoogleMapsAPIKey","39.8488526","-77.2307361","1"
"401","NeedGoogleMapsAPIKey","39.8486773","-77.2163404","1"
"402","NeedGoogleMapsAPIKey","39.8310663","-77.2328681","1"
"403","NeedGoogleMapsAPIKey","39.8557942","-77.2261924","1"
"404","NeedGoogleMapsAPIKey","39.8582282","-77.2359145","1"
"405","NeedGoogleMapsAPIKey","39.8295716","-77.2357936","1"
"406","NeedGoogleMapsAPIKey","39.8562449","-77.2556359","1"
"407","NeedGoogleMapsAPIKey","39.8327855","-77.2331981","1"
"408","NeedGoogleMapsAPIKey","39.8302704","-77.2318911","1"
"409","NeedGoogleMapsAPIKey","39.8419245","-77.2562981","1"
"410","NeedGoogleMapsAPIKey","39.8349856","-77.2331682","1"
"411","NeedGoogleMapsAPIKey","39.8284263","-77.2291111","1"
"412","NeedGoogleMapsAPIKey","39.8317757","-77.2396786","1"
"413","NeedGoogleMapsAPIKey","39.8286805","-77.2327503","1"
"414","NeedGoogleMapsAPIKey","39.8365126","-77.238307","1"
"415","NeedGoogleMapsAPIKey","39.8290729","-77.2312709","1"
"416","NeedGoogleMapsAPIKey","39.8307913","-77.2322555","1"
"417","NeedGoogleMapsAPIKey","39.8360247","-77.2291224","1"
"418","NeedGoogleMapsAPIKey","39.8404558","-77.2606016","1"
"419","NeedGoogleMapsAPIKey","39.8309977","-77.2359227","1"
"420","NeedGoogleMapsAPIKey","39.8513287","-77.2315776","1"
"421","NeedGoogleMapsAPIKey","39.8418176","-77.2383787","1"
"422","NeedGoogleMapsAPIKey","39.8405114","-77.2589954","1"
"423","NeedGoogleMapsAPIKey","39.8523801","-77.2333748","1"
"424","NeedGoogleMapsAPIKey","39.8371528","-77.230083","1"
"425","NeedGoogleMapsAPIKey","39.8298208","-77.239341","1"
"426","NeedGoogleMapsAPIKey","39.8567166","-77.2325628","1"
"427","NeedGoogleMapsAPIKey","39.8276932","-77.233173","1"
"428","NeedGoogleMapsAPIKey","39.831092","-77.2298317","1"
"429","NeedGoogleMapsAPIKey","39.8568413","-77.233327","1"
"430","NeedGoogleMapsAPIKey","39.8307536","-77.2341399","1"
"431","NeedGoogleMapsAPIKey","39.8569342","-77.2324952","1"
"432","NeedGoogleMapsAPIKey","39.8512085","-77.2154541","1"
"433","NeedGoogleMapsAPIKey","39.8296202","-77.2325254","1"
"434","NeedGoogleMapsAPIKey","39.8298809","-77.2319994","1"
"435","NeedGoogleMapsAPIKey","39.8471247","-77.2173734","1"
"436","NeedGoogleMapsAPIKey","39.8411768","-77.2243135","1"
"437","NeedGoogleMapsAPIKey","39.8368293","-77.2262865","1"
"438","NeedGoogleMapsAPIKey","39.8308158","-77.2275497","1"
"439","NeedGoogleMapsAPIKey","39.8494025","-77.2158279","1"
"440","NeedGoogleMapsAPIKey","39.833753","-77.2303931","1"
"441","NeedGoogleMapsAPIKey","39.8339852","-77.231403","1"
"442","NeedGoogleMapsAPIKey","39.8632107","-77.2425001","1"
"443","NeedGoogleMapsAPIKey","39.8353501","-77.2286827","1"
"444","NeedGoogleMapsAPIKey","39.8295265","-77.2409116","1"
"445","NeedGoogleMapsAPIKey","39.8310445","-77.2341174","1"
"446","NeedGoogleMapsAPIKey","39.8278557","-77.2347647","1"
"447","NeedGoogleMapsAPIKey","39.8450494","-77.2114641","1"
"448","NeedGoogleMapsAPIKey","39.8283131","-77.2297004","1"
"449","NeedGoogleMapsAPIKey","39.8513542","-77.2124347","1"
"450","NeedGoogleMapsAPIKey","39.8273796","-77.2404729","1"
"451","NeedGoogleMapsAPIKey","39.8276918","-77.2308895","1"
"452","NeedGoogleMapsAPIKey","39.8274828","-77.2346349","1"
"453","NeedGoogleMapsAPIKey","39.8273714","-77.2382615","1"
"454","NeedGoogleMapsAPIKey","39.8447489","-77.2169209","1"
"455","NeedGoogleMapsAPIKey","39.8456095","-77.2190234","1"
"456","NeedGoogleMapsAPIKey","39.8494531","-77.2176102","1"
"457","NeedGoogleMapsAPIKey","39.8310009","-77.2355167","1"
"458","NeedGoogleMapsAPIKey","39.8305941","-77.2405976","1"
"459","NeedGoogleMapsAPIKey","39.8371023","-77.2353168","1"
"460","NeedGoogleMapsAPIKey","39.8307979","-77.2300096","1"
"461","NeedGoogleMapsAPIKey","39.8348027","-77.233186","1"
"462","NeedGoogleMapsAPIKey","39.8492758","-77.2186277","1"
"463","NeedGoogleMapsAPIKey","39.8565251","-77.2350248","1"
"464","NeedGoogleMapsAPIKey","39.8408301","-77.2628634","1"
"465","NeedGoogleMapsAPIKey","39.8527463","-77.2288241","1"
"466","NeedGoogleMapsAPIKey","39.8298156","-77.2345035","1"
"467","NeedGoogleMapsAPIKey","39.8399236","-77.2257876","1"
"468","NeedGoogleMapsAPIKey","39.8311781","-77.236886","1"
"469","NeedGoogleMapsAPIKey","39.8589697","-77.2362361","1"
"470","NeedGoogleMapsAPIKey","39.8537959","-77.2272321","1"
"471","NeedGoogleMapsAPIKey","39.8363916","-77.2263201","1"
"472","NeedGoogleMapsAPIKey","39.8338408","-77.2298608","1"
"473","NeedGoogleMapsAPIKey","39.8332648","-77.230941","1"
"474","NeedGoogleMapsAPIKey","39.8620308","-77.247408","1"
"475","NeedGoogleMapsAPIKey","39.8477949","-77.2169203","1"
"476","NeedGoogleMapsAPIKey","39.8292443","-77.2414025","1"
"477","NeedGoogleMapsAPIKey","39.8359867","-77.23608","1"
"478","NeedGoogleMapsAPIKey","39.8520389","-77.2581928","1"
"479","NeedGoogleMapsAPIKey","39.8535896","-77.2449006","1"
"480","NeedGoogleMapsAPIKey","39.8569044","-77.2338982","1"
"481","NeedGoogleMapsAPIKey","39.8286937","-77.2359397","1"
"482","NeedGoogleMapsAPIKey","39.8371937","-77.2266089","1"
"483","NeedGoogleMapsAPIKey","39.8337802","-77.2287097","1"
"484","NeedGoogleMapsAPIKey","39.8271529","-77.2377692","1"
"485","NeedGoogleMapsAPIKey","39.8349369","-77.2343454","1"
"486","NeedGoogleMapsAPIKey","39.8626369","-77.2377192","1"
"487","NeedGoogleMapsAPIKey","39.8320978","-77.2411452","1"
"488","NeedGoogleMapsAPIKey","39.8484233","-77.2310358","1"
"489","NeedGoogleMapsAPIKey","39.8469869","-77.2187549","1"
"490","NeedGoogleMapsAPIKey","39.8402968","-77.2599213","1"
"491","NeedGoogleMapsAPIKey","39.851804","-77.2275273","1"
"492","NeedGoogleMapsAPIKey","39.8517169","-77.2134743","1"
"493","NeedGoogleMapsAPIKey","39.8491719","-77.2153499","1"
"494","NeedGoogleMapsAPIKey","39.8497195","-77.2168919","1"
"495","NeedGoogleMapsAPIKey","39.8540819","-77.2271428","1"
"496","NeedGoogleMapsAPIKey","39.8465567","-77.2148005","1"
"497","NeedGoogleMapsAPIKey","39.8341548","-77.2308133","1"
"498","NeedGoogleMapsAPIKey","39.8350336","-77.2294338","1"
"499","NeedGoogleMapsAPIKey","39.8310652","-77.2326568","1"
"500","NeedGoogleMapsAPIKey","39.8310027","-77.2352565","1"
"501","NeedGoogleMapsAPIKey","39.8542978","-77.2313593","1"
"502","NeedGoogleMapsAPIKey","39.8287075","-77.2331814","1"
"503","NeedGoogleMapsAPIKey","39.8264939","-77.2380456","1"
"504","NeedGoogleMapsAPIKey","39.8620853","-77.2382101","1"
"505","NeedGoogleMapsAPIKey","39.829897","-77.2292459","1"
"506","NeedGoogleMapsAPIKey","39.8274248","-77.2382426","1"
"507","NeedGoogleMapsAPIKey","39.8506126","-77.2318513","1"
"508","NeedGoogleMapsAPIKey","39.8618672","-77.2461394","1"
"509","NeedGoogleMapsAPIKey","39.8317698","-77.2400208","1"
"510","NeedGoogleMapsAPIKey","39.8276763","-77.2345318","1"
"511","NeedGoogleMapsAPIKey","39.8538885","-77.2161537","1"
"512","NeedGoogleMapsAPIKey","39.8345079","-77.2449681","1"
"513","NeedGoogleMapsAPIKey","39.8308074","-77.2281853","1"
"514","NeedGoogleMapsAPIKey","39.8284544","-77.2318661","1"
"515","NeedGoogleMapsAPIKey","39.8286834","-77.2312781","1"
"516","NeedGoogleMapsAPIKey","39.8276791","-77.2341032","1"
"517","NeedGoogleMapsAPIKey","39.831069","-77.2323173","1"
"518","NeedGoogleMapsAPIKey","39.8273503","-77.2334535","1"
"519","NeedGoogleMapsAPIKey","39.8371643","-77.2326666","1"
"520","NeedGoogleMapsAPIKey","39.8602957","-77.2375153","1"
"521","NeedGoogleMapsAPIKey","39.8265409","-77.2381284","1"
"522","NeedGoogleMapsAPIKey","39.8569483","-77.2289847","1"
"523","NeedGoogleMapsAPIKey","39.8514232","-77.2161167","1"
"524","NeedGoogleMapsAPIKey","39.8303524","-77.2365262","1"
"525","NeedGoogleMapsAPIKey","39.8609366","-77.2515705","1"
"526","NeedGoogleMapsAPIKey","39.8379657","-77.2287599","1"
"527","NeedGoogleMapsAPIKey","39.8547166","-77.2288282","1"
"528","NeedGoogleMapsAPIKey","39.8534104","-77.2275049","1"
"529","NeedGoogleMapsAPIKey","39.8627557","-77.2427898","1"
"530","NeedGoogleMapsAPIKey","39.8310333","-77.2343044","1"
"531","NeedGoogleMapsAPIKey","39.8298704","-77.2295406","1"
"532","NeedGoogleMapsAPIKey","39.8505068","-77.2308111","1"
"533","NeedGoogleMapsAPIKey","39.8306683","-77.2376447","1"
"534","NeedGoogleMapsAPIKey","39.8504688","-77.2123117","1"
"535","NeedGoogleMapsAPIKey","39.8575533","-77.2328476","1"
"536","NeedGoogleMapsAPIKey","39.8531471","-77.2126919","1"
"537","NeedGoogleMapsAPIKey","39.8521088","-77.228839","1"
"538","NeedGoogleMapsAPIKey","39.8389519","-77.2629476","1"
"539","NeedGoogleMapsAPIKey","39.8607454","-77.2369793","1"
"540","NeedGoogleMapsAPIKey","39.8469728","-77.2212599","1"
"541","NeedGoogleMapsAPIKey","39.8341424","-77.2296787","1"
"542","NeedGoogleMapsAPIKey","39.8521845","-77.2284256","1"
"543","NeedGoogleMapsAPIKey","39.8280913","-77.2372717","1"
"544","NeedGoogleMapsAPIKey","39.8457537","-77.2148663","1"
"545","NeedGoogleMapsAPIKey","39.829543","-77.2414515","1"
"546","NeedGoogleMapsAPIKey","39.828698","-77.2395797","1"
"547","NeedGoogleMapsAPIKey","39.8607981","-77.2427715","1"
"548","NeedGoogleMapsAPIKey","39.8307911","-77.2322017","1"
"549","NeedGoogleMapsAPIKey","39.8546174","-77.2308498","1"
"550","NeedGoogleMapsAPIKey","39.8341365","-77.2297345","1"
"551","NeedGoogleMapsAPIKey","39.8306508","-77.2285849","1"
"552","NeedGoogleMapsAPIKey","39.8573395","-77.2337483","1"
"553","NeedGoogleMapsAPIKey","39.8331475","-77.240432","1"
"554","NeedGoogleMapsAPIKey","39.8292744","-77.2423514","1"
"555","NeedGoogleMapsAPIKey","39.8384215","-77.2320426","1"
"556","NeedGoogleMapsAPIKey","39.8298276","-77.2397533","1"
"557","NeedGoogleMapsAPIKey","39.8583962","-77.2343434","1"
"558","NeedGoogleMapsAPIKey","39.8535513","-77.2127769","1"
"559","NeedGoogleMapsAPIKey","39.8522274","-77.2293315","1"
"560","NeedGoogleMapsAPIKey","39.858653","-77.2280804","1"
"561","NeedGoogleMapsAPIKey","39.8574066","-77.231793","1"
"562","NeedGoogleMapsAPIKey","39.8378567","-77.2331517","1"
"563","NeedGoogleMapsAPIKey","39.8486026","-77.2473821","1"
"564","NeedGoogleMapsAPIKey","39.828284","-77.2334398","1"
"565","NeedGoogleMapsAPIKey","39.8310027","-77.2355965","1"
"566","NeedGoogleMapsAPIKey","39.8434166","-77.2124755","1"
"567","NeedGoogleMapsAPIKey","39.8481364","-77.2599739","1"
"568","NeedGoogleMapsAPIKey","39.8457192","-77.214308","1"
"569","NeedGoogleMapsAPIKey","39.8432138","-77.2607149","1"
"570","NeedGoogleMapsAPIKey","39.8544247","-77.2294674","1"
"571","NeedGoogleMapsAPIKey","39.8308178","-77.2274819","1"
"572","NeedGoogleMapsAPIKey","39.8348771","-77.2287631","1"
"573","NeedGoogleMapsAPIKey","39.8295294","-77.2396286","1"
"574","NeedGoogleMapsAPIKey","39.8500385","-77.2181842","1"
"575","NeedGoogleMapsAPIKey","39.8529509","-77.2544146","1"
"576","NeedGoogleMapsAPIKey","39.8455759","-77.2682408","1"
"577","NeedGoogleMapsAPIKey","39.8270371","-77.2378034","1"
"578","NeedGoogleMapsAPIKey","39.8335969","-77.2326185","1"
"579","NeedGoogleMapsAPIKey","39.8307508","-77.2345326","1"
"580","NeedGoogleMapsAPIKey","39.8346553","-77.2442304","1"
"581","NeedGoogleMapsAPIKey","39.8295949","-77.2302171","1"
"582","NeedGoogleMapsAPIKey","39.8509156","-77.2139579","1"
"583","NeedGoogleMapsAPIKey","39.828302","-77.239962","1"
"584","NeedGoogleMapsAPIKey","39.8299194","-77.2287678","1"
"585","NeedGoogleMapsAPIKey","39.8318382","-77.2343738","1"
"586","NeedGoogleMapsAPIKey","39.8308247","-77.2303798","1"
"587","NeedGoogleMapsAPIKey","39.8310944","-77.2296376","1"
"588","NeedGoogleMapsAPIKey","39.827241","-77.2372418","1"
"589","NeedGoogleMapsAPIKey","39.8462657","-77.1694536","1"
"590","NeedGoogleMapsAPIKey","39.8472915","-77.1569702","1"
"591","NeedGoogleMapsAPIKey","39.8521698","-77.1733143","1"
"592","NeedGoogleMapsAPIKey","39.8501754","-77.1763813","1"
"593","NeedGoogleMapsAPIKey","39.8623271","-77.1651907","1"
"594","NeedGoogleMapsAPIKey","39.8442791","-77.1710567","1"
"595","NeedGoogleMapsAPIKey","39.8501151","-77.1872302","1"
"596","NeedGoogleMapsAPIKey","39.8571428","-77.1466363","1"
"597","NeedGoogleMapsAPIKey","39.8628792","-77.1910261","1"
"598","NeedGoogleMapsAPIKey","39.8491994","-77.174327","1"
"599","NeedGoogleMapsAPIKey","39.8523131","-77.1657922","1"
"600","NeedGoogleMapsAPIKey","39.858359","-77.1422347","1"
"601","NeedGoogleMapsAPIKey","39.8495088","-77.1766198","1"
"602","NeedGoogleMapsAPIKey","39.8540899","-77.1664157","1"
"603","NeedGoogleMapsAPIKey","39.8573828","-77.1425066","1"
"604","NeedGoogleMapsAPIKey","39.8679773","-77.1750192","1"
"605","NeedGoogleMapsAPIKey","39.848209","-77.1855196","1"
"606","NeedGoogleMapsAPIKey","39.8538527","-77.188895","1"
"607","NeedGoogleMapsAPIKey","39.8528574","-77.1590694","1"
"608","NeedGoogleMapsAPIKey","39.8421517","-77.1747141","1"
"609","NeedGoogleMapsAPIKey","39.8459909","-77.1809831","1"
"610","NeedGoogleMapsAPIKey","39.8574892","-77.2019065","1"
"611","NeedGoogleMapsAPIKey","39.8487329","-77.1837118","1"
"612","NeedGoogleMapsAPIKey","39.8509522","-77.1558206","1"
"613","NeedGoogleMapsAPIKey","39.8746046","-77.1706726","1"
"614","NeedGoogleMapsAPIKey","39.8435742","-77.1714216","1"
"615","NeedGoogleMapsAPIKey","39.86193","-77.1406798","1"
"616","NeedGoogleMapsAPIKey","39.8502342","-77.1712036","1"
"617","NeedGoogleMapsAPIKey","39.8489564","-77.1670503","1"
"618","NeedGoogleMapsAPIKey","39.8451979","-77.1860001","1"
"619","NeedGoogleMapsAPIKey","39.8667386","-77.1450313","1"
"620","NeedGoogleMapsAPIKey","39.8657991","-77.3653775","1"
"621","NeedGoogleMapsAPIKey","39.8499108","-77.3842165","1"
"622","NeedGoogleMapsAPIKey","39.8452637","-77.3825503","1"
"623","NeedGoogleMapsAPIKey","39.8500631","-77.3796177","1"
"624","NeedGoogleMapsAPIKey","39.8515973","-77.4137089","1"
"625","NeedGoogleMapsAPIKey","39.8499561","-77.383087","1"
"626","NeedGoogleMapsAPIKey","39.8607315","-77.3616236","1"
"627","NeedGoogleMapsAPIKey","39.872374","-77.3609779","1"
"628","NeedGoogleMapsAPIKey","39.844994","-77.4030789","1"
"629","NeedGoogleMapsAPIKey","39.853899","-77.3931037","1"
"630","NeedGoogleMapsAPIKey","39.8600133","-77.3892001","1"
"631","NeedGoogleMapsAPIKey","39.8494738","-77.3986994","1"
"632","NeedGoogleMapsAPIKey","39.8553197","-77.4089678","1"
"633","NeedGoogleMapsAPIKey","39.8521363","-77.377092","1"
"634","NeedGoogleMapsAPIKey","39.8594819","-77.3786878","1"
"635","NeedGoogleMapsAPIKey","39.8660356","-77.3558827","1"
"636","NeedGoogleMapsAPIKey","39.8531012","-77.3961967","1"
"637","NeedGoogleMapsAPIKey","39.8511859","-77.3948422","1"
"638","NeedGoogleMapsAPIKey","39.8670212","-77.3598101","1"
"639","NeedGoogleMapsAPIKey","39.8616687","-77.3678732","1"
"640","NeedGoogleMapsAPIKey","39.8634846","-77.4053613","1"
"641","NeedGoogleMapsAPIKey","39.8594099","-77.391443","1"
"642","NeedGoogleMapsAPIKey","39.8557205","-77.3862139","1"
"643","NeedGoogleMapsAPIKey","39.8462435","-77.4038027","1"
"644","NeedGoogleMapsAPIKey","39.8726613","-77.3828134","1"
"645","NeedGoogleMapsAPIKey","39.8728732","-77.399601","1"
"646","NeedGoogleMapsAPIKey","39.8688739","-77.3588361","1"
"647","NeedGoogleMapsAPIKey","39.8619348","-77.3549586","1"
"648","NeedGoogleMapsAPIKey","39.8511348","-77.4119114","1"
"649","NeedGoogleMapsAPIKey","39.845292","-77.2749047","1"
"650","NeedGoogleMapsAPIKey","39.8640373","-77.2715605","1"
"651","NeedGoogleMapsAPIKey","39.8696183","-77.2720933","1"
"652","NeedGoogleMapsAPIKey","39.8604304","-77.3012775","1"
"653","NeedGoogleMapsAPIKey","39.8461356","-77.2740996","1"
"654","NeedGoogleMapsAPIKey","39.8504603","-77.2782133","1"
"655","NeedGoogleMapsAPIKey","39.8661515","-77.2456562","1"
"656","NeedGoogleMapsAPIKey","39.8655499","-77.2707719","1"
"657","NeedGoogleMapsAPIKey","39.8467628","-77.270888","1"
"658","NeedGoogleMapsAPIKey","39.8526394","-77.2654912","1"
"659","NeedGoogleMapsAPIKey","39.8465008","-77.2848144","1"
"660","NeedGoogleMapsAPIKey","39.8647691","-77.2453866","1"
"661","NeedGoogleMapsAPIKey","39.8524034","-77.2849248","1"
"662","NeedGoogleMapsAPIKey","39.8615379","-77.2504005","1"
"663","NeedGoogleMapsAPIKey","39.8621965","-77.2946925","1"
"664","NeedGoogleMapsAPIKey","39.8461583","-77.2763206","1"
"665","NeedGoogleMapsAPIKey","39.8645089","-77.2675114","1"
"666","NeedGoogleMapsAPIKey","39.8451545","-77.2754389","1"
"667","NeedGoogleMapsAPIKey","39.8451016","-77.2741406","1"
"668","NeedGoogleMapsAPIKey","39.8470944","-77.2750021","1"
"669","NeedGoogleMapsAPIKey","39.8456992","-77.276165","1"
"670","NeedGoogleMapsAPIKey","39.8593732","-77.255348","1"
"671","NeedGoogleMapsAPIKey","39.845035","-77.2760218","1"
"672","NeedGoogleMapsAPIKey","39.8504648","-77.2815269","1"
"673","NeedGoogleMapsAPIKey","39.8459607","-77.2716988","1"
"674","NeedGoogleMapsAPIKey","39.8700438","-77.2734688","1"
"675","NeedGoogleMapsAPIKey","39.8673561","-77.2880488","1"
"676","NeedGoogleMapsAPIKey","39.8453158","-77.2738132","1"
"677","NeedGoogleMapsAPIKey","39.8747141","-77.2714676","1"
"678","NeedGoogleMapsAPIKey","39.8517387","-77.2795811","1"
"679","NeedGoogleMapsAPIKey","39.858352","-77.2983861","1"
"680","NeedGoogleMapsAPIKey","39.8757734","-77.272738","1"
"681","NeedGoogleMapsAPIKey","39.8456987","-77.27176","1"
"682","NeedGoogleMapsAPIKey","39.8518169","-77.2846869","1"
"683","NeedGoogleMapsAPIKey","39.859145","-77.3037477","1"
"684","NeedGoogleMapsAPIKey","39.8760283","-77.2748519","1"
"685","NeedGoogleMapsAPIKey","39.8466215","-77.2746719","1"
"686","NeedGoogleMapsAPIKey","39.8454725","-77.2757598","1"
"687","NeedGoogleMapsAPIKey","39.8461923","-77.2735684","1"
"688","NeedGoogleMapsAPIKey","39.8687011","-77.2469648","1"
"689","NeedGoogleMapsAPIKey","39.8444024","-77.2744125","1"
"690","NeedGoogleMapsAPIKey","39.8595302","-77.3018482","1"
"691","NeedGoogleMapsAPIKey","39.8549848","-77.2967997","1"
"692","NeedGoogleMapsAPIKey","39.8471026","-77.2701674","1"
"693","NeedGoogleMapsAPIKey","39.8558184","-77.275443","1"
"694","NeedGoogleMapsAPIKey","39.8463289","-77.2718306","1"
"695","NeedGoogleMapsAPIKey","39.8518913","-77.2817713","1"
"696","NeedGoogleMapsAPIKey","39.8730334","-77.2712627","1"
"697","NeedGoogleMapsAPIKey","39.8593024","-77.3010108","1"
"698","NeedGoogleMapsAPIKey","39.8669907","-77.2342798","1"
"699","NeedGoogleMapsAPIKey","39.8667972","-77.234531","1"
"700","NeedGoogleMapsAPIKey","39.8540415","-77.2045284","1"
"701","NeedGoogleMapsAPIKey","39.8644211","-77.234879","1"
"702","NeedGoogleMapsAPIKey","39.8674979","-77.2345839","1"
"703","NeedGoogleMapsAPIKey","39.8691438","-77.2367347","1"
"704","NeedGoogleMapsAPIKey","39.8567145","-77.213186","1"
"705","NeedGoogleMapsAPIKey","39.8684051","-77.237458","1"
"706","NeedGoogleMapsAPIKey","39.8684534","-77.235241","1"
"707","NeedGoogleMapsAPIKey","39.8681514","-77.2348157","1"
"708","NeedGoogleMapsAPIKey","39.8665766","-77.2391838","1"
"709","NeedGoogleMapsAPIKey","39.8783801","-77.1878415","1"
"710","NeedGoogleMapsAPIKey","39.8687541","-77.2348399","1"
"711","NeedGoogleMapsAPIKey","39.8669706","-77.2065952","1"
"712","NeedGoogleMapsAPIKey","39.8646561","-77.2407818","1"
"713","NeedGoogleMapsAPIKey","39.8577158","-77.2086579","1"
"714","NeedGoogleMapsAPIKey","39.864152","-77.2405978","1"
"715","NeedGoogleMapsAPIKey","39.8688264","-77.2349828","1"
"716","NeedGoogleMapsAPIKey","39.867972","-77.2355888","1"
"717","NeedGoogleMapsAPIKey","39.8586655","-77.2103867","1"
"718","NeedGoogleMapsAPIKey","39.8690804","-77.2368846","1"
"719","NeedGoogleMapsAPIKey","39.868391","-77.2350879","1"
"720","NeedGoogleMapsAPIKey","39.8571517","-77.2144369","1"
"721","NeedGoogleMapsAPIKey","39.8592999","-77.2121892","1"
"722","NeedGoogleMapsAPIKey","39.8670722","-77.2346587","1"
"723","NeedGoogleMapsAPIKey","39.8821294","-77.1964985","1"
"724","NeedGoogleMapsAPIKey","39.8681696","-77.2375305","1"
"725","NeedGoogleMapsAPIKey","39.8659778","-77.221831","1"
"726","NeedGoogleMapsAPIKey","39.8651224","-77.2344853","1"
"727","NeedGoogleMapsAPIKey","39.9016171","-77.3396597","1"
"728","NeedGoogleMapsAPIKey","39.8848505","-77.3617046","1"
"729","NeedGoogleMapsAPIKey","39.8968789","-77.3682168","1"
"730","NeedGoogleMapsAPIKey","39.8758021","-77.3589785","1"
"731","NeedGoogleMapsAPIKey","39.8927029","-77.3561239","1"
"732","NeedGoogleMapsAPIKey","39.8788852","-77.3469937","1"
"733","NeedGoogleMapsAPIKey","39.880858","-77.3517961","1"
"734","NeedGoogleMapsAPIKey","39.8887919","-77.3588886","1"
"735","NeedGoogleMapsAPIKey","39.8950124","-77.3612967","1"
"736","NeedGoogleMapsAPIKey","39.8832796","-77.3575572","1"
"737","NeedGoogleMapsAPIKey","39.8878807","-77.3471344","1"
"738","NeedGoogleMapsAPIKey","39.8773712","-77.3474405","1"
"739","NeedGoogleMapsAPIKey","39.8874742","-77.357383","1"
"740","NeedGoogleMapsAPIKey","39.8971637","-77.3543354","1"
"741","NeedGoogleMapsAPIKey","39.880386","-77.3584024","1"
"742","NeedGoogleMapsAPIKey","39.879607","-77.3476118","1"
"743","NeedGoogleMapsAPIKey","39.88375","-77.3576014","1"
"744","NeedGoogleMapsAPIKey","39.8993864","-77.3388474","1"
"745","NeedGoogleMapsAPIKey","39.8811595","-77.3512886","1"
"746","NeedGoogleMapsAPIKey","39.8818542","-77.3540521","1"
"747","NeedGoogleMapsAPIKey","39.8986662","-77.3788336","1"
"748","NeedGoogleMapsAPIKey","39.8754617","-77.3544862","1"
"749","NeedGoogleMapsAPIKey","39.9021993","-77.344185","1"
"750","NeedGoogleMapsAPIKey","39.8905775","-77.356923","1"
"751","NeedGoogleMapsAPIKey","39.8910935","-77.356816","1"
"752","NeedGoogleMapsAPIKey","39.8823005","-77.3551408","1"
"753","NeedGoogleMapsAPIKey","39.8789835","-77.3591243","1"
"754","NeedGoogleMapsAPIKey","39.8964126","-77.3654213","1"
"755","NeedGoogleMapsAPIKey","39.894072","-77.3551217","1"
"756","NeedGoogleMapsAPIKey","39.887223","-77.3581479","1"
"757","NeedGoogleMapsAPIKey","39.9005607","-77.3527769","1"
"758","NeedGoogleMapsAPIKey","39.8825148","-77.3395305","1"
"759","NeedGoogleMapsAPIKey","39.8863514","-77.3599615","1"
"760","NeedGoogleMapsAPIKey","39.8890736","-77.35848","1"
"761","NeedGoogleMapsAPIKey","39.8839128","-77.3415504","1"
"762","NeedGoogleMapsAPIKey","39.8975974","-77.3728652","1"
"763","NeedGoogleMapsAPIKey","39.8857651","-77.3679267","1"
"764","NeedGoogleMapsAPIKey","39.8848047","-77.3685467","1"
"765","NeedGoogleMapsAPIKey","39.8841991","-77.3403769","1"
"766","NeedGoogleMapsAPIKey","39.8888437","-77.1902915","1"
"767","NeedGoogleMapsAPIKey","39.8818871","-77.1785104","1"
"768","NeedGoogleMapsAPIKey","39.9011855","-77.193946","1"
"769","NeedGoogleMapsAPIKey","39.8864448","-77.1665516","1"
"770","NeedGoogleMapsAPIKey","39.8788377","-77.183059","1"
"771","NeedGoogleMapsAPIKey","39.8820935","-77.1828419","1"
"772","NeedGoogleMapsAPIKey","39.8902298","-77.1603009","1"
"773","NeedGoogleMapsAPIKey","39.8812018","-77.1797925","1"
"774","NeedGoogleMapsAPIKey","39.8838729","-77.1658911","1"
"775","NeedGoogleMapsAPIKey","39.9049844","-77.159257","1"
"776","NeedGoogleMapsAPIKey","39.8867054","-77.1665697","1"
"777","NeedGoogleMapsAPIKey","39.8844831","-77.1654777","1"
"778","NeedGoogleMapsAPIKey","39.8835077","-77.1802979","1"
"779","NeedGoogleMapsAPIKey","39.8822972","-77.177593","1"
"780","NeedGoogleMapsAPIKey","39.8871908","-77.166625","1"
"781","NeedGoogleMapsAPIKey","39.881403","-77.1837817","1"
"782","NeedGoogleMapsAPIKey","39.8892599","-77.1491587","1"
"783","NeedGoogleMapsAPIKey","39.8819645","-77.1814328","1"
"784","NeedGoogleMapsAPIKey","39.8974327","-77.2076246","1"
"785","NeedGoogleMapsAPIKey","39.8821866","-77.1787125","1"
"786","NeedGoogleMapsAPIKey","39.8860383","-77.1658136","1"
"787","NeedGoogleMapsAPIKey","39.8787895","-77.1857602","1"
"788","NeedGoogleMapsAPIKey","39.8789932","-77.1823967","1"
"789","NeedGoogleMapsAPIKey","39.8791395","-77.1847273","1"
"790","NeedGoogleMapsAPIKey","39.8898292","-77.1905919","1"
"791","NeedGoogleMapsAPIKey","39.8831721","-77.1799291","1"
"792","NeedGoogleMapsAPIKey","39.8868523","-77.1973688","1"
"793","NeedGoogleMapsAPIKey","39.8895344","-77.1908621","1"
"794","NeedGoogleMapsAPIKey","39.8830565","-77.1796842","1"
"795","NeedGoogleMapsAPIKey","39.8823356","-77.1597051","1"
"796","NeedGoogleMapsAPIKey","39.8882743","-77.1973463","1"
"797","NeedGoogleMapsAPIKey","39.8796503","-77.1824032","1"
"798","NeedGoogleMapsAPIKey","39.8849619","-77.1667021","1"
"799","NeedGoogleMapsAPIKey","39.8822805","-77.1801082","1"
"800","NeedGoogleMapsAPIKey","39.8912613","-77.155898","1"
"801","NeedGoogleMapsAPIKey","39.8821653","-77.184277","1"
"802","NeedGoogleMapsAPIKey","39.9105525","-77.1869349","1"
"803","NeedGoogleMapsAPIKey","39.8792688","-77.1855559","1"
"804","NeedGoogleMapsAPIKey","39.8794229","-77.1864243","1"
"805","NeedGoogleMapsAPIKey","39.8820081","-77.1597164","1"
"806","NeedGoogleMapsAPIKey","39.9075563","-77.1781825","1"
"807","NeedGoogleMapsAPIKey","39.88271","-77.1850337","1"
"808","NeedGoogleMapsAPIKey","39.8806115","-77.1833009","1"
"809","NeedGoogleMapsAPIKey","39.8911436","-77.160457","1"
"810","NeedGoogleMapsAPIKey","39.8799534","-77.1802651","1"
"811","NeedGoogleMapsAPIKey","39.8838384","-77.1805866","1"
"812","NeedGoogleMapsAPIKey","39.8979723","-77.188554","1"
"813","NeedGoogleMapsAPIKey","39.880135","-77.1635364","1"
"814","NeedGoogleMapsAPIKey","39.8823779","-77.1590201","1"
"815","NeedGoogleMapsAPIKey","39.9085841","-77.1927892","1"
"816","NeedGoogleMapsAPIKey","39.8823534","-77.1601206","1"
"817","NeedGoogleMapsAPIKey","39.8978922","-77.2103445","1"
"818","NeedGoogleMapsAPIKey","39.8809372","-77.1837094","1"
"819","NeedGoogleMapsAPIKey","39.8783417","-77.1819429","1"
"820","NeedGoogleMapsAPIKey","39.879286","-77.1812385","1"
"821","NeedGoogleMapsAPIKey","39.8843893","-77.1605181","1"
"822","NeedGoogleMapsAPIKey","39.8802853","-77.1864536","1"
"823","NeedGoogleMapsAPIKey","39.8820256","-77.1841774","1"
"824","NeedGoogleMapsAPIKey","39.880544","-77.1804901","1"
"825","NeedGoogleMapsAPIKey","39.8971656","-77.2090993","1"
"826","NeedGoogleMapsAPIKey","39.8832169","-77.1788894","1"
"827","NeedGoogleMapsAPIKey","39.8904556","-77.183246","1"
"828","NeedGoogleMapsAPIKey","39.8834218","-77.1820405","1"
"829","NeedGoogleMapsAPIKey","39.8974704","-77.1890061","1"
"830","NeedGoogleMapsAPIKey","39.8856794","-77.165298","1"
"831","NeedGoogleMapsAPIKey","39.8826064","-77.1779569","1"
"832","NeedGoogleMapsAPIKey","39.8811512","-77.1796723","1"
"833","NeedGoogleMapsAPIKey","39.8797064","-77.1855877","1"
"834","NeedGoogleMapsAPIKey","39.8902504","-77.1911558","1"
"835","NeedGoogleMapsAPIKey","39.8915944","-77.1822342","1"
"836","NeedGoogleMapsAPIKey","39.8802088","-77.1799197","1"
"837","NeedGoogleMapsAPIKey","39.8782403","-77.1621232","1"
"838","NeedGoogleMapsAPIKey","39.8818396","-77.179133","1"
"839","NeedGoogleMapsAPIKey","39.8982698","-77.4367345","1"
"840","NeedGoogleMapsAPIKey","39.9027428","-77.4657728","1"
"841","NeedGoogleMapsAPIKey","39.8993069","-77.4367044","1"
"842","NeedGoogleMapsAPIKey","39.9018446","-77.4182042","1"
"843","NeedGoogleMapsAPIKey","39.8985756","-77.4314152","1"
"844","NeedGoogleMapsAPIKey","39.9026365","-77.4086253","1"
"845","NeedGoogleMapsAPIKey","39.9027962","-77.4632237","1"
"846","NeedGoogleMapsAPIKey","39.9002684","-77.4126767","1"
"847","NeedGoogleMapsAPIKey","39.8993269","-77.4425878","1"
"848","NeedGoogleMapsAPIKey","39.8994786","-77.4341999","1"
"849","NeedGoogleMapsAPIKey","39.8945534","-77.4333589","1"
"850","NeedGoogleMapsAPIKey","39.9021369","-77.4059819","1"
"851","NeedGoogleMapsAPIKey","39.8970025","-77.4256145","1"
"852","NeedGoogleMapsAPIKey","39.8969381","-77.4318672","1"
"853","NeedGoogleMapsAPIKey","39.8978088","-77.4248613","1"
"854","NeedGoogleMapsAPIKey","39.903311","-77.4112588","1"
"855","NeedGoogleMapsAPIKey","39.8975688","-77.4586355","1"
"856","NeedGoogleMapsAPIKey","39.9015259","-77.4405041","1"
"857","NeedGoogleMapsAPIKey","39.9047703","-77.4188783","1"
"858","NeedGoogleMapsAPIKey","39.9001384","-77.4411592","1"
"859","NeedGoogleMapsAPIKey","39.9014506","-77.44144","1"
"860","NeedGoogleMapsAPIKey","39.9042225","-77.4069227","1"
"861","NeedGoogleMapsAPIKey","39.8977883","-77.4324693","1"
"862","NeedGoogleMapsAPIKey","39.9021038","-77.4467049","1"
"863","NeedGoogleMapsAPIKey","39.9026947","-77.4196787","1"
"864","NeedGoogleMapsAPIKey","39.9000021","-77.4321043","1"
"865","NeedGoogleMapsAPIKey","39.9070363","-77.4099923","1"
"866","NeedGoogleMapsAPIKey","39.9039011","-77.4100951","1"
"867","NeedGoogleMapsAPIKey","39.9026729","-77.4238071","1"
"868","NeedGoogleMapsAPIKey","39.9043631","-77.4228364","1"
"869","NeedGoogleMapsAPIKey","39.8990492","-77.4257935","1"
"870","NeedGoogleMapsAPIKey","39.9041071","-77.4097813","1"
"871","NeedGoogleMapsAPIKey","39.8926933","-77.4386286","1"
"872","NeedGoogleMapsAPIKey","39.9000613","-77.4301699","1"
"873","NeedGoogleMapsAPIKey","39.9016297","-77.4409349","1"
"874","NeedGoogleMapsAPIKey","39.9029078","-77.4159346","1"
"875","NeedGoogleMapsAPIKey","39.8937772","-77.4370812","1"
"876","NeedGoogleMapsAPIKey","39.9000999","-77.4255952","1"
"877","NeedGoogleMapsAPIKey","39.9320249","-77.4032065","1"
"878","NeedGoogleMapsAPIKey","39.9473172","-77.4034512","1"
"879","NeedGoogleMapsAPIKey","39.9553234","-77.389054","1"
"880","NeedGoogleMapsAPIKey","39.9537574","-77.3854338","1"
"881","NeedGoogleMapsAPIKey","39.9532762","-77.3897252","1"
"882","NeedGoogleMapsAPIKey","39.9541275","-77.3915635","1"
"883","NeedGoogleMapsAPIKey","39.9522532","-77.3937135","1"
"884","NeedGoogleMapsAPIKey","39.9358745","-77.4038432","1"
"885","NeedGoogleMapsAPIKey","39.9377935","-77.4295902","1"
"886","NeedGoogleMapsAPIKey","39.9333078","-77.3907085","1"
"887","NeedGoogleMapsAPIKey","39.9550723","-77.3924663","1"
"888","NeedGoogleMapsAPIKey","39.9468982","-77.4042602","1"
"889","NeedGoogleMapsAPIKey","39.948685","-77.4020265","1"
"890","NeedGoogleMapsAPIKey","39.9470831","-77.4039004","1"
"891","NeedGoogleMapsAPIKey","39.9436322","-77.3981791","1"
"892","NeedGoogleMapsAPIKey","39.9497473","-77.392627","1"
"893","NeedGoogleMapsAPIKey","39.9370357","-77.3974992","1"
"894","NeedGoogleMapsAPIKey","39.9534684","-77.3910118","1"
"895","NeedGoogleMapsAPIKey","39.9314554","-77.3927034","1"
"896","NeedGoogleMapsAPIKey","39.9306847","-77.4063142","1"
"897","NeedGoogleMapsAPIKey","39.9291803","-77.4066082","1"
"898","NeedGoogleMapsAPIKey","39.9469211","-77.4223283","1"
"899","NeedGoogleMapsAPIKey","39.9554368","-77.3822329","1"
"900","NeedGoogleMapsAPIKey","39.9517356","-77.3909308","1"
"901","NeedGoogleMapsAPIKey","39.947497","-77.422949","1"
"902","NeedGoogleMapsAPIKey","39.9428907","-77.4252402","1"
"903","NeedGoogleMapsAPIKey","39.9298719","-77.4035195","1"
"904","NeedGoogleMapsAPIKey","39.9552291","-77.389475","1"
"905","NeedGoogleMapsAPIKey","39.952653","-77.3921161","1"
"906","NeedGoogleMapsAPIKey","39.9321243","-77.4356017","1"
"907","NeedGoogleMapsAPIKey","39.9456323","-77.3906831","1"
"908","NeedGoogleMapsAPIKey","39.9344036","-77.3884148","1"
"909","NeedGoogleMapsAPIKey","39.9472311","-77.4235177","1"
"910","NeedGoogleMapsAPIKey","39.9302939","-77.4063916","1"
"1","Gettysburg Area HS","39.85302","-77.21639"
