"Littlestown Area School District","1","733","50","50"
"1","NeedGoogleMapsAPIKey","39.7235392","-77.1197622","1"
"2","NeedGoogleMapsAPIKey","39.7274886","-77.1222196","1"
"3","NeedGoogleMapsAPIKey","39.7292387","-77.1156493","1"
"4","NeedGoogleMapsAPIKey","39.7239562","-77.1222753","1"
"5","NeedGoogleMapsAPIKey","39.726051","-77.1189923","1"
"6","NeedGoogleMapsAPIKey","39.7324995","-77.112364","1"
"7","NeedGoogleMapsAPIKey","39.7200144","-77.1147009","1"
"8","NeedGoogleMapsAPIKey","39.722796","-77.1137647","1"
"9","NeedGoogleMapsAPIKey","39.728673","-77.1057106","1"
"10","NeedGoogleMapsAPIKey","39.7235314","-77.1204277","1"
"11","NeedGoogleMapsAPIKey","39.7222518","-77.1120237","1"
"12","NeedGoogleMapsAPIKey","39.7268805","-77.1062035","1"
"13","NeedGoogleMapsAPIKey","39.7229359","-77.1169902","1"
"14","NeedGoogleMapsAPIKey","39.7257702","-77.1050741","1"
"15","NeedGoogleMapsAPIKey","39.7217213","-77.1213992","1"
"16","NeedGoogleMapsAPIKey","39.7248472","-77.1196288","1"
"17","NeedGoogleMapsAPIKey","39.7319208","-77.1141053","1"
"18","NeedGoogleMapsAPIKey","39.7337285","-77.1145327","1"
"19","NeedGoogleMapsAPIKey","39.7272577","-77.1201756","1"
"20","NeedGoogleMapsAPIKey","39.7233587","-77.1100199","1"
"21","NeedGoogleMapsAPIKey","39.7296752","-77.116499","1"
"22","NeedGoogleMapsAPIKey","39.7335203","-77.1156742","1"
"23","NeedGoogleMapsAPIKey","39.727945","-77.1081722","1"
"24","NeedGoogleMapsAPIKey","39.7276236","-77.0620518","1"
"25","NeedGoogleMapsAPIKey","39.7284272","-77.0615505","1"
"26","NeedGoogleMapsAPIKey","39.7302094","-77.0621022","1"
"27","NeedGoogleMapsAPIKey","39.7309094","-77.0655782","1"
"28","NeedGoogleMapsAPIKey","39.7224639","-77.0676988","1"
"29","NeedGoogleMapsAPIKey","39.7300027","-77.0646241","1"
"30","NeedGoogleMapsAPIKey","39.7243077","-77.0674333","1"
"31","NeedGoogleMapsAPIKey","39.7232424","-77.0772746","1"
"32","NeedGoogleMapsAPIKey","39.7273965","-77.0690231","1"
"33","NeedGoogleMapsAPIKey","39.7323199","-77.070333","1"
"34","NeedGoogleMapsAPIKey","39.7296515","-77.0639809","1"
"35","NeedGoogleMapsAPIKey","39.7275143","-77.0606594","1"
"36","NeedGoogleMapsAPIKey","39.7291541","-77.0630121","1"
"37","NeedGoogleMapsAPIKey","39.7307026","-77.070361","1"
"38","NeedGoogleMapsAPIKey","39.7318335","-77.069188","1"
"39","NeedGoogleMapsAPIKey","39.7234982","-77.0672903","1"
"40","NeedGoogleMapsAPIKey","39.729063","-77.0695221","1"
"41","NeedGoogleMapsAPIKey","39.731728","-77.0650058","1"
"42","NeedGoogleMapsAPIKey","39.7309145","-77.0636753","1"
"43","NeedGoogleMapsAPIKey","39.7287606","-77.0669501","1"
"44","NeedGoogleMapsAPIKey","39.7268701","-77.0607982","1"
"45","NeedGoogleMapsAPIKey","39.7297249","-77.0656326","1"
"46","NeedGoogleMapsAPIKey","39.7231671","-77.0768221","1"
"47","NeedGoogleMapsAPIKey","39.7365178","-77.0932023","1"
"48","NeedGoogleMapsAPIKey","39.724397","-77.091012","1"
"49","NeedGoogleMapsAPIKey","39.736198","-77.0911534","1"
"50","NeedGoogleMapsAPIKey","39.7312831","-77.0923375","1"
"51","NeedGoogleMapsAPIKey","39.7243554","-77.0973509","1"
"52","NeedGoogleMapsAPIKey","39.7367069","-77.0953329","1"
"53","NeedGoogleMapsAPIKey","39.7360147","-77.0945389","1"
"54","NeedGoogleMapsAPIKey","39.7349001","-77.0925379","1"
"55","NeedGoogleMapsAPIKey","39.7359418","-77.0925179","1"
"56","NeedGoogleMapsAPIKey","39.7236308","-77.0987698","1"
"57","NeedGoogleMapsAPIKey","39.7243022","-77.0956862","1"
"58","NeedGoogleMapsAPIKey","39.7361965","-77.0977313","1"
"59","NeedGoogleMapsAPIKey","39.7372195","-77.0978247","1"
"60","NeedGoogleMapsAPIKey","39.7366968","-77.0944644","1"
"61","NeedGoogleMapsAPIKey","39.7243076","-77.0979617","1"
"62","NeedGoogleMapsAPIKey","39.7366822","-77.0956591","1"
"63","NeedGoogleMapsAPIKey","39.7370398","-77.0986927","1"
"64","NeedGoogleMapsAPIKey","39.7364132","-77.0984926","1"
"65","NeedGoogleMapsAPIKey","39.7296911","-77.0935117","1"
"66","NeedGoogleMapsAPIKey","39.7234011","-77.0900025","1"
"67","NeedGoogleMapsAPIKey","39.7289849","-77.0973236","1"
"68","NeedGoogleMapsAPIKey","39.7368647","-77.0936224","1"
"69","NeedGoogleMapsAPIKey","39.7261276","-77.1039253","1"
"70","NeedGoogleMapsAPIKey","39.7253694","-77.1043977","1"
"71","NeedGoogleMapsAPIKey","39.7360425","-77.0950106","1"
"72","NeedGoogleMapsAPIKey","39.7217571","-77.0063144","1"
"73","NeedGoogleMapsAPIKey","39.7249874","-77.0031817","1"
"74","NeedGoogleMapsAPIKey","39.7276888","-77.0080996","1"
"75","NeedGoogleMapsAPIKey","39.7253152","-77.0067175","1"
"76","NeedGoogleMapsAPIKey","39.7358324","-77.0121992","1"
"77","NeedGoogleMapsAPIKey","39.7327834","-77.003404","1"
"78","NeedGoogleMapsAPIKey","39.7355425","-77.0111496","1"
"79","NeedGoogleMapsAPIKey","39.7310536","-77.012074","1"
"80","NeedGoogleMapsAPIKey","39.7249047","-77.0055097","1"
"81","NeedGoogleMapsAPIKey","39.7323479","-77.0161418","1"
"82","NeedGoogleMapsAPIKey","39.7246936","-77.0026632","1"
"83","NeedGoogleMapsAPIKey","39.7277546","-77.0075969","1"
"84","NeedGoogleMapsAPIKey","39.7333554","-77.0126159","1"
"85","NeedGoogleMapsAPIKey","39.7251514","-77.0066728","1"
"86","NeedGoogleMapsAPIKey","39.725494","-77.0067702","1"
"87","NeedGoogleMapsAPIKey","39.7202783","-77.0057687","1"
"88","NeedGoogleMapsAPIKey","39.733224","-77.0165724","1"
"89","NeedGoogleMapsAPIKey","39.7355949","-77.0127391","1"
"90","NeedGoogleMapsAPIKey","39.7300753","-77.0098153","1"
"91","NeedGoogleMapsAPIKey","39.7349708","-77.0106945","1"
"92","NeedGoogleMapsAPIKey","39.7205646","-77.0050684","1"
"93","NeedGoogleMapsAPIKey","39.7364123","-77.0131987","1"
"94","NeedGoogleMapsAPIKey","39.7337452","-77.012271","1"
"95","NeedGoogleMapsAPIKey","39.7272864","-77.006942","1"
"96","NeedGoogleMapsAPIKey","39.7365579","-77.0115463","1"
"97","NeedGoogleMapsAPIKey","39.73446","-77.0137036","1"
"98","NeedGoogleMapsAPIKey","39.7254345","-77.0045602","1"
"99","NeedGoogleMapsAPIKey","39.7320609","-77.0112893","1"
"100","NeedGoogleMapsAPIKey","39.736066","-77.0777194","1"
"101","NeedGoogleMapsAPIKey","39.7369469","-77.086803","1"
"102","NeedGoogleMapsAPIKey","39.7335652","-77.075067","1"
"103","NeedGoogleMapsAPIKey","39.7357272","-77.0773783","1"
"104","NeedGoogleMapsAPIKey","39.7238726","-77.080605","1"
"105","NeedGoogleMapsAPIKey","39.7363143","-77.0779255","1"
"106","NeedGoogleMapsAPIKey","39.7338045","-77.0752779","1"
"107","NeedGoogleMapsAPIKey","39.7357397","-77.0778781","1"
"108","NeedGoogleMapsAPIKey","39.7375034","-77.0792753","1"
"109","NeedGoogleMapsAPIKey","39.7372371","-77.0877752","1"
"110","NeedGoogleMapsAPIKey","39.7391621","-77.0868516","1"
"111","NeedGoogleMapsAPIKey","39.7231342","-77.079847","1"
"112","NeedGoogleMapsAPIKey","39.7397202","-77.0852536","1"
"113","NeedGoogleMapsAPIKey","39.7396754","-77.0845377","1"
"114","NeedGoogleMapsAPIKey","39.7372206","-77.0911567","1"
"115","NeedGoogleMapsAPIKey","39.7236866","-77.0828303","1"
"116","NeedGoogleMapsAPIKey","39.737071","-77.0919074","1"
"117","NeedGoogleMapsAPIKey","39.7372289","-77.0901599","1"
"118","NeedGoogleMapsAPIKey","39.7374478","-77.0869012","1"
"119","NeedGoogleMapsAPIKey","39.7369645","-77.0880478","1"
"120","NeedGoogleMapsAPIKey","39.7393928","-77.0857583","1"
"121","NeedGoogleMapsAPIKey","39.7388825","-77.0856649","1"
"122","NeedGoogleMapsAPIKey","39.7378988","-77.0859946","1"
"123","NeedGoogleMapsAPIKey","39.7373937","-77.0857425","1"
"124","NeedGoogleMapsAPIKey","39.7345278","-77.0826909","1"
"125","NeedGoogleMapsAPIKey","39.7368316","-77.0913428","1"
"126","NeedGoogleMapsAPIKey","39.7372796","-77.0859801","1"
"127","NeedGoogleMapsAPIKey","39.7235005","-77.0821764","1"
"128","NeedGoogleMapsAPIKey","39.740014","-77.0840785","1"
"129","NeedGoogleMapsAPIKey","39.7391008","-77.0853314","1"
"130","NeedGoogleMapsAPIKey","39.7370741","-77.0795331","1"
"131","NeedGoogleMapsAPIKey","39.7373484","-77.0906475","1"
"132","NeedGoogleMapsAPIKey","39.7375045","-77.0900199","1"
"133","NeedGoogleMapsAPIKey","39.7376825","-77.0873131","1"
"134","NeedGoogleMapsAPIKey","39.7370658","-77.0787223","1"
"135","NeedGoogleMapsAPIKey","39.7373851","-77.0865928","1"
"136","NeedGoogleMapsAPIKey","39.7386813","-77.0865953","1"
"137","NeedGoogleMapsAPIKey","39.73191","-77.1414087","1"
"138","NeedGoogleMapsAPIKey","39.7341718","-77.1494769","1"
"139","NeedGoogleMapsAPIKey","39.7335563","-77.1370821","1"
"140","NeedGoogleMapsAPIKey","39.7276399","-77.1505227","1"
"141","NeedGoogleMapsAPIKey","39.7287304","-77.1533799","1"
"142","NeedGoogleMapsAPIKey","39.7333698","-77.1427978","1"
"143","NeedGoogleMapsAPIKey","39.7264431","-77.151339","1"
"144","NeedGoogleMapsAPIKey","39.7316046","-77.1422715","1"
"145","NeedGoogleMapsAPIKey","39.7283971","-77.1430668","1"
"146","NeedGoogleMapsAPIKey","39.7322299","-77.1469303","1"
"147","NeedGoogleMapsAPIKey","39.7305008","-77.1420848","1"
"148","NeedGoogleMapsAPIKey","39.7240761","-77.1523432","1"
"149","NeedGoogleMapsAPIKey","39.7269858","-77.1512237","1"
"150","NeedGoogleMapsAPIKey","39.7339589","-77.1399849","1"
"151","NeedGoogleMapsAPIKey","39.7409188","-77.1468492","1"
"152","NeedGoogleMapsAPIKey","39.7352425","-77.142766","1"
"153","NeedGoogleMapsAPIKey","39.7273394","-77.1503063","1"
"154","NeedGoogleMapsAPIKey","39.730116","-77.1476398","1"
"155","NeedGoogleMapsAPIKey","39.7284678","-77.1435709","1"
"156","NeedGoogleMapsAPIKey","39.7260132","-77.1515292","1"
"157","NeedGoogleMapsAPIKey","39.7267148","-77.1527718","1"
"158","NeedGoogleMapsAPIKey","39.7307605","-77.1510963","1"
"159","NeedGoogleMapsAPIKey","39.7301147","-77.1531774","1"
"160","NeedGoogleMapsAPIKey","39.7445035","-77.0955152","1"
"161","NeedGoogleMapsAPIKey","39.7443408","-77.100981","1"
"162","NeedGoogleMapsAPIKey","39.742717","-77.1026382","1"
"163","NeedGoogleMapsAPIKey","39.7384206","-77.0904026","1"
"164","NeedGoogleMapsAPIKey","39.7467173","-77.0987063","1"
"165","NeedGoogleMapsAPIKey","39.7457226","-77.1020736","1"
"166","NeedGoogleMapsAPIKey","39.7377676","-77.0944323","1"
"167","NeedGoogleMapsAPIKey","39.7375714","-77.097482","1"
"168","NeedGoogleMapsAPIKey","39.7432278","-77.0984214","1"
"169","NeedGoogleMapsAPIKey","39.7459928","-77.0982569","1"
"170","NeedGoogleMapsAPIKey","39.7442883","-77.0960907","1"
"171","NeedGoogleMapsAPIKey","39.7370099","-77.0996465","1"
"172","NeedGoogleMapsAPIKey","39.7394663","-77.0914062","1"
"173","NeedGoogleMapsAPIKey","39.7457801","-77.0961014","1"
"174","NeedGoogleMapsAPIKey","39.7428275","-77.0935445","1"
"175","NeedGoogleMapsAPIKey","39.7424061","-77.1044166","1"
"176","NeedGoogleMapsAPIKey","39.7381278","-77.0999331","1"
"177","NeedGoogleMapsAPIKey","39.7432567","-77.098976","1"
"178","NeedGoogleMapsAPIKey","39.7432098","-77.0921808","1"
"179","NeedGoogleMapsAPIKey","39.7380457","-77.0980708","1"
"180","NeedGoogleMapsAPIKey","39.7425173","-77.0963677","1"
"181","NeedGoogleMapsAPIKey","39.7470159","-77.1013406","1"
"182","NeedGoogleMapsAPIKey","39.7432396","-77.0997186","1"
"183","NeedGoogleMapsAPIKey","39.7469362","-77.0988795","1"
"184","NeedGoogleMapsAPIKey","39.737741","-77.0922118","1"
"185","NeedGoogleMapsAPIKey","39.7440364","-77.0960742","1"
"186","NeedGoogleMapsAPIKey","39.7466768","-77.096381","1"
"187","NeedGoogleMapsAPIKey","39.7386905","-77.1003381","1"
"188","NeedGoogleMapsAPIKey","39.7380658","-77.093076","1"
"189","NeedGoogleMapsAPIKey","39.7437716","-77.099027","1"
"190","NeedGoogleMapsAPIKey","39.7458607","-77.0958801","1"
"191","NeedGoogleMapsAPIKey","39.7457762","-77.0987934","1"
"192","NeedGoogleMapsAPIKey","39.7373639","-77.093521","1"
"193","NeedGoogleMapsAPIKey","39.7378456","-77.0919228","1"
"194","NeedGoogleMapsAPIKey","39.7449002","-77.094137","1"
"195","NeedGoogleMapsAPIKey","39.7411257","-77.1029576","1"
"196","NeedGoogleMapsAPIKey","39.744568","-77.092728","1"
"197","NeedGoogleMapsAPIKey","39.7436252","-77.0940208","1"
"198","NeedGoogleMapsAPIKey","39.73897","-77.0913768","1"
"199","NeedGoogleMapsAPIKey","39.7415852","-77.0909101","1"
"200","NeedGoogleMapsAPIKey","39.7426352","-77.1031719","1"
"201","NeedGoogleMapsAPIKey","39.7430823","-77.1009413","1"
"202","NeedGoogleMapsAPIKey","39.7430417","-77.0934921","1"
"203","NeedGoogleMapsAPIKey","39.7382685","-77.0942811","1"
"204","NeedGoogleMapsAPIKey","39.7466687","-77.096992","1"
"205","NeedGoogleMapsAPIKey","39.7437231","-77.0985158","1"
"206","NeedGoogleMapsAPIKey","39.7472359","-77.0995304","1"
"207","NeedGoogleMapsAPIKey","39.7438965","-77.0961089","1"
"208","NeedGoogleMapsAPIKey","39.7422608","-77.0940283","1"
"209","NeedGoogleMapsAPIKey","39.7428726","-77.0927394","1"
"210","NeedGoogleMapsAPIKey","39.741894","-77.100705","1"
"211","NeedGoogleMapsAPIKey","39.7425514","-77.1033801","1"
"212","NeedGoogleMapsAPIKey","39.7401989","-77.092279","1"
"213","NeedGoogleMapsAPIKey","39.7410233","-77.0916827","1"
"214","NeedGoogleMapsAPIKey","39.7466084","-77.0986396","1"
"215","NeedGoogleMapsAPIKey","39.745569","-77.0956356","1"
"216","NeedGoogleMapsAPIKey","39.7391945","-77.0933382","1"
"217","NeedGoogleMapsAPIKey","39.7439228","-77.0930581","1"
"218","NeedGoogleMapsAPIKey","39.7461023","-77.0983787","1"
"219","NeedGoogleMapsAPIKey","39.7383197","-77.0906293","1"
"220","NeedGoogleMapsAPIKey","39.7441926","-77.0990004","1"
"221","NeedGoogleMapsAPIKey","39.7467675","-77.0971139","1"
"222","NeedGoogleMapsAPIKey","39.7422094","-77.0913419","1"
"223","NeedGoogleMapsAPIKey","39.7424536","-77.0956692","1"
"224","NeedGoogleMapsAPIKey","39.7445835","-77.1015244","1"
"225","NeedGoogleMapsAPIKey","39.7449418","-77.0960873","1"
"226","NeedGoogleMapsAPIKey","39.7440989","-77.0953046","1"
"227","NeedGoogleMapsAPIKey","39.7388852","-77.0904449","1"
"228","NeedGoogleMapsAPIKey","39.7382935","-77.0967963","1"
"229","NeedGoogleMapsAPIKey","39.7423772","-77.0910736","1"
"230","NeedGoogleMapsAPIKey","39.7391625","-77.0951568","1"
"231","NeedGoogleMapsAPIKey","39.7438162","-77.0927372","1"
"232","NeedGoogleMapsAPIKey","39.7419371","-77.1035128","1"
"233","NeedGoogleMapsAPIKey","39.7375671","-77.095241","1"
"234","NeedGoogleMapsAPIKey","39.746099","-77.0990056","1"
"235","NeedGoogleMapsAPIKey","39.7396929","-77.0899733","1"
"236","NeedGoogleMapsAPIKey","39.738328","-77.0961809","1"
"237","NeedGoogleMapsAPIKey","39.7406881","-77.0912976","1"
"238","NeedGoogleMapsAPIKey","39.7424635","-77.1016807","1"
"239","NeedGoogleMapsAPIKey","39.7436464","-77.0948867","1"
"240","NeedGoogleMapsAPIKey","39.7398459","-77.0945104","1"
"241","NeedGoogleMapsAPIKey","39.7387204","-77.0951252","1"
"242","NeedGoogleMapsAPIKey","39.7431273","-77.0924529","1"
"243","NeedGoogleMapsAPIKey","39.7439533","-77.0923935","1"
"244","NeedGoogleMapsAPIKey","39.7465238","-77.0992797","1"
"245","NeedGoogleMapsAPIKey","39.7374377","-77.093262","1"
"246","NeedGoogleMapsAPIKey","39.7425479","-77.0991674","1"
"247","NeedGoogleMapsAPIKey","39.7394953","-77.0904577","1"
"248","NeedGoogleMapsAPIKey","39.7386489","-77.092587","1"
"249","NeedGoogleMapsAPIKey","39.7447273","-77.0864963","1"
"250","NeedGoogleMapsAPIKey","39.7403233","-77.0857243","1"
"251","NeedGoogleMapsAPIKey","39.7465163","-77.0912297","1"
"252","NeedGoogleMapsAPIKey","39.7489832","-77.0910647","1"
"253","NeedGoogleMapsAPIKey","39.7438482","-77.0898573","1"
"254","NeedGoogleMapsAPIKey","39.7465485","-77.0844394","1"
"255","NeedGoogleMapsAPIKey","39.742686","-77.0819686","1"
"256","NeedGoogleMapsAPIKey","39.7490635","-77.0909164","1"
"257","NeedGoogleMapsAPIKey","39.7456032","-77.091746","1"
"258","NeedGoogleMapsAPIKey","39.7421387","-77.0871134","1"
"259","NeedGoogleMapsAPIKey","39.7407632","-77.0838641","1"
"260","NeedGoogleMapsAPIKey","39.7465727","-77.0911011","1"
"261","NeedGoogleMapsAPIKey","39.7404758","-77.0855611","1"
"262","NeedGoogleMapsAPIKey","39.7490348","-77.0909682","1"
"263","NeedGoogleMapsAPIKey","39.7478844","-77.0891062","1"
"264","NeedGoogleMapsAPIKey","39.7455416","-77.0854331","1"
"265","NeedGoogleMapsAPIKey","39.7470088","-77.0898654","1"
"266","NeedGoogleMapsAPIKey","39.7409006","-77.0855676","1"
"267","NeedGoogleMapsAPIKey","39.7435764","-77.0912123","1"
"268","NeedGoogleMapsAPIKey","39.7452511","-77.0838975","1"
"269","NeedGoogleMapsAPIKey","39.7452491","-77.0874132","1"
"270","NeedGoogleMapsAPIKey","39.7459446","-77.0859027","1"
"271","NeedGoogleMapsAPIKey","39.7441931","-77.0854248","1"
"272","NeedGoogleMapsAPIKey","39.746592","-77.0843367","1"
"273","NeedGoogleMapsAPIKey","39.7417441","-77.0830675","1"
"274","NeedGoogleMapsAPIKey","39.7417461","-77.0898057","1"
"275","NeedGoogleMapsAPIKey","39.7445785","-77.0894341","1"
"276","NeedGoogleMapsAPIKey","39.7447824","-77.0917301","1"
"277","NeedGoogleMapsAPIKey","39.7404054","-77.0835285","1"
"278","NeedGoogleMapsAPIKey","39.7483963","-77.0938204","1"
"279","NeedGoogleMapsAPIKey","39.7439141","-77.0897233","1"
"280","NeedGoogleMapsAPIKey","39.7476016","-77.0939853","1"
"281","NeedGoogleMapsAPIKey","39.7434188","-77.0887314","1"
"282","NeedGoogleMapsAPIKey","39.7451319","-77.0842164","1"
"283","NeedGoogleMapsAPIKey","39.7439078","-77.0864989","1"
"284","NeedGoogleMapsAPIKey","39.7433667","-77.0857857","1"
"285","NeedGoogleMapsAPIKey","39.7417378","-77.0872675","1"
"286","NeedGoogleMapsAPIKey","39.7423406","-77.0813676","1"
"287","NeedGoogleMapsAPIKey","39.746141","-77.082333","1"
"288","NeedGoogleMapsAPIKey","39.74235","-77.0877318","1"
"289","NeedGoogleMapsAPIKey","39.7467424","-77.0881595","1"
"290","NeedGoogleMapsAPIKey","39.7424925","-77.0874638","1"
"291","NeedGoogleMapsAPIKey","39.7416422","-77.0848929","1"
"292","NeedGoogleMapsAPIKey","39.7476787","-77.0907256","1"
"293","NeedGoogleMapsAPIKey","39.742334","-77.0879241","1"
"294","NeedGoogleMapsAPIKey","39.7462566","-77.0892826","1"
"295","NeedGoogleMapsAPIKey","39.7458397","-77.0821424","1"
"296","NeedGoogleMapsAPIKey","39.7447492","-77.0922709","1"
"297","NeedGoogleMapsAPIKey","39.7429395","-77.0821813","1"
"298","NeedGoogleMapsAPIKey","39.7456084","-77.0886735","1"
"299","NeedGoogleMapsAPIKey","39.7481066","-77.0856701","1"
"300","NeedGoogleMapsAPIKey","39.7434726","-77.0891834","1"
"301","NeedGoogleMapsAPIKey","39.7443773","-77.0886665","1"
"302","NeedGoogleMapsAPIKey","39.7410241","-77.0850307","1"
"303","NeedGoogleMapsAPIKey","39.7458309","-77.0919079","1"
"304","NeedGoogleMapsAPIKey","39.741144","-77.0804651","1"
"305","NeedGoogleMapsAPIKey","39.7446088","-77.0888348","1"
"306","NeedGoogleMapsAPIKey","39.7400917","-77.0831593","1"
"307","NeedGoogleMapsAPIKey","39.7458557","-77.0827475","1"
"308","NeedGoogleMapsAPIKey","39.7458233","-77.0893176","1"
"309","NeedGoogleMapsAPIKey","39.7485962","-77.0880813","1"
"310","NeedGoogleMapsAPIKey","39.7457554","-77.0888149","1"
"311","NeedGoogleMapsAPIKey","39.7475653","-77.0841982","1"
"312","NeedGoogleMapsAPIKey","39.7472963","-77.0877363","1"
"313","NeedGoogleMapsAPIKey","39.7482908","-77.0857915","1"
"314","NeedGoogleMapsAPIKey","39.7482435","-77.0912545","1"
"315","NeedGoogleMapsAPIKey","39.7440616","-77.0862868","1"
"316","NeedGoogleMapsAPIKey","39.7481157","-77.0911286","1"
"317","NeedGoogleMapsAPIKey","39.7483247","-77.0913772","1"
"318","NeedGoogleMapsAPIKey","39.745597","-77.0891843","1"
"319","NeedGoogleMapsAPIKey","39.745498","-77.0836105","1"
"320","NeedGoogleMapsAPIKey","39.7417664","-77.0824422","1"
"321","NeedGoogleMapsAPIKey","39.7461969","-77.0853336","1"
"322","NeedGoogleMapsAPIKey","39.7403101","-77.0862263","1"
"323","NeedGoogleMapsAPIKey","39.7431747","-77.0862405","1"
"324","NeedGoogleMapsAPIKey","39.7458118","-77.0926131","1"
"325","NeedGoogleMapsAPIKey","39.7445994","-77.0851747","1"
"326","NeedGoogleMapsAPIKey","39.7467356","-77.0833057","1"
"327","NeedGoogleMapsAPIKey","39.7429192","-77.0830807","1"
"328","NeedGoogleMapsAPIKey","39.7463189","-77.0898097","1"
"329","NeedGoogleMapsAPIKey","39.741781","-77.0830187","1"
"330","NeedGoogleMapsAPIKey","39.7442005","-77.0891408","1"
"331","NeedGoogleMapsAPIKey","39.7476933","-77.084667","1"
"332","NeedGoogleMapsAPIKey","39.7452891","-77.0913794","1"
"333","NeedGoogleMapsAPIKey","39.7437637","-77.0884655","1"
"334","NeedGoogleMapsAPIKey","39.7471564","-77.0956164","1"
"335","NeedGoogleMapsAPIKey","39.7450186","-77.0882379","1"
"336","NeedGoogleMapsAPIKey","39.7445281","-77.0882233","1"
"337","NeedGoogleMapsAPIKey","39.7454508","-77.0829424","1"
"338","NeedGoogleMapsAPIKey","39.7431306","-77.082351","1"
"339","NeedGoogleMapsAPIKey","39.7448809","-77.0884885","1"
"340","NeedGoogleMapsAPIKey","39.744269","-77.0896083","1"
"341","NeedGoogleMapsAPIKey","39.7419672","-77.0893574","1"
"342","NeedGoogleMapsAPIKey","39.7475567","-77.0905592","1"
"343","NeedGoogleMapsAPIKey","39.7470369","-77.0905132","1"
"344","NeedGoogleMapsAPIKey","39.7455524","-77.0891326","1"
"345","NeedGoogleMapsAPIKey","39.7414028","-77.0846576","1"
"346","NeedGoogleMapsAPIKey","39.7465395","-77.0837692","1"
"347","NeedGoogleMapsAPIKey","39.7415762","-77.0901844","1"
"348","NeedGoogleMapsAPIKey","39.7415353","-77.0848371","1"
"349","NeedGoogleMapsAPIKey","39.7469286","-77.0961363","1"
"350","NeedGoogleMapsAPIKey","39.7439809","-77.0855732","1"
"351","NeedGoogleMapsAPIKey","39.7445539","-77.088965","1"
"352","NeedGoogleMapsAPIKey","39.74464","-77.0872998","1"
"353","NeedGoogleMapsAPIKey","39.7460874","-77.0941627","1"
"354","NeedGoogleMapsAPIKey","39.747953","-77.0883549","1"
"355","NeedGoogleMapsAPIKey","39.7417412","-77.0850867","1"
"356","NeedGoogleMapsAPIKey","39.747488","-77.0951751","1"
"357","NeedGoogleMapsAPIKey","39.7449061","-77.0846068","1"
"358","NeedGoogleMapsAPIKey","39.7404585","-77.0814612","1"
"359","NeedGoogleMapsAPIKey","39.7419402","-77.086883","1"
"360","NeedGoogleMapsAPIKey","39.7484771","-77.086158","1"
"361","NeedGoogleMapsAPIKey","39.7467825","-77.0839648","1"
"362","NeedGoogleMapsAPIKey","39.7478884","-77.0914051","1"
"363","NeedGoogleMapsAPIKey","39.7482494","-77.0885212","1"
"364","NeedGoogleMapsAPIKey","39.7438146","-77.087137","1"
"365","NeedGoogleMapsAPIKey","39.7464022","-77.0849039","1"
"366","NeedGoogleMapsAPIKey","39.7423511","-77.0821943","1"
"367","NeedGoogleMapsAPIKey","39.7456506","-77.0831464","1"
"368","NeedGoogleMapsAPIKey","39.7465117","-77.0879498","1"
"369","NeedGoogleMapsAPIKey","39.7419387","-77.0828423","1"
"370","NeedGoogleMapsAPIKey","39.7413735","-77.0878517","1"
"371","NeedGoogleMapsAPIKey","39.7437474","-77.0909299","1"
"372","NeedGoogleMapsAPIKey","39.7460675","-77.0879266","1"
"373","NeedGoogleMapsAPIKey","39.745519","-77.0911202","1"
"374","NeedGoogleMapsAPIKey","39.7454564","-77.0838456","1"
"375","NeedGoogleMapsAPIKey","39.741661","-77.0870571","1"
"376","NeedGoogleMapsAPIKey","39.7473185","-77.0843735","1"
"377","NeedGoogleMapsAPIKey","39.7429446","-77.0865244","1"
"378","NeedGoogleMapsAPIKey","39.7468419","-77.0882528","1"
"379","NeedGoogleMapsAPIKey","39.7472705","-77.0819986","1"
"380","NeedGoogleMapsAPIKey","39.7519786","-77.0750005","1"
"381","NeedGoogleMapsAPIKey","39.7498606","-77.0739183","1"
"382","NeedGoogleMapsAPIKey","39.7522268","-77.0815861","1"
"383","NeedGoogleMapsAPIKey","39.7478401","-77.0807191","1"
"384","NeedGoogleMapsAPIKey","39.7464299","-77.0817446","1"
"385","NeedGoogleMapsAPIKey","39.7484951","-77.0825698","1"
"386","NeedGoogleMapsAPIKey","39.7482694","-77.0810421","1"
"387","NeedGoogleMapsAPIKey","39.7496509","-77.0825052","1"
"388","NeedGoogleMapsAPIKey","39.7490549","-77.0776736","1"
"389","NeedGoogleMapsAPIKey","39.7505609","-77.0790275","1"
"390","NeedGoogleMapsAPIKey","39.7504806","-77.0773286","1"
"391","NeedGoogleMapsAPIKey","39.7511409","-77.0811179","1"
"392","NeedGoogleMapsAPIKey","39.7527527","-77.0769508","1"
"393","NeedGoogleMapsAPIKey","39.7495565","-77.0801616","1"
"394","NeedGoogleMapsAPIKey","39.751801","-77.0812318","1"
"395","NeedGoogleMapsAPIKey","39.7496485","-77.0813495","1"
"396","NeedGoogleMapsAPIKey","39.7464876","-77.0810056","1"
"397","NeedGoogleMapsAPIKey","39.7524479","-77.0779934","1"
"398","NeedGoogleMapsAPIKey","39.7509884","-77.0760095","1"
"399","NeedGoogleMapsAPIKey","39.7509351","-77.0808878","1"
"400","NeedGoogleMapsAPIKey","39.7513894","-77.0768428","1"
"401","NeedGoogleMapsAPIKey","39.7491965","-77.0786217","1"
"402","NeedGoogleMapsAPIKey","39.7465312","-77.0809164","1"
"403","NeedGoogleMapsAPIKey","39.7466059","-77.0815941","1"
"404","NeedGoogleMapsAPIKey","39.7480381","-77.0802886","1"
"405","NeedGoogleMapsAPIKey","39.7485188","-77.0841508","1"
"406","NeedGoogleMapsAPIKey","39.7482321","-77.0832072","1"
"407","NeedGoogleMapsAPIKey","39.749841","-77.0784209","1"
"408","NeedGoogleMapsAPIKey","39.7494947","-77.0828552","1"
"409","NeedGoogleMapsAPIKey","39.7511793","-77.0757358","1"
"410","NeedGoogleMapsAPIKey","39.7508556","-77.0770058","1"
"411","NeedGoogleMapsAPIKey","39.7521827","-77.0766415","1"
"412","NeedGoogleMapsAPIKey","39.7502936","-77.0769825","1"
"413","NeedGoogleMapsAPIKey","39.7495504","-77.0756814","1"
"414","NeedGoogleMapsAPIKey","39.7475359","-77.0795582","1"
"415","NeedGoogleMapsAPIKey","39.748368","-77.0804716","1"
"416","NeedGoogleMapsAPIKey","39.7484325","-77.084061","1"
"417","NeedGoogleMapsAPIKey","39.7514346","-77.074952","1"
"418","NeedGoogleMapsAPIKey","39.7480675","-77.0802434","1"
"419","NeedGoogleMapsAPIKey","39.7523351","-77.0771131","1"
"420","NeedGoogleMapsAPIKey","39.747893","-77.07873","1"
"421","NeedGoogleMapsAPIKey","39.7472397","-77.0787707","1"
"422","NeedGoogleMapsAPIKey","39.7485892","-77.0836153","1"
"423","NeedGoogleMapsAPIKey","39.7488171","-77.0843262","1"
"424","NeedGoogleMapsAPIKey","39.7492763","-77.0854515","1"
"425","NeedGoogleMapsAPIKey","39.7520114","-77.0813586","1"
"426","NeedGoogleMapsAPIKey","39.7525777","-77.0786303","1"
"427","NeedGoogleMapsAPIKey","39.7491762","-77.0772934","1"
"428","NeedGoogleMapsAPIKey","39.7477842","-77.0987201","1"
"429","NeedGoogleMapsAPIKey","39.7474199","-77.0988556","1"
"430","NeedGoogleMapsAPIKey","39.7518979","-77.100109","1"
"431","NeedGoogleMapsAPIKey","39.7508523","-77.1096379","1"
"432","NeedGoogleMapsAPIKey","39.749281","-77.0998258","1"
"433","NeedGoogleMapsAPIKey","39.7459538","-77.1078866","1"
"434","NeedGoogleMapsAPIKey","39.7495666","-77.0995966","1"
"435","NeedGoogleMapsAPIKey","39.7533202","-77.1100483","1"
"436","NeedGoogleMapsAPIKey","39.7520213","-77.112648","1"
"437","NeedGoogleMapsAPIKey","39.7518145","-77.1115364","1"
"438","NeedGoogleMapsAPIKey","39.7484371","-77.0989869","1"
"439","NeedGoogleMapsAPIKey","39.7542364","-77.1047195","1"
"440","NeedGoogleMapsAPIKey","39.754619","-77.1044673","1"
"441","NeedGoogleMapsAPIKey","39.7510203","-77.099879","1"
"442","NeedGoogleMapsAPIKey","39.7521478","-77.1010664","1"
"443","NeedGoogleMapsAPIKey","39.7516494","-77.100277","1"
"444","NeedGoogleMapsAPIKey","39.7529144","-77.1055432","1"
"445","NeedGoogleMapsAPIKey","39.7500841","-77.1111884","1"
"446","NeedGoogleMapsAPIKey","39.7481105","-77.1003738","1"
"447","NeedGoogleMapsAPIKey","39.7471359","-77.1016418","1"
"448","NeedGoogleMapsAPIKey","39.752393","-77.1108967","1"
"449","NeedGoogleMapsAPIKey","39.7524746","-77.1141271","1"
"450","NeedGoogleMapsAPIKey","39.7523229","-77.1027233","1"
"451","NeedGoogleMapsAPIKey","39.7449555","-77.1075604","1"
"452","NeedGoogleMapsAPIKey","39.7484744","-77.1002603","1"
"453","NeedGoogleMapsAPIKey","39.7497111","-77.0994533","1"
"454","NeedGoogleMapsAPIKey","39.7495168","-77.0990583","1"
"455","NeedGoogleMapsAPIKey","39.7562963","-77.0943107","1"
"456","NeedGoogleMapsAPIKey","39.7521633","-77.093472","1"
"457","NeedGoogleMapsAPIKey","39.7516062","-77.092914","1"
"458","NeedGoogleMapsAPIKey","39.7508434","-77.0986152","1"
"459","NeedGoogleMapsAPIKey","39.7525559","-77.0885973","1"
"460","NeedGoogleMapsAPIKey","39.7505893","-77.0887247","1"
"461","NeedGoogleMapsAPIKey","39.7508306","-77.088316","1"
"462","NeedGoogleMapsAPIKey","39.7522786","-77.0994139","1"
"463","NeedGoogleMapsAPIKey","39.7489279","-77.0944269","1"
"464","NeedGoogleMapsAPIKey","39.7511089","-77.0930285","1"
"465","NeedGoogleMapsAPIKey","39.7519649","-77.0977234","1"
"466","NeedGoogleMapsAPIKey","39.752523","-77.0963459","1"
"467","NeedGoogleMapsAPIKey","39.748589","-77.096224","1"
"468","NeedGoogleMapsAPIKey","39.751305","-77.0940857","1"
"469","NeedGoogleMapsAPIKey","39.7530849","-77.1005592","1"
"470","NeedGoogleMapsAPIKey","39.749833","-77.0980599","1"
"471","NeedGoogleMapsAPIKey","39.7482182","-77.0962378","1"
"472","NeedGoogleMapsAPIKey","39.7475405","-77.0956078","1"
"473","NeedGoogleMapsAPIKey","39.7501338","-77.0920596","1"
"474","NeedGoogleMapsAPIKey","39.7527765","-77.1007595","1"
"475","NeedGoogleMapsAPIKey","39.7508249","-77.0981042","1"
"476","NeedGoogleMapsAPIKey","39.7521117","-77.0970561","1"
"477","NeedGoogleMapsAPIKey","39.7524708","-77.0981221","1"
"478","NeedGoogleMapsAPIKey","39.7536962","-77.0987521","1"
"479","NeedGoogleMapsAPIKey","39.7496703","-77.0956528","1"
"480","NeedGoogleMapsAPIKey","39.7487895","-77.0979213","1"
"481","NeedGoogleMapsAPIKey","39.7492007","-77.09288","1"
"482","NeedGoogleMapsAPIKey","39.7495533","-77.0909964","1"
"483","NeedGoogleMapsAPIKey","39.7468711","-77.0965578","1"
"484","NeedGoogleMapsAPIKey","39.7530555","-77.0993586","1"
"485","NeedGoogleMapsAPIKey","39.7507827","-77.0921231","1"
"486","NeedGoogleMapsAPIKey","39.7489528","-77.0944823","1"
"487","NeedGoogleMapsAPIKey","39.7511871","-77.0925148","1"
"488","NeedGoogleMapsAPIKey","39.7492997","-77.0948954","1"
"489","NeedGoogleMapsAPIKey","39.7543143","-77.0972632","1"
"490","NeedGoogleMapsAPIKey","39.7481534","-77.096057","1"
"491","NeedGoogleMapsAPIKey","39.7496797","-77.0911154","1"
"492","NeedGoogleMapsAPIKey","39.747524","-77.0975251","1"
"493","NeedGoogleMapsAPIKey","39.7518359","-77.0978591","1"
"494","NeedGoogleMapsAPIKey","39.7552549","-77.0958436","1"
"495","NeedGoogleMapsAPIKey","39.7471495","-77.0974145","1"
"496","NeedGoogleMapsAPIKey","39.7546687","-77.0962189","1"
"497","NeedGoogleMapsAPIKey","39.7508347","-77.0966739","1"
"498","NeedGoogleMapsAPIKey","39.752626","-77.0980264","1"
"499","NeedGoogleMapsAPIKey","39.7472913","-77.0962108","1"
"500","NeedGoogleMapsAPIKey","39.7546297","-77.094026","1"
"501","NeedGoogleMapsAPIKey","39.7535193","-77.0999202","1"
"502","NeedGoogleMapsAPIKey","39.7504754","-77.0930778","1"
"503","NeedGoogleMapsAPIKey","39.7502012","-77.0956205","1"
"504","NeedGoogleMapsAPIKey","39.7548937","-77.0946085","1"
"505","NeedGoogleMapsAPIKey","39.7511226","-77.0984107","1"
"506","NeedGoogleMapsAPIKey","39.7473059","-77.097033","1"
"507","NeedGoogleMapsAPIKey","39.7479566","-77.0953107","1"
"508","NeedGoogleMapsAPIKey","39.7485109","-77.0967082","1"
"509","NeedGoogleMapsAPIKey","39.7519573","-77.0939575","1"
"510","NeedGoogleMapsAPIKey","39.7525507","-77.0938574","1"
"511","NeedGoogleMapsAPIKey","39.7506713","-77.097581","1"
"512","NeedGoogleMapsAPIKey","39.7515223","-77.0974922","1"
"513","NeedGoogleMapsAPIKey","39.7489364","-77.0978369","1"
"514","NeedGoogleMapsAPIKey","39.7476505","-77.0957577","1"
"515","NeedGoogleMapsAPIKey","39.752314","-77.0942384","1"
"516","NeedGoogleMapsAPIKey","39.7500645","-77.0985957","1"
"517","NeedGoogleMapsAPIKey","39.747981","-77.0972844","1"
"518","NeedGoogleMapsAPIKey","39.7487464","-77.0961389","1"
"519","NeedGoogleMapsAPIKey","39.7549768","-77.0722229","1"
"520","NeedGoogleMapsAPIKey","39.7541488","-77.0657248","1"
"521","NeedGoogleMapsAPIKey","39.7528891","-77.0750848","1"
"522","NeedGoogleMapsAPIKey","39.7524743","-77.065467","1"
"523","NeedGoogleMapsAPIKey","39.7558115","-77.0787468","1"
"524","NeedGoogleMapsAPIKey","39.7546154","-77.073989","1"
"525","NeedGoogleMapsAPIKey","39.7544686","-77.0755235","1"
"526","NeedGoogleMapsAPIKey","39.7567179","-77.0786778","1"
"527","NeedGoogleMapsAPIKey","39.7571349","-77.0782672","1"
"528","NeedGoogleMapsAPIKey","39.7518322","-77.0680845","1"
"529","NeedGoogleMapsAPIKey","39.7534217","-77.076467","1"
"530","NeedGoogleMapsAPIKey","39.7545215","-77.0748944","1"
"531","NeedGoogleMapsAPIKey","39.7571067","-77.0766046","1"
"532","NeedGoogleMapsAPIKey","39.7551273","-77.0734663","1"
"533","NeedGoogleMapsAPIKey","39.7540568","-77.0795393","1"
"534","NeedGoogleMapsAPIKey","39.7525691","-77.0710771","1"
"535","NeedGoogleMapsAPIKey","39.7566304","-77.0782946","1"
"536","NeedGoogleMapsAPIKey","39.7531539","-77.0783894","1"
"537","NeedGoogleMapsAPIKey","39.7537648","-77.073191","1"
"538","NeedGoogleMapsAPIKey","39.7549085","-77.0745474","1"
"539","NeedGoogleMapsAPIKey","39.753247","-77.0695898","1"
"540","NeedGoogleMapsAPIKey","39.7536231","-77.0747437","1"
"541","NeedGoogleMapsAPIKey","39.7554166","-77.0788269","1"
"542","NeedGoogleMapsAPIKey","39.7570056","-77.0775313","1"
"543","NeedGoogleMapsAPIKey","39.7533919","-77.0719901","1"
"544","NeedGoogleMapsAPIKey","39.755732","-77.0748548","1"
"545","NeedGoogleMapsAPIKey","39.7527237","-77.0660138","1"
"546","NeedGoogleMapsAPIKey","39.7547143","-77.0752374","1"
"547","NeedGoogleMapsAPIKey","39.7519374","-77.0694286","1"
"548","NeedGoogleMapsAPIKey","39.7522548","-77.0660381","1"
"549","NeedGoogleMapsAPIKey","39.7562299","-77.0783538","1"
"550","NeedGoogleMapsAPIKey","39.7532105","-77.0717532","1"
"551","NeedGoogleMapsAPIKey","39.7529541","-77.0654424","1"
"552","NeedGoogleMapsAPIKey","39.7560451","-77.07327","1"
"553","NeedGoogleMapsAPIKey","39.7539816","-77.0759196","1"
"554","NeedGoogleMapsAPIKey","39.7541595","-77.0729279","1"
"555","NeedGoogleMapsAPIKey","39.7557306","-77.0760131","1"
"556","NeedGoogleMapsAPIKey","39.7559363","-77.0753641","1"
"557","NeedGoogleMapsAPIKey","39.7571073","-77.0763009","1"
"558","NeedGoogleMapsAPIKey","39.7531357","-77.0664569","1"
"559","NeedGoogleMapsAPIKey","39.7512683","-77.072239","1"
"560","NeedGoogleMapsAPIKey","39.7534703","-77.0733088","1"
"561","NeedGoogleMapsAPIKey","39.7533899","-77.0671096","1"
"562","NeedGoogleMapsAPIKey","39.7561557","-77.0765268","1"
"563","NeedGoogleMapsAPIKey","39.7520775","-77.0663965","1"
"564","NeedGoogleMapsAPIKey","39.8036966","-77.1292997","1"
"565","NeedGoogleMapsAPIKey","39.798785","-77.1195566","1"
"566","NeedGoogleMapsAPIKey","39.8042782","-77.1300585","1"
"567","NeedGoogleMapsAPIKey","39.8055159","-77.1290345","1"
"568","NeedGoogleMapsAPIKey","39.805982","-77.1277142","1"
"569","NeedGoogleMapsAPIKey","39.801029","-77.1332363","1"
"570","NeedGoogleMapsAPIKey","39.802554","-77.1304672","1"
"571","NeedGoogleMapsAPIKey","39.8024403","-77.1315154","1"
"572","NeedGoogleMapsAPIKey","39.8041836","-77.1287577","1"
"573","NeedGoogleMapsAPIKey","39.8057086","-77.1273024","1"
"574","NeedGoogleMapsAPIKey","39.8056511","-77.1285756","1"
"575","NeedGoogleMapsAPIKey","39.8010522","-77.1312671","1"
"576","NeedGoogleMapsAPIKey","39.8031993","-77.1311473","1"
"577","NeedGoogleMapsAPIKey","39.8029546","-77.1289388","1"
"578","NeedGoogleMapsAPIKey","39.8039847","-77.1274098","1"
"579","NeedGoogleMapsAPIKey","39.8052991","-77.1271615","1"
"580","NeedGoogleMapsAPIKey","39.8035051","-77.1314864","1"
"581","NeedGoogleMapsAPIKey","39.8055579","-77.1299714","1"
"582","NeedGoogleMapsAPIKey","39.7955164","-77.1250965","1"
"583","NeedGoogleMapsAPIKey","39.8053757","-77.1266164","1"
"584","NeedGoogleMapsAPIKey","39.8022032","-77.1289826","1"
"585","NeedGoogleMapsAPIKey","39.8046678","-77.1307187","1"
"586","NeedGoogleMapsAPIKey","39.8050581","-77.1278118","1"
"587","NeedGoogleMapsAPIKey","39.8054507","-77.1265871","1"
"588","NeedGoogleMapsAPIKey","39.8059753","-77.1278147","1"
"589","NeedGoogleMapsAPIKey","39.8024094","-77.1295282","1"
"590","NeedGoogleMapsAPIKey","39.8041402","-77.1298552","1"
"591","NeedGoogleMapsAPIKey","39.804895","-77.1307268","1"
"592","NeedGoogleMapsAPIKey","39.8051859","-77.1294659","1"
"593","NeedGoogleMapsAPIKey","39.8053367","-77.1303789","1"
"594","NeedGoogleMapsAPIKey","39.805133","-77.1317535","1"
"595","NeedGoogleMapsAPIKey","39.8011306","-77.1420026","1"
"596","NeedGoogleMapsAPIKey","39.8009424","-77.1427824","1"
"597","NeedGoogleMapsAPIKey","39.8066177","-77.1414655","1"
"598","NeedGoogleMapsAPIKey","39.8023291","-77.1444233","1"
"599","NeedGoogleMapsAPIKey","39.8021917","-77.1434679","1"
"600","NeedGoogleMapsAPIKey","39.8059564","-77.1388201","1"
"601","NeedGoogleMapsAPIKey","39.8039782","-77.1410624","1"
"602","NeedGoogleMapsAPIKey","39.8061419","-77.1404512","1"
"603","NeedGoogleMapsAPIKey","39.8008852","-77.1421544","1"
"604","NeedGoogleMapsAPIKey","39.8069885","-77.1388061","1"
"605","NeedGoogleMapsAPIKey","39.8018406","-77.1423953","1"
"606","NeedGoogleMapsAPIKey","39.803772","-77.1408054","1"
"607","NeedGoogleMapsAPIKey","39.7897617","-77.1448428","1"
"608","NeedGoogleMapsAPIKey","39.8037377","-77.1407568","1"
"609","NeedGoogleMapsAPIKey","39.8029724","-77.1412499","1"
"610","NeedGoogleMapsAPIKey","39.8028937","-77.1413538","1"
"611","NeedGoogleMapsAPIKey","39.8052477","-77.140095","1"
"612","NeedGoogleMapsAPIKey","39.8048482","-77.1399932","1"
"613","NeedGoogleMapsAPIKey","39.8018944","-77.1423815","1"
"614","NeedGoogleMapsAPIKey","39.7993261","-77.1432602","1"
"615","NeedGoogleMapsAPIKey","39.8019452","-77.1418091","1"
"616","NeedGoogleMapsAPIKey","39.8026429","-77.1407915","1"
"617","NeedGoogleMapsAPIKey","39.8036005","-77.1414151","1"
"618","NeedGoogleMapsAPIKey","39.8027927","-77.1405873","1"
"619","NeedGoogleMapsAPIKey","39.8024533","-77.1428387","1"
"620","NeedGoogleMapsAPIKey","39.8038516","-77.1409041","1"
"621","NeedGoogleMapsAPIKey","39.8020465","-77.1433322","1"
"622","NeedGoogleMapsAPIKey","39.8020173","-77.1461239","1"
"623","NeedGoogleMapsAPIKey","39.7989744","-77.1435013","1"
"624","NeedGoogleMapsAPIKey","39.7906518","-77.1397135","1"
"625","NeedGoogleMapsAPIKey","39.8028775","-77.1462089","1"
"626","NeedGoogleMapsAPIKey","39.7992316","-77.1433341","1"
"627","NeedGoogleMapsAPIKey","39.8122954","-77.1764387","1"
"628","NeedGoogleMapsAPIKey","39.8117163","-77.1763273","1"
"629","NeedGoogleMapsAPIKey","39.8088564","-77.1805337","1"
"630","NeedGoogleMapsAPIKey","39.8132772","-77.1819352","1"
"631","NeedGoogleMapsAPIKey","39.814621","-77.1778101","1"
"632","NeedGoogleMapsAPIKey","39.8127738","-77.1781907","1"
"633","NeedGoogleMapsAPIKey","39.8109334","-77.1819116","1"
"634","NeedGoogleMapsAPIKey","39.8092254","-77.1808751","1"
"635","NeedGoogleMapsAPIKey","39.8151716","-77.1781401","1"
"636","NeedGoogleMapsAPIKey","39.8093274","-77.1774926","1"
"637","NeedGoogleMapsAPIKey","39.813434","-77.1796457","1"
"638","NeedGoogleMapsAPIKey","39.8115051","-77.1797249","1"
"639","NeedGoogleMapsAPIKey","39.8154785","-77.1793257","1"
"640","NeedGoogleMapsAPIKey","39.8139371","-77.1744772","1"
"641","NeedGoogleMapsAPIKey","39.8033705","-77.171995","1"
"642","NeedGoogleMapsAPIKey","39.8103684","-77.1772295","1"
"643","NeedGoogleMapsAPIKey","39.8124675","-77.1762319","1"
"644","NeedGoogleMapsAPIKey","39.8106408","-77.177612","1"
"645","NeedGoogleMapsAPIKey","39.8146674","-77.1728304","1"
"646","NeedGoogleMapsAPIKey","39.8149107","-77.1811672","1"
"647","NeedGoogleMapsAPIKey","39.8124462","-77.1785095","1"
"648","NeedGoogleMapsAPIKey","39.8111329","-77.1792365","1"
"649","NeedGoogleMapsAPIKey","39.8101984","-77.1818089","1"
"650","NeedGoogleMapsAPIKey","39.8109852","-77.1807848","1"
"651","NeedGoogleMapsAPIKey","39.8100688","-77.1796507","1"
"652","NeedGoogleMapsAPIKey","39.8144071","-77.1813753","1"
"653","NeedGoogleMapsAPIKey","39.8113832","-77.1817928","1"
"654","NeedGoogleMapsAPIKey","39.8080777","-77.1779996","1"
"655","NeedGoogleMapsAPIKey","39.8125898","-77.1760716","1"
"656","NeedGoogleMapsAPIKey","39.814265","-77.175752","1"
"657","NeedGoogleMapsAPIKey","39.8085295","-77.1801161","1"
"658","NeedGoogleMapsAPIKey","39.8147048","-77.1811664","1"
"659","NeedGoogleMapsAPIKey","39.8145821","-77.1812987","1"
"660","NeedGoogleMapsAPIKey","39.8152717","-77.1742543","1"
"661","NeedGoogleMapsAPIKey","39.8130624","-77.1746138","1"
"662","NeedGoogleMapsAPIKey","39.8087499","-77.1791688","1"
"663","NeedGoogleMapsAPIKey","39.8109588","-77.1327697","1"
"664","NeedGoogleMapsAPIKey","39.8086839","-77.129343","1"
"665","NeedGoogleMapsAPIKey","39.8076248","-77.1293959","1"
"666","NeedGoogleMapsAPIKey","39.8079586","-77.1409803","1"
"667","NeedGoogleMapsAPIKey","39.8095753","-77.1383451","1"
"668","NeedGoogleMapsAPIKey","39.8116934","-77.1360908","1"
"669","NeedGoogleMapsAPIKey","39.8097244","-77.1401715","1"
"670","NeedGoogleMapsAPIKey","39.8061795","-77.1290655","1"
"671","NeedGoogleMapsAPIKey","39.8068102","-77.1278396","1"
"672","NeedGoogleMapsAPIKey","39.8080288","-77.1342431","1"
"673","NeedGoogleMapsAPIKey","39.8089954","-77.1371125","1"
"674","NeedGoogleMapsAPIKey","39.8080447","-77.138611","1"
"675","NeedGoogleMapsAPIKey","39.8062969","-77.1302399","1"
"676","NeedGoogleMapsAPIKey","39.8059594","-77.1306296","1"
"677","NeedGoogleMapsAPIKey","39.8065362","-77.1297545","1"
"678","NeedGoogleMapsAPIKey","39.8083381","-77.1267459","1"
"679","NeedGoogleMapsAPIKey","39.806299","-77.1292924","1"
"680","NeedGoogleMapsAPIKey","39.8092592","-77.128493","1"
"681","NeedGoogleMapsAPIKey","39.8066691","-77.128542","1"
"682","NeedGoogleMapsAPIKey","39.8093629","-77.1366229","1"
"683","NeedGoogleMapsAPIKey","39.8081304","-77.1258916","1"
"684","NeedGoogleMapsAPIKey","39.8093393","-77.1353569","1"
"685","NeedGoogleMapsAPIKey","39.8073492","-77.1272412","1"
"686","NeedGoogleMapsAPIKey","39.8098176","-77.1343134","1"
"687","NeedGoogleMapsAPIKey","39.8079744","-77.1271321","1"
"688","NeedGoogleMapsAPIKey","39.8080616","-77.1332817","1"
"689","NeedGoogleMapsAPIKey","39.8082045","-77.1404388","1"
"690","NeedGoogleMapsAPIKey","39.8092803","-77.1292748","1"
"691","NeedGoogleMapsAPIKey","39.8089852","-77.135005","1"
"692","NeedGoogleMapsAPIKey","39.8088366","-77.1346412","1"
"693","NeedGoogleMapsAPIKey","39.8069005","-77.1322339","1"
"694","NeedGoogleMapsAPIKey","39.8060601","-77.1278297","1"
"695","NeedGoogleMapsAPIKey","39.808324","-77.1380988","1"
"696","NeedGoogleMapsAPIKey","39.8103906","-77.1306713","1"
"697","NeedGoogleMapsAPIKey","39.8064419","-77.1295129","1"
"698","NeedGoogleMapsAPIKey","39.8091473","-77.1286457","1"
"699","NeedGoogleMapsAPIKey","39.8110905","-77.1332969","1"
"700","NeedGoogleMapsAPIKey","39.8100136","-77.1288281","1"
"701","NeedGoogleMapsAPIKey","39.8084355","-77.1374367","1"
"702","NeedGoogleMapsAPIKey","39.8108395","-77.1368922","1"
"703","NeedGoogleMapsAPIKey","39.8082085","-77.1345345","1"
"704","NeedGoogleMapsAPIKey","39.8088283","-77.1371977","1"
"705","NeedGoogleMapsAPIKey","39.8100789","-77.1370866","1"
"706","NeedGoogleMapsAPIKey","39.8089867","-77.1404422","1"
"707","NeedGoogleMapsAPIKey","39.807713","-77.1286937","1"
"708","NeedGoogleMapsAPIKey","39.8070448","-77.1282264","1"
"709","NeedGoogleMapsAPIKey","39.807259","-77.1296474","1"
"710","NeedGoogleMapsAPIKey","39.8092983","-77.1284509","1"
"711","NeedGoogleMapsAPIKey","39.811808","-77.1459254","1"
"712","NeedGoogleMapsAPIKey","39.8139559","-77.1485443","1"
"713","NeedGoogleMapsAPIKey","39.8124573","-77.1508043","1"
"714","NeedGoogleMapsAPIKey","39.8142304","-77.1502165","1"
"715","NeedGoogleMapsAPIKey","39.8125154","-77.1421365","1"
"716","NeedGoogleMapsAPIKey","39.8095803","-77.1411073","1"
"717","NeedGoogleMapsAPIKey","39.8133803","-77.1454007","1"
"718","NeedGoogleMapsAPIKey","39.8119401","-77.1452441","1"
"719","NeedGoogleMapsAPIKey","39.8121812","-77.1409778","1"
"720","NeedGoogleMapsAPIKey","39.8129769","-77.1405656","1"
"721","NeedGoogleMapsAPIKey","39.8082147","-77.1427336","1"
"722","NeedGoogleMapsAPIKey","39.8128779","-77.1394566","1"
"723","NeedGoogleMapsAPIKey","39.8132303","-77.1439857","1"
"724","NeedGoogleMapsAPIKey","39.8122567","-77.1422125","1"
"725","NeedGoogleMapsAPIKey","39.8104854","-77.1427531","1"
"726","NeedGoogleMapsAPIKey","39.8135906","-77.1469989","1"
"727","NeedGoogleMapsAPIKey","39.8121644","-77.140269","1"
"728","NeedGoogleMapsAPIKey","39.809331","-77.1435416","1"
"729","NeedGoogleMapsAPIKey","39.8127692","-77.142077","1"
"730","NeedGoogleMapsAPIKey","39.8090625","-77.1437724","1"
"731","NeedGoogleMapsAPIKey","39.8107659","-77.1426655","1"
"732","NeedGoogleMapsAPIKey","39.8093896","-77.140867","1"
"733","NeedGoogleMapsAPIKey","39.8101289","-77.1429497","1"
"1","Alloway Creek El Sch","39.750492","-77.088425"
