"Fairfield Area School District","3","802","50","50"
"1","NeedGoogleMapsAPIKey","39.7303707","-77.3739382","1"
"2","NeedGoogleMapsAPIKey","39.7226851","-77.372898","1"
"3","NeedGoogleMapsAPIKey","39.7320529","-77.3776646","1"
"4","NeedGoogleMapsAPIKey","39.7292477","-77.3843897","1"
"5","NeedGoogleMapsAPIKey","39.7310316","-77.3758029","1"
"6","NeedGoogleMapsAPIKey","39.7232143","-77.3721895","1"
"7","NeedGoogleMapsAPIKey","39.7302189","-77.3774547","1"
"8","NeedGoogleMapsAPIKey","39.7217498","-77.3739466","1"
"9","NeedGoogleMapsAPIKey","39.7261613","-77.3839154","1"
"10","NeedGoogleMapsAPIKey","39.7312569","-77.3723452","1"
"11","NeedGoogleMapsAPIKey","39.7323481","-77.3735517","1"
"12","NeedGoogleMapsAPIKey","39.7282076","-77.3737598","1"
"13","NeedGoogleMapsAPIKey","39.7206817","-77.3761267","1"
"14","NeedGoogleMapsAPIKey","39.7288259","-77.3717213","1"
"15","NeedGoogleMapsAPIKey","39.7325082","-77.3742889","1"
"16","NeedGoogleMapsAPIKey","39.7208361","-77.3780199","1"
"17","NeedGoogleMapsAPIKey","39.7263497","-77.3868633","1"
"18","NeedGoogleMapsAPIKey","39.7281145","-77.3687871","1"
"19","NeedGoogleMapsAPIKey","39.7279258","-77.3781169","1"
"20","NeedGoogleMapsAPIKey","39.730192","-77.3792731","1"
"21","NeedGoogleMapsAPIKey","39.7281695","-77.3717729","1"
"22","NeedGoogleMapsAPIKey","39.7295172","-77.3681465","1"
"23","NeedGoogleMapsAPIKey","39.725626","-77.3772631","1"
"24","NeedGoogleMapsAPIKey","39.7230233","-77.3735303","1"
"25","NeedGoogleMapsAPIKey","39.7273738","-77.3747775","1"
"26","NeedGoogleMapsAPIKey","39.7304758","-77.3817727","1"
"27","NeedGoogleMapsAPIKey","39.7262405","-77.3722431","1"
"28","NeedGoogleMapsAPIKey","39.721972","-77.37567","1"
"29","NeedGoogleMapsAPIKey","39.7281247","-77.3815609","1"
"30","NeedGoogleMapsAPIKey","39.729105","-77.3792244","1"
"31","NeedGoogleMapsAPIKey","39.7304791","-77.3842182","1"
"32","NeedGoogleMapsAPIKey","39.7316363","-77.3758994","1"
"33","NeedGoogleMapsAPIKey","39.7305114","-77.3831467","1"
"34","NeedGoogleMapsAPIKey","39.7262039","-77.3850708","1"
"35","NeedGoogleMapsAPIKey","39.7226731","-77.3739478","1"
"36","NeedGoogleMapsAPIKey","39.7300364","-77.3738986","1"
"37","NeedGoogleMapsAPIKey","39.7208988","-77.3758528","1"
"38","NeedGoogleMapsAPIKey","39.7298484","-77.3820768","1"
"39","NeedGoogleMapsAPIKey","39.7282785","-77.3727286","1"
"40","NeedGoogleMapsAPIKey","39.7315899","-77.374815","1"
"41","NeedGoogleMapsAPIKey","39.7257582","-77.3686224","1"
"42","NeedGoogleMapsAPIKey","39.7321364","-77.3764547","1"
"43","NeedGoogleMapsAPIKey","39.731464","-77.3786867","1"
"44","NeedGoogleMapsAPIKey","39.7306127","-77.3804056","1"
"45","NeedGoogleMapsAPIKey","39.7305827","-77.3807442","1"
"46","NeedGoogleMapsAPIKey","39.7209893","-77.3737545","1"
"47","NeedGoogleMapsAPIKey","39.729586","-77.3784867","1"
"48","NeedGoogleMapsAPIKey","39.731293","-77.3805055","1"
"49","NeedGoogleMapsAPIKey","39.7212751","-77.3721934","1"
"50","NeedGoogleMapsAPIKey","39.7269697","-77.3697631","1"
"51","NeedGoogleMapsAPIKey","39.7271959","-77.3841582","1"
"52","NeedGoogleMapsAPIKey","39.7288603","-77.3674592","1"
"53","NeedGoogleMapsAPIKey","39.7315165","-77.3772935","1"
"54","NeedGoogleMapsAPIKey","39.7297997","-77.3845698","1"
"55","NeedGoogleMapsAPIKey","39.7264631","-77.3738621","1"
"56","NeedGoogleMapsAPIKey","39.7299142","-77.3761967","1"
"57","NeedGoogleMapsAPIKey","39.7302131","-77.378866","1"
"58","NeedGoogleMapsAPIKey","39.7210723","-77.3785278","1"
"59","NeedGoogleMapsAPIKey","39.7210413","-77.3777287","1"
"60","NeedGoogleMapsAPIKey","39.7270439","-77.3838664","1"
"61","NeedGoogleMapsAPIKey","39.7296931","-77.3694721","1"
"62","NeedGoogleMapsAPIKey","39.7313029","-77.3729418","1"
"63","NeedGoogleMapsAPIKey","39.72798","-77.3858138","1"
"64","NeedGoogleMapsAPIKey","39.7307508","-77.3782986","1"
"65","NeedGoogleMapsAPIKey","39.7293579","-77.3688097","1"
"66","NeedGoogleMapsAPIKey","39.7312627","-77.37354","1"
"67","NeedGoogleMapsAPIKey","39.722451","-77.3398383","1"
"68","NeedGoogleMapsAPIKey","39.7251154","-77.3377637","1"
"69","NeedGoogleMapsAPIKey","39.7318857","-77.3389954","1"
"70","NeedGoogleMapsAPIKey","39.7273052","-77.3299731","1"
"71","NeedGoogleMapsAPIKey","39.725825","-77.338795","1"
"72","NeedGoogleMapsAPIKey","39.7251542","-77.3395929","1"
"73","NeedGoogleMapsAPIKey","39.7313653","-77.338376","1"
"74","NeedGoogleMapsAPIKey","39.7275826","-77.3289738","1"
"75","NeedGoogleMapsAPIKey","39.7268033","-77.3402807","1"
"76","NeedGoogleMapsAPIKey","39.7290629","-77.3380625","1"
"77","NeedGoogleMapsAPIKey","39.7242875","-77.3409221","1"
"78","NeedGoogleMapsAPIKey","39.7240063","-77.3248073","1"
"79","NeedGoogleMapsAPIKey","39.7229808","-77.338718","1"
"80","NeedGoogleMapsAPIKey","39.7299029","-77.3221735","1"
"81","NeedGoogleMapsAPIKey","39.7257657","-77.3373895","1"
"82","NeedGoogleMapsAPIKey","39.7260796","-77.3272031","1"
"83","NeedGoogleMapsAPIKey","39.7239256","-77.3438019","1"
"84","NeedGoogleMapsAPIKey","39.7212727","-77.3264982","1"
"85","NeedGoogleMapsAPIKey","39.7251531","-77.3361011","1"
"86","NeedGoogleMapsAPIKey","39.7260157","-77.3363584","1"
"87","NeedGoogleMapsAPIKey","39.7365931","-77.3357249","1"
"88","NeedGoogleMapsAPIKey","39.7356536","-77.3275414","1"
"89","NeedGoogleMapsAPIKey","39.72683","-77.3315818","1"
"90","NeedGoogleMapsAPIKey","39.7284794","-77.3384023","1"
"91","NeedGoogleMapsAPIKey","39.7316665","-77.3833666","1"
"92","NeedGoogleMapsAPIKey","39.7315653","-77.3849163","1"
"93","NeedGoogleMapsAPIKey","39.7319858","-77.3821897","1"
"94","NeedGoogleMapsAPIKey","39.739077","-77.3936894","1"
"95","NeedGoogleMapsAPIKey","39.7348292","-77.3804823","1"
"96","NeedGoogleMapsAPIKey","39.7311201","-77.3833256","1"
"97","NeedGoogleMapsAPIKey","39.732456","-77.3809434","1"
"98","NeedGoogleMapsAPIKey","39.7396833","-77.3896075","1"
"99","NeedGoogleMapsAPIKey","39.7346563","-77.3786003","1"
"100","NeedGoogleMapsAPIKey","39.7395497","-77.3905873","1"
"101","NeedGoogleMapsAPIKey","39.7318212","-77.3828233","1"
"102","NeedGoogleMapsAPIKey","39.7332536","-77.3814064","1"
"103","NeedGoogleMapsAPIKey","39.7339265","-77.3815952","1"
"104","NeedGoogleMapsAPIKey","39.7330579","-77.3802581","1"
"105","NeedGoogleMapsAPIKey","39.737297","-77.3966715","1"
"106","NeedGoogleMapsAPIKey","39.7277342","-77.3884738","1"
"107","NeedGoogleMapsAPIKey","39.7394744","-77.386833","1"
"108","NeedGoogleMapsAPIKey","39.7369475","-77.3825274","1"
"109","NeedGoogleMapsAPIKey","39.738813","-77.3926528","1"
"110","NeedGoogleMapsAPIKey","39.7208424","-77.3904007","1"
"111","NeedGoogleMapsAPIKey","39.7318311","-77.3846875","1"
"112","NeedGoogleMapsAPIKey","39.7317634","-77.382487","1"
"113","NeedGoogleMapsAPIKey","39.7221029","-77.3985774","1"
"114","NeedGoogleMapsAPIKey","39.7323733","-77.3816479","1"
"115","NeedGoogleMapsAPIKey","39.7404045","-77.4316908","1"
"116","NeedGoogleMapsAPIKey","39.7266244","-77.4450603","1"
"117","NeedGoogleMapsAPIKey","39.7403145","-77.4310078","1"
"118","NeedGoogleMapsAPIKey","39.721833","-77.4349607","1"
"119","NeedGoogleMapsAPIKey","39.7254573","-77.4350569","1"
"120","NeedGoogleMapsAPIKey","39.7234056","-77.4350838","1"
"121","NeedGoogleMapsAPIKey","39.7258972","-77.4350069","1"
"122","NeedGoogleMapsAPIKey","39.731713","-77.4335775","1"
"123","NeedGoogleMapsAPIKey","39.7403461","-77.43493","1"
"124","NeedGoogleMapsAPIKey","39.7226148","-77.443965","1"
"125","NeedGoogleMapsAPIKey","39.723144","-77.4358709","1"
"126","NeedGoogleMapsAPIKey","39.728971","-77.4345199","1"
"127","NeedGoogleMapsAPIKey","39.7406466","-77.4332442","1"
"128","NeedGoogleMapsAPIKey","39.7244469","-77.4356768","1"
"129","NeedGoogleMapsAPIKey","39.7305041","-77.4347971","1"
"130","NeedGoogleMapsAPIKey","39.7403845","-77.4308481","1"
"131","NeedGoogleMapsAPIKey","39.7400883","-77.4365651","1"
"132","NeedGoogleMapsAPIKey","39.7381991","-77.4351293","1"
"133","NeedGoogleMapsAPIKey","39.7255196","-77.4263766","1"
"134","NeedGoogleMapsAPIKey","39.72534","-77.4396072","1"
"135","NeedGoogleMapsAPIKey","39.7233605","-77.4373033","1"
"136","NeedGoogleMapsAPIKey","39.7259713","-77.4376782","1"
"137","NeedGoogleMapsAPIKey","39.7251856","-77.4423384","1"
"138","NeedGoogleMapsAPIKey","39.723201","-77.4288934","1"
"139","NeedGoogleMapsAPIKey","39.7240412","-77.4311633","1"
"140","NeedGoogleMapsAPIKey","39.7244097","-77.4271124","1"
"141","NeedGoogleMapsAPIKey","39.7432937","-77.4132553","1"
"142","NeedGoogleMapsAPIKey","39.7321728","-77.4071457","1"
"143","NeedGoogleMapsAPIKey","39.7444096","-77.4060205","1"
"144","NeedGoogleMapsAPIKey","39.741366","-77.4118873","1"
"145","NeedGoogleMapsAPIKey","39.7445545","-77.4039852","1"
"146","NeedGoogleMapsAPIKey","39.7442249","-77.4038764","1"
"147","NeedGoogleMapsAPIKey","39.7398076","-77.4012964","1"
"148","NeedGoogleMapsAPIKey","39.7387059","-77.4006225","1"
"149","NeedGoogleMapsAPIKey","39.7386837","-77.4009575","1"
"150","NeedGoogleMapsAPIKey","39.7422707","-77.405194","1"
"151","NeedGoogleMapsAPIKey","39.7369187","-77.4028333","1"
"152","NeedGoogleMapsAPIKey","39.7417414","-77.4051948","1"
"153","NeedGoogleMapsAPIKey","39.741581","-77.4072762","1"
"154","NeedGoogleMapsAPIKey","39.7390839","-77.4062929","1"
"155","NeedGoogleMapsAPIKey","39.7381128","-77.4024556","1"
"156","NeedGoogleMapsAPIKey","39.7429302","-77.404431","1"
"157","NeedGoogleMapsAPIKey","39.7344255","-77.4057119","1"
"158","NeedGoogleMapsAPIKey","39.7434558","-77.4084621","1"
"159","NeedGoogleMapsAPIKey","39.7448043","-77.4057309","1"
"160","NeedGoogleMapsAPIKey","39.7352818","-77.4033275","1"
"161","NeedGoogleMapsAPIKey","39.7376318","-77.4028372","1"
"162","NeedGoogleMapsAPIKey","39.7434132","-77.4055885","1"
"163","NeedGoogleMapsAPIKey","39.7441923","-77.4054587","1"
"164","NeedGoogleMapsAPIKey","39.7436867","-77.4127681","1"
"165","NeedGoogleMapsAPIKey","39.7401695","-77.4031627","1"
"166","NeedGoogleMapsAPIKey","39.7411021","-77.4031299","1"
"167","NeedGoogleMapsAPIKey","39.7406295","-77.3802602","1"
"168","NeedGoogleMapsAPIKey","39.7448891","-77.3769673","1"
"169","NeedGoogleMapsAPIKey","39.7433234","-77.3752015","1"
"170","NeedGoogleMapsAPIKey","39.7372652","-77.3736262","1"
"171","NeedGoogleMapsAPIKey","39.7425836","-77.3767026","1"
"172","NeedGoogleMapsAPIKey","39.7333639","-77.3763084","1"
"173","NeedGoogleMapsAPIKey","39.7417611","-77.3825878","1"
"174","NeedGoogleMapsAPIKey","39.7406937","-77.37711","1"
"175","NeedGoogleMapsAPIKey","39.7426325","-77.3741691","1"
"176","NeedGoogleMapsAPIKey","39.7424144","-77.3799549","1"
"177","NeedGoogleMapsAPIKey","39.7400766","-77.3787409","1"
"178","NeedGoogleMapsAPIKey","39.7370741","-77.374818","1"
"179","NeedGoogleMapsAPIKey","39.7385992","-77.3720719","1"
"180","NeedGoogleMapsAPIKey","39.7411074","-77.3794136","1"
"181","NeedGoogleMapsAPIKey","39.745569","-77.3726092","1"
"182","NeedGoogleMapsAPIKey","39.7428242","-77.3813123","1"
"183","NeedGoogleMapsAPIKey","39.7382198","-77.3760564","1"
"184","NeedGoogleMapsAPIKey","39.7354011","-77.3716927","1"
"185","NeedGoogleMapsAPIKey","39.7335394","-77.3753118","1"
"186","NeedGoogleMapsAPIKey","39.7412495","-77.3737395","1"
"187","NeedGoogleMapsAPIKey","39.7374506","-77.3740984","1"
"188","NeedGoogleMapsAPIKey","39.7442857","-77.3757084","1"
"189","NeedGoogleMapsAPIKey","39.7418654","-77.3659864","1"
"190","NeedGoogleMapsAPIKey","39.7362826","-77.3720127","1"
"191","NeedGoogleMapsAPIKey","39.742108","-77.3785469","1"
"192","NeedGoogleMapsAPIKey","39.7401506","-77.3722446","1"
"193","NeedGoogleMapsAPIKey","39.7401265","-77.3797277","1"
"194","NeedGoogleMapsAPIKey","39.7413568","-77.3785893","1"
"195","NeedGoogleMapsAPIKey","39.7434909","-77.3793059","1"
"196","NeedGoogleMapsAPIKey","39.7433375","-77.3786014","1"
"197","NeedGoogleMapsAPIKey","39.7433284","-77.3694039","1"
"198","NeedGoogleMapsAPIKey","39.7381085","-77.3739493","1"
"199","NeedGoogleMapsAPIKey","39.7391798","-77.3722947","1"
"200","NeedGoogleMapsAPIKey","39.7384818","-77.366207","1"
"201","NeedGoogleMapsAPIKey","39.739027","-77.3641455","1"
"202","NeedGoogleMapsAPIKey","39.741065","-77.3923535","1"
"203","NeedGoogleMapsAPIKey","39.7408282","-77.3910213","1"
"204","NeedGoogleMapsAPIKey","39.7458366","-77.3952046","1"
"205","NeedGoogleMapsAPIKey","39.7470655","-77.3849104","1"
"206","NeedGoogleMapsAPIKey","39.7486845","-77.3903909","1"
"207","NeedGoogleMapsAPIKey","39.7462226","-77.3906029","1"
"208","NeedGoogleMapsAPIKey","39.7405595","-77.3938232","1"
"209","NeedGoogleMapsAPIKey","39.742802","-77.3889759","1"
"210","NeedGoogleMapsAPIKey","39.7479704","-77.3995029","1"
"211","NeedGoogleMapsAPIKey","39.7450711","-77.399819","1"
"212","NeedGoogleMapsAPIKey","39.7399612","-77.3930805","1"
"213","NeedGoogleMapsAPIKey","39.7462516","-77.3982563","1"
"214","NeedGoogleMapsAPIKey","39.7442519","-77.3988153","1"
"215","NeedGoogleMapsAPIKey","39.7494701","-77.3985663","1"
"216","NeedGoogleMapsAPIKey","39.7464393","-77.3997647","1"
"217","NeedGoogleMapsAPIKey","39.7494413","-77.3885061","1"
"218","NeedGoogleMapsAPIKey","39.7474304","-77.3975451","1"
"219","NeedGoogleMapsAPIKey","39.7446662","-77.3886634","1"
"220","NeedGoogleMapsAPIKey","39.7431724","-77.3882188","1"
"221","NeedGoogleMapsAPIKey","39.7517217","-77.3947974","1"
"222","NeedGoogleMapsAPIKey","39.7439268","-77.3990593","1"
"223","NeedGoogleMapsAPIKey","39.7449524","-77.3981811","1"
"224","NeedGoogleMapsAPIKey","39.7496966","-77.3885785","1"
"225","NeedGoogleMapsAPIKey","39.7499746","-77.3932783","1"
"226","NeedGoogleMapsAPIKey","39.7428587","-77.3853275","1"
"227","NeedGoogleMapsAPIKey","39.7518891","-77.3920209","1"
"228","NeedGoogleMapsAPIKey","39.7479039","-77.3888478","1"
"229","NeedGoogleMapsAPIKey","39.7422562","-77.3859887","1"
"230","NeedGoogleMapsAPIKey","39.7456228","-77.3946214","1"
"231","NeedGoogleMapsAPIKey","39.7482888","-77.3962061","1"
"232","NeedGoogleMapsAPIKey","39.7494072","-77.3948196","1"
"233","NeedGoogleMapsAPIKey","39.7442295","-77.3872231","1"
"234","NeedGoogleMapsAPIKey","39.7418991","-77.3928389","1"
"235","NeedGoogleMapsAPIKey","39.7460047","-77.3990815","1"
"236","NeedGoogleMapsAPIKey","39.7467415","-77.3987146","1"
"237","NeedGoogleMapsAPIKey","39.7475586","-77.3870932","1"
"238","NeedGoogleMapsAPIKey","39.74638","-77.3971107","1"
"239","NeedGoogleMapsAPIKey","39.7469614","-77.3878046","1"
"240","NeedGoogleMapsAPIKey","39.7452287","-77.3883643","1"
"241","NeedGoogleMapsAPIKey","39.7490919","-77.3909068","1"
"242","NeedGoogleMapsAPIKey","39.7435232","-77.3865298","1"
"243","NeedGoogleMapsAPIKey","39.7455511","-77.4053077","1"
"244","NeedGoogleMapsAPIKey","39.7419378","-77.3922029","1"
"245","NeedGoogleMapsAPIKey","39.7474532","-77.3888548","1"
"246","NeedGoogleMapsAPIKey","39.7471835","-77.3948932","1"
"247","NeedGoogleMapsAPIKey","39.7441533","-77.3896802","1"
"248","NeedGoogleMapsAPIKey","39.7439217","-77.3994345","1"
"249","NeedGoogleMapsAPIKey","39.7426025","-77.3839872","1"
"250","NeedGoogleMapsAPIKey","39.7469856","-77.3910442","1"
"251","NeedGoogleMapsAPIKey","39.7457833","-77.388759","1"
"252","NeedGoogleMapsAPIKey","39.7477354","-77.3949396","1"
"253","NeedGoogleMapsAPIKey","39.7414161","-77.39176","1"
"254","NeedGoogleMapsAPIKey","39.7420981","-77.387585","1"
"255","NeedGoogleMapsAPIKey","39.7450548","-77.3915193","1"
"256","NeedGoogleMapsAPIKey","39.7452809","-77.3872898","1"
"257","NeedGoogleMapsAPIKey","39.7452664","-77.405344","1"
"258","NeedGoogleMapsAPIKey","39.7453626","-77.3925301","1"
"259","NeedGoogleMapsAPIKey","39.7466582","-77.3922672","1"
"260","NeedGoogleMapsAPIKey","39.7487994","-77.3874983","1"
"261","NeedGoogleMapsAPIKey","39.7471145","-77.3842061","1"
"262","NeedGoogleMapsAPIKey","39.7511411","-77.3977872","1"
"263","NeedGoogleMapsAPIKey","39.7408139","-77.3923733","1"
"264","NeedGoogleMapsAPIKey","39.7446124","-77.3890139","1"
"265","NeedGoogleMapsAPIKey","39.7471517","-77.3993504","1"
"266","NeedGoogleMapsAPIKey","39.7447269","-77.3903881","1"
"267","NeedGoogleMapsAPIKey","39.7458186","-77.3934831","1"
"268","NeedGoogleMapsAPIKey","39.7446611","-77.3879928","1"
"269","NeedGoogleMapsAPIKey","39.7454866","-77.3848225","1"
"270","NeedGoogleMapsAPIKey","39.7509407","-77.3787022","1"
"271","NeedGoogleMapsAPIKey","39.7512691","-77.385473","1"
"272","NeedGoogleMapsAPIKey","39.7565729","-77.3838091","1"
"273","NeedGoogleMapsAPIKey","39.7526428","-77.382906","1"
"274","NeedGoogleMapsAPIKey","39.7445094","-77.3807919","1"
"275","NeedGoogleMapsAPIKey","39.7558155","-77.382548","1"
"276","NeedGoogleMapsAPIKey","39.7519326","-77.3811238","1"
"277","NeedGoogleMapsAPIKey","39.7524789","-77.3875957","1"
"278","NeedGoogleMapsAPIKey","39.7557248","-77.3848452","1"
"279","NeedGoogleMapsAPIKey","39.7544052","-77.3845547","1"
"280","NeedGoogleMapsAPIKey","39.7542468","-77.3862636","1"
"281","NeedGoogleMapsAPIKey","39.7451482","-77.3784246","1"
"282","NeedGoogleMapsAPIKey","39.7500325","-77.3751481","1"
"283","NeedGoogleMapsAPIKey","39.7524445","-77.3852697","1"
"284","NeedGoogleMapsAPIKey","39.7519783","-77.3901667","1"
"285","NeedGoogleMapsAPIKey","39.7533945","-77.3859705","1"
"286","NeedGoogleMapsAPIKey","39.7502701","-77.3800834","1"
"287","NeedGoogleMapsAPIKey","39.7464299","-77.3738392","1"
"288","NeedGoogleMapsAPIKey","39.7558175","-77.3855682","1"
"289","NeedGoogleMapsAPIKey","39.7561747","-77.3846397","1"
"290","NeedGoogleMapsAPIKey","39.7478357","-77.3811011","1"
"291","NeedGoogleMapsAPIKey","39.7472625","-77.3803231","1"
"292","NeedGoogleMapsAPIKey","39.7460193","-77.3775785","1"
"293","NeedGoogleMapsAPIKey","39.7518689","-77.386595","1"
"294","NeedGoogleMapsAPIKey","39.7524422","-77.3865522","1"
"295","NeedGoogleMapsAPIKey","39.7472277","-77.3817368","1"
"296","NeedGoogleMapsAPIKey","39.7523248","-77.3889688","1"
"297","NeedGoogleMapsAPIKey","39.7497614","-77.3818026","1"
"298","NeedGoogleMapsAPIKey","39.7524858","-77.3836328","1"
"299","NeedGoogleMapsAPIKey","39.7504184","-77.3751321","1"
"300","NeedGoogleMapsAPIKey","39.7517961","-77.384645","1"
"301","NeedGoogleMapsAPIKey","39.7520302","-77.3780634","1"
"302","NeedGoogleMapsAPIKey","39.7476255","-77.3828713","1"
"303","NeedGoogleMapsAPIKey","39.7444168","-77.3801732","1"
"304","NeedGoogleMapsAPIKey","39.7468536","-77.374197","1"
"305","NeedGoogleMapsAPIKey","39.7547284","-77.3834593","1"
"306","NeedGoogleMapsAPIKey","39.7519706","-77.3912792","1"
"307","NeedGoogleMapsAPIKey","39.7520521","-77.3786679","1"
"308","NeedGoogleMapsAPIKey","39.7471794","-77.3828184","1"
"309","NeedGoogleMapsAPIKey","39.7513738","-77.3829201","1"
"310","NeedGoogleMapsAPIKey","39.7507115","-77.3856756","1"
"311","NeedGoogleMapsAPIKey","39.7525074","-77.3805861","1"
"312","NeedGoogleMapsAPIKey","39.7477164","-77.379617","1"
"313","NeedGoogleMapsAPIKey","39.7502106","-77.3786534","1"
"314","NeedGoogleMapsAPIKey","39.7515169","-77.3788023","1"
"315","NeedGoogleMapsAPIKey","39.7524615","-77.3859333","1"
"316","NeedGoogleMapsAPIKey","39.7536805","-77.384695","1"
"317","NeedGoogleMapsAPIKey","39.746065","-77.3697921","1"
"318","NeedGoogleMapsAPIKey","39.7460393","-77.3728544","1"
"319","NeedGoogleMapsAPIKey","39.7530307","-77.389917","1"
"320","NeedGoogleMapsAPIKey","39.745457","-77.381929","1"
"321","NeedGoogleMapsAPIKey","39.7531404","-77.3873476","1"
"322","NeedGoogleMapsAPIKey","39.7528746","-77.4400685","1"
"323","NeedGoogleMapsAPIKey","39.7533995","-77.4367641","1"
"324","NeedGoogleMapsAPIKey","39.7524606","-77.4407737","1"
"325","NeedGoogleMapsAPIKey","39.7525137","-77.4394569","1"
"326","NeedGoogleMapsAPIKey","39.7494938","-77.4391585","1"
"327","NeedGoogleMapsAPIKey","39.7525914","-77.4411445","1"
"328","NeedGoogleMapsAPIKey","39.7519356","-77.4369728","1"
"329","NeedGoogleMapsAPIKey","39.7550238","-77.4372512","1"
"330","NeedGoogleMapsAPIKey","39.7521476","-77.4380484","1"
"331","NeedGoogleMapsAPIKey","39.7499801","-77.4416766","1"
"332","NeedGoogleMapsAPIKey","39.7519783","-77.4427923","1"
"333","NeedGoogleMapsAPIKey","39.7514141","-77.4382482","1"
"334","NeedGoogleMapsAPIKey","39.7549629","-77.444083","1"
"335","NeedGoogleMapsAPIKey","39.7553638","-77.4447994","1"
"336","NeedGoogleMapsAPIKey","39.7541568","-77.4412877","1"
"337","NeedGoogleMapsAPIKey","39.7518366","-77.4421432","1"
"338","NeedGoogleMapsAPIKey","39.7527611","-77.4416432","1"
"339","NeedGoogleMapsAPIKey","39.7504379","-77.4420824","1"
"340","NeedGoogleMapsAPIKey","39.7534465","-77.438086","1"
"341","NeedGoogleMapsAPIKey","39.7532588","-77.4414446","1"
"342","NeedGoogleMapsAPIKey","39.7535993","-77.4383627","1"
"343","NeedGoogleMapsAPIKey","39.7564239","-77.4428316","1"
"344","NeedGoogleMapsAPIKey","39.7551423","-77.4400908","1"
"345","NeedGoogleMapsAPIKey","39.7561305","-77.4387572","1"
"346","NeedGoogleMapsAPIKey","39.7538338","-77.4362004","1"
"347","NeedGoogleMapsAPIKey","39.7534902","-77.4341813","1"
"348","NeedGoogleMapsAPIKey","39.7533786","-77.4399946","1"
"349","NeedGoogleMapsAPIKey","39.7548622","-77.438311","1"
"350","NeedGoogleMapsAPIKey","39.7522961","-77.4413311","1"
"351","NeedGoogleMapsAPIKey","39.750924","-77.4364148","1"
"352","NeedGoogleMapsAPIKey","39.749758","-77.4368884","1"
"353","NeedGoogleMapsAPIKey","39.7546199","-77.4404853","1"
"354","NeedGoogleMapsAPIKey","39.755484","-77.3911687","1"
"355","NeedGoogleMapsAPIKey","39.7548406","-77.3999873","1"
"356","NeedGoogleMapsAPIKey","39.753012","-77.3985777","1"
"357","NeedGoogleMapsAPIKey","39.7583137","-77.3958644","1"
"358","NeedGoogleMapsAPIKey","39.7545521","-77.400587","1"
"359","NeedGoogleMapsAPIKey","39.7535579","-77.395619","1"
"360","NeedGoogleMapsAPIKey","39.7535075","-77.3918181","1"
"361","NeedGoogleMapsAPIKey","39.7519772","-77.3981875","1"
"362","NeedGoogleMapsAPIKey","39.751845","-77.4044318","1"
"363","NeedGoogleMapsAPIKey","39.7547437","-77.3982715","1"
"364","NeedGoogleMapsAPIKey","39.7575706","-77.3983094","1"
"365","NeedGoogleMapsAPIKey","39.754862","-77.3977767","1"
"366","NeedGoogleMapsAPIKey","39.7569915","-77.4016767","1"
"367","NeedGoogleMapsAPIKey","39.7570369","-77.3939881","1"
"368","NeedGoogleMapsAPIKey","39.7560043","-77.4024535","1"
"369","NeedGoogleMapsAPIKey","39.7561557","-77.3954023","1"
"370","NeedGoogleMapsAPIKey","39.7557828","-77.3963411","1"
"371","NeedGoogleMapsAPIKey","39.7496367","-77.4022757","1"
"372","NeedGoogleMapsAPIKey","39.7567838","-77.4104706","1"
"373","NeedGoogleMapsAPIKey","39.7573578","-77.397473","1"
"374","NeedGoogleMapsAPIKey","39.7550261","-77.3937654","1"
"375","NeedGoogleMapsAPIKey","39.7534286","-77.3929489","1"
"376","NeedGoogleMapsAPIKey","39.7552329","-77.3992772","1"
"377","NeedGoogleMapsAPIKey","39.7580624","-77.3966782","1"
"378","NeedGoogleMapsAPIKey","39.7541223","-77.3928035","1"
"379","NeedGoogleMapsAPIKey","39.7542096","-77.4050403","1"
"380","NeedGoogleMapsAPIKey","39.7540254","-77.3977606","1"
"381","NeedGoogleMapsAPIKey","39.7632274","-77.3383989","1"
"382","NeedGoogleMapsAPIKey","39.7611608","-77.337812","1"
"383","NeedGoogleMapsAPIKey","39.7522644","-77.3365029","1"
"384","NeedGoogleMapsAPIKey","39.7447527","-77.3291727","1"
"385","NeedGoogleMapsAPIKey","39.7608599","-77.336694","1"
"386","NeedGoogleMapsAPIKey","39.7608942","-77.3384699","1"
"387","NeedGoogleMapsAPIKey","39.7631001","-77.3401844","1"
"388","NeedGoogleMapsAPIKey","39.7617612","-77.3382503","1"
"389","NeedGoogleMapsAPIKey","39.7618435","-77.3323474","1"
"390","NeedGoogleMapsAPIKey","39.761486","-77.3388896","1"
"391","NeedGoogleMapsAPIKey","39.7611395","-77.3386614","1"
"392","NeedGoogleMapsAPIKey","39.7629255","-77.3391646","1"
"393","NeedGoogleMapsAPIKey","39.7613834","-77.336925","1"
"394","NeedGoogleMapsAPIKey","39.7545321","-77.3333813","1"
"395","NeedGoogleMapsAPIKey","39.7624345","-77.3365736","1"
"396","NeedGoogleMapsAPIKey","39.7618996","-77.34022","1"
"397","NeedGoogleMapsAPIKey","39.7625988","-77.3408125","1"
"398","NeedGoogleMapsAPIKey","39.7622259","-77.3386059","1"
"399","NeedGoogleMapsAPIKey","39.7605603","-77.337105","1"
"400","NeedGoogleMapsAPIKey","39.760412","-77.3380584","1"
"401","NeedGoogleMapsAPIKey","39.7455882","-77.3294954","1"
"402","NeedGoogleMapsAPIKey","39.76215","-77.3368999","1"
"403","NeedGoogleMapsAPIKey","39.760649","-77.338274","1"
"404","NeedGoogleMapsAPIKey","39.7606134","-77.339191","1"
"405","NeedGoogleMapsAPIKey","39.7458555","-77.3280327","1"
"406","NeedGoogleMapsAPIKey","39.7400771","-77.3338454","1"
"407","NeedGoogleMapsAPIKey","39.7632787","-77.3393993","1"
"408","NeedGoogleMapsAPIKey","39.7559134","-77.3881015","1"
"409","NeedGoogleMapsAPIKey","39.7610411","-77.3840217","1"
"410","NeedGoogleMapsAPIKey","39.7563936","-77.3861117","1"
"411","NeedGoogleMapsAPIKey","39.7668742","-77.3876797","1"
"412","NeedGoogleMapsAPIKey","39.7573291","-77.3850042","1"
"413","NeedGoogleMapsAPIKey","39.7559459","-77.3898924","1"
"414","NeedGoogleMapsAPIKey","39.7624436","-77.3931318","1"
"415","NeedGoogleMapsAPIKey","39.7583101","-77.3837044","1"
"416","NeedGoogleMapsAPIKey","39.756844","-77.3877345","1"
"417","NeedGoogleMapsAPIKey","39.759918","-77.3839776","1"
"418","NeedGoogleMapsAPIKey","39.7606399","-77.383937","1"
"419","NeedGoogleMapsAPIKey","39.7549826","-77.3902914","1"
"420","NeedGoogleMapsAPIKey","39.75709","-77.3851674","1"
"421","NeedGoogleMapsAPIKey","39.7650688","-77.3941834","1"
"422","NeedGoogleMapsAPIKey","39.7553864","-77.38871","1"
"423","NeedGoogleMapsAPIKey","39.756138","-77.3866079","1"
"424","NeedGoogleMapsAPIKey","39.7556333","-77.3893658","1"
"425","NeedGoogleMapsAPIKey","39.7609333","-77.3844963","1"
"426","NeedGoogleMapsAPIKey","39.7584419","-77.3848848","1"
"427","NeedGoogleMapsAPIKey","39.7583426","-77.388337","1"
"428","NeedGoogleMapsAPIKey","39.7637665","-77.3815846","1"
"429","NeedGoogleMapsAPIKey","39.7597731","-77.3807465","1"
"430","NeedGoogleMapsAPIKey","39.7647585","-77.3897912","1"
"431","NeedGoogleMapsAPIKey","39.7581289","-77.384508","1"
"432","NeedGoogleMapsAPIKey","39.7559667","-77.3907894","1"
"433","NeedGoogleMapsAPIKey","39.771029","-77.3608362","1"
"434","NeedGoogleMapsAPIKey","39.7688511","-77.3650407","1"
"435","NeedGoogleMapsAPIKey","39.7688996","-77.35884","1"
"436","NeedGoogleMapsAPIKey","39.7726892","-77.3699796","1"
"437","NeedGoogleMapsAPIKey","39.7744619","-77.3647708","1"
"438","NeedGoogleMapsAPIKey","39.7757849","-77.367283","1"
"439","NeedGoogleMapsAPIKey","39.7680359","-77.3669459","1"
"440","NeedGoogleMapsAPIKey","39.7691053","-77.3696843","1"
"441","NeedGoogleMapsAPIKey","39.7703171","-77.3679994","1"
"442","NeedGoogleMapsAPIKey","39.7733332","-77.3688456","1"
"443","NeedGoogleMapsAPIKey","39.7682464","-77.3697768","1"
"444","NeedGoogleMapsAPIKey","39.7706182","-77.3679252","1"
"445","NeedGoogleMapsAPIKey","39.7703846","-77.3658174","1"
"446","NeedGoogleMapsAPIKey","39.7685878","-77.3703718","1"
"447","NeedGoogleMapsAPIKey","39.7693988","-77.3726117","1"
"448","NeedGoogleMapsAPIKey","39.772406","-77.3701138","1"
"449","NeedGoogleMapsAPIKey","39.7737968","-77.3697973","1"
"450","NeedGoogleMapsAPIKey","39.7683756","-77.3656271","1"
"451","NeedGoogleMapsAPIKey","39.7699604","-77.3699488","1"
"452","NeedGoogleMapsAPIKey","39.7688656","-77.3567835","1"
"453","NeedGoogleMapsAPIKey","39.7673649","-77.3665639","1"
"454","NeedGoogleMapsAPIKey","39.7687115","-77.3669755","1"
"455","NeedGoogleMapsAPIKey","39.77165","-77.369863","1"
"456","NeedGoogleMapsAPIKey","39.7676575","-77.3593951","1"
"457","NeedGoogleMapsAPIKey","39.7769877","-77.3629229","1"
"458","NeedGoogleMapsAPIKey","39.7687615","-77.3586981","1"
"459","NeedGoogleMapsAPIKey","39.7688835","-77.3654702","1"
"460","NeedGoogleMapsAPIKey","39.7747941","-77.3682621","1"
"461","NeedGoogleMapsAPIKey","39.7690116","-77.3658253","1"
"462","NeedGoogleMapsAPIKey","39.7734857","-77.3677031","1"
"463","NeedGoogleMapsAPIKey","39.7696941","-77.3693001","1"
"464","NeedGoogleMapsAPIKey","39.7705636","-77.3715551","1"
"465","NeedGoogleMapsAPIKey","39.7684962","-77.3595936","1"
"466","NeedGoogleMapsAPIKey","39.7688766","-77.3690769","1"
"467","NeedGoogleMapsAPIKey","39.7731089","-77.3694842","1"
"468","NeedGoogleMapsAPIKey","39.7731883","-77.3669742","1"
"469","NeedGoogleMapsAPIKey","39.7751569","-77.3643385","1"
"470","NeedGoogleMapsAPIKey","39.7694278","-77.368683","1"
"471","NeedGoogleMapsAPIKey","39.7708541","-77.369335","1"
"472","NeedGoogleMapsAPIKey","39.7731891","-77.3685312","1"
"473","NeedGoogleMapsAPIKey","39.7713728","-77.3708515","1"
"474","NeedGoogleMapsAPIKey","39.7692007","-77.3643977","1"
"475","NeedGoogleMapsAPIKey","39.7675389","-77.3583666","1"
"476","NeedGoogleMapsAPIKey","39.7763685","-77.3666159","1"
"477","NeedGoogleMapsAPIKey","39.7711944","-77.3716449","1"
"478","NeedGoogleMapsAPIKey","39.7691921","-77.3607328","1"
"479","NeedGoogleMapsAPIKey","39.7721538","-77.3687524","1"
"480","NeedGoogleMapsAPIKey","39.7680508","-77.3649959","1"
"481","NeedGoogleMapsAPIKey","39.770719","-77.353502","1"
"482","NeedGoogleMapsAPIKey","39.7743457","-77.3659289","1"
"483","NeedGoogleMapsAPIKey","39.7723944","-77.368588","1"
"484","NeedGoogleMapsAPIKey","39.7700247","-77.372325","1"
"485","NeedGoogleMapsAPIKey","39.7740376","-77.3636469","1"
"486","NeedGoogleMapsAPIKey","39.7717189","-77.3706395","1"
"487","NeedGoogleMapsAPIKey","39.7708121","-77.3675639","1"
"488","NeedGoogleMapsAPIKey","39.7700434","-77.368058","1"
"489","NeedGoogleMapsAPIKey","39.7776964","-77.3973627","1"
"490","NeedGoogleMapsAPIKey","39.7743687","-77.3869792","1"
"491","NeedGoogleMapsAPIKey","39.7748813","-77.3968704","1"
"492","NeedGoogleMapsAPIKey","39.7743812","-77.389467","1"
"493","NeedGoogleMapsAPIKey","39.7710528","-77.3840031","1"
"494","NeedGoogleMapsAPIKey","39.7707738","-77.3803287","1"
"495","NeedGoogleMapsAPIKey","39.7747504","-77.3871897","1"
"496","NeedGoogleMapsAPIKey","39.7757557","-77.3851246","1"
"497","NeedGoogleMapsAPIKey","39.7728409","-77.3843553","1"
"498","NeedGoogleMapsAPIKey","39.7760863","-77.3844638","1"
"499","NeedGoogleMapsAPIKey","39.7706278","-77.386706","1"
"500","NeedGoogleMapsAPIKey","39.7740347","-77.3821677","1"
"501","NeedGoogleMapsAPIKey","39.7755528","-77.3895233","1"
"502","NeedGoogleMapsAPIKey","39.7733891","-77.3864921","1"
"503","NeedGoogleMapsAPIKey","39.7732163","-77.3885231","1"
"504","NeedGoogleMapsAPIKey","39.7760655","-77.3926671","1"
"505","NeedGoogleMapsAPIKey","39.7717385","-77.3845161","1"
"506","NeedGoogleMapsAPIKey","39.7726964","-77.3829677","1"
"507","NeedGoogleMapsAPIKey","39.7758617","-77.3828477","1"
"508","NeedGoogleMapsAPIKey","39.7744528","-77.3853986","1"
"509","NeedGoogleMapsAPIKey","39.7705972","-77.3844224","1"
"510","NeedGoogleMapsAPIKey","39.7734092","-77.3841112","1"
"511","NeedGoogleMapsAPIKey","39.7778911","-77.3931165","1"
"512","NeedGoogleMapsAPIKey","39.7733257","-77.3858841","1"
"513","NeedGoogleMapsAPIKey","39.7744799","-77.3843218","1"
"514","NeedGoogleMapsAPIKey","39.7756027","-77.3899673","1"
"515","NeedGoogleMapsAPIKey","39.7725673","-77.3920667","1"
"516","NeedGoogleMapsAPIKey","39.7730719","-77.3827721","1"
"517","NeedGoogleMapsAPIKey","39.7782268","-77.3975683","1"
"518","NeedGoogleMapsAPIKey","39.7738817","-77.3853019","1"
"519","NeedGoogleMapsAPIKey","39.775065","-77.3891257","1"
"520","NeedGoogleMapsAPIKey","39.7709025","-77.386578","1"
"521","NeedGoogleMapsAPIKey","39.7756503","-77.3822407","1"
"522","NeedGoogleMapsAPIKey","39.7754978","-77.3850143","1"
"523","NeedGoogleMapsAPIKey","39.7754009","-77.3986312","1"
"524","NeedGoogleMapsAPIKey","39.7723174","-77.3838772","1"
"525","NeedGoogleMapsAPIKey","39.7722766","-77.3862331","1"
"526","NeedGoogleMapsAPIKey","39.77388","-77.3872676","1"
"527","NeedGoogleMapsAPIKey","39.776042","-77.3970484","1"
"528","NeedGoogleMapsAPIKey","39.7728711","-77.3921693","1"
"529","NeedGoogleMapsAPIKey","39.7743766","-77.3821125","1"
"530","NeedGoogleMapsAPIKey","39.7750171","-77.3854736","1"
"531","NeedGoogleMapsAPIKey","39.7765151","-77.3971171","1"
"532","NeedGoogleMapsAPIKey","39.7734582","-77.3825949","1"
"533","NeedGoogleMapsAPIKey","39.7731257","-77.3864699","1"
"534","NeedGoogleMapsAPIKey","39.773814","-77.385993","1"
"535","NeedGoogleMapsAPIKey","39.7755578","-77.3863113","1"
"536","NeedGoogleMapsAPIKey","39.7739901","-77.3835415","1"
"537","NeedGoogleMapsAPIKey","39.7680202","-77.3916233","1"
"538","NeedGoogleMapsAPIKey","39.7760338","-77.3850349","1"
"539","NeedGoogleMapsAPIKey","39.7717555","-77.3812415","1"
"540","NeedGoogleMapsAPIKey","39.7722683","-77.3849061","1"
"541","NeedGoogleMapsAPIKey","39.7700363","-77.3916305","1"
"542","NeedGoogleMapsAPIKey","39.7755166","-77.3843429","1"
"543","NeedGoogleMapsAPIKey","39.775266","-77.3905139","1"
"544","NeedGoogleMapsAPIKey","39.775051","-77.3844419","1"
"545","NeedGoogleMapsAPIKey","39.7708564","-77.3810679","1"
"546","NeedGoogleMapsAPIKey","39.7753693","-77.3914008","1"
"547","NeedGoogleMapsAPIKey","39.7751479","-77.3992975","1"
"548","NeedGoogleMapsAPIKey","39.7725426","-77.3871692","1"
"549","NeedGoogleMapsAPIKey","39.7682491","-77.3818981","1"
"550","NeedGoogleMapsAPIKey","39.7733259","-77.372703","1"
"551","NeedGoogleMapsAPIKey","39.7749118","-77.3715677","1"
"552","NeedGoogleMapsAPIKey","39.7760575","-77.3812783","1"
"553","NeedGoogleMapsAPIKey","39.7705751","-77.3735079","1"
"554","NeedGoogleMapsAPIKey","39.7739699","-77.3793937","1"
"555","NeedGoogleMapsAPIKey","39.7748005","-77.3729975","1"
"556","NeedGoogleMapsAPIKey","39.7735987","-77.3785979","1"
"557","NeedGoogleMapsAPIKey","39.772134","-77.3776896","1"
"558","NeedGoogleMapsAPIKey","39.7711364","-77.3734829","1"
"559","NeedGoogleMapsAPIKey","39.771327","-77.3720143","1"
"560","NeedGoogleMapsAPIKey","39.7709046","-77.3724775","1"
"561","NeedGoogleMapsAPIKey","39.7736845","-77.3704923","1"
"562","NeedGoogleMapsAPIKey","39.7747553","-77.3699963","1"
"563","NeedGoogleMapsAPIKey","39.7783834","-77.3795513","1"
"564","NeedGoogleMapsAPIKey","39.7769503","-77.3808718","1"
"565","NeedGoogleMapsAPIKey","39.7707702","-77.3771249","1"
"566","NeedGoogleMapsAPIKey","39.7768815","-77.3801227","1"
"567","NeedGoogleMapsAPIKey","39.7738538","-77.372222","1"
"568","NeedGoogleMapsAPIKey","39.7716617","-77.3766049","1"
"569","NeedGoogleMapsAPIKey","39.7735767","-77.3737918","1"
"570","NeedGoogleMapsAPIKey","39.7728474","-77.3723334","1"
"571","NeedGoogleMapsAPIKey","39.7705389","-77.3772348","1"
"572","NeedGoogleMapsAPIKey","39.7733898","-77.3718248","1"
"573","NeedGoogleMapsAPIKey","39.7715122","-77.3781456","1"
"574","NeedGoogleMapsAPIKey","39.7802478","-77.3780458","1"
"575","NeedGoogleMapsAPIKey","39.7697419","-77.3734675","1"
"576","NeedGoogleMapsAPIKey","39.7725339","-77.3792542","1"
"577","NeedGoogleMapsAPIKey","39.7758318","-77.3699867","1"
"578","NeedGoogleMapsAPIKey","39.7727883","-77.3738835","1"
"579","NeedGoogleMapsAPIKey","39.7745953","-77.3709379","1"
"580","NeedGoogleMapsAPIKey","39.7812242","-77.371663","1"
"581","NeedGoogleMapsAPIKey","39.7734439","-77.3777553","1"
"582","NeedGoogleMapsAPIKey","39.7750102","-77.3728211","1"
"583","NeedGoogleMapsAPIKey","39.7722975","-77.3723871","1"
"584","NeedGoogleMapsAPIKey","39.7729031","-77.3731864","1"
"585","NeedGoogleMapsAPIKey","39.7804387","-77.3814595","1"
"586","NeedGoogleMapsAPIKey","39.7722261","-77.376909","1"
"587","NeedGoogleMapsAPIKey","39.7797853","-77.3784254","1"
"588","NeedGoogleMapsAPIKey","39.775209","-77.3708487","1"
"589","NeedGoogleMapsAPIKey","39.7749851","-77.3706137","1"
"590","NeedGoogleMapsAPIKey","39.7761615","-77.3691883","1"
"591","NeedGoogleMapsAPIKey","39.7743083","-77.3728337","1"
"592","NeedGoogleMapsAPIKey","39.7702465","-77.3743823","1"
"593","NeedGoogleMapsAPIKey","39.7729975","-77.374141","1"
"594","NeedGoogleMapsAPIKey","39.7719169","-77.3767965","1"
"595","NeedGoogleMapsAPIKey","39.7753771","-77.3712097","1"
"596","NeedGoogleMapsAPIKey","39.773627","-77.3715158","1"
"597","NeedGoogleMapsAPIKey","39.78326","-77.3240965","1"
"598","NeedGoogleMapsAPIKey","39.7832807","-77.3313643","1"
"599","NeedGoogleMapsAPIKey","39.7849938","-77.3267665","1"
"600","NeedGoogleMapsAPIKey","39.7859579","-77.328584","1"
"601","NeedGoogleMapsAPIKey","39.7848476","-77.3248051","1"
"602","NeedGoogleMapsAPIKey","39.784026","-77.330882","1"
"603","NeedGoogleMapsAPIKey","39.783819","-77.3307401","1"
"604","NeedGoogleMapsAPIKey","39.7808755","-77.3268597","1"
"605","NeedGoogleMapsAPIKey","39.7830219","-77.328081","1"
"606","NeedGoogleMapsAPIKey","39.783836","-77.3268946","1"
"607","NeedGoogleMapsAPIKey","39.7769276","-77.32596","1"
"608","NeedGoogleMapsAPIKey","39.7796473","-77.3299034","1"
"609","NeedGoogleMapsAPIKey","39.7759458","-77.3220821","1"
"610","NeedGoogleMapsAPIKey","39.7831349","-77.3295026","1"
"611","NeedGoogleMapsAPIKey","39.7808509","-77.325691","1"
"612","NeedGoogleMapsAPIKey","39.7811791","-77.3267101","1"
"613","NeedGoogleMapsAPIKey","39.7848046","-77.3257465","1"
"614","NeedGoogleMapsAPIKey","39.7816291","-77.3273682","1"
"615","NeedGoogleMapsAPIKey","39.7834974","-77.3230505","1"
"616","NeedGoogleMapsAPIKey","39.7826802","-77.3275423","1"
"617","NeedGoogleMapsAPIKey","39.7792754","-77.329515","1"
"618","NeedGoogleMapsAPIKey","39.7841202","-77.3244289","1"
"619","NeedGoogleMapsAPIKey","39.7853549","-77.3284072","1"
"620","NeedGoogleMapsAPIKey","39.7798722","-77.328241","1"
"621","NeedGoogleMapsAPIKey","39.7769399","-77.3328351","1"
"622","NeedGoogleMapsAPIKey","39.782327","-77.3280657","1"
"623","NeedGoogleMapsAPIKey","39.7860464","-77.3275009","1"
"624","NeedGoogleMapsAPIKey","39.782659","-77.3302669","1"
"625","NeedGoogleMapsAPIKey","39.7862406","-77.3263443","1"
"626","NeedGoogleMapsAPIKey","39.7806736","-77.3278954","1"
"627","NeedGoogleMapsAPIKey","39.7800101","-77.3293311","1"
"628","NeedGoogleMapsAPIKey","39.7840796","-77.3260312","1"
"629","NeedGoogleMapsAPIKey","39.7863526","-77.3267189","1"
"630","NeedGoogleMapsAPIKey","39.7852665","-77.3295294","1"
"631","NeedGoogleMapsAPIKey","39.7854654","-77.3275018","1"
"632","NeedGoogleMapsAPIKey","39.7819957","-77.3261847","1"
"633","NeedGoogleMapsAPIKey","39.7788264","-77.3280027","1"
"634","NeedGoogleMapsAPIKey","39.7822208","-77.3244603","1"
"635","NeedGoogleMapsAPIKey","39.782809","-77.3289433","1"
"636","NeedGoogleMapsAPIKey","39.7849863","-77.3288907","1"
"637","NeedGoogleMapsAPIKey","39.7812003","-77.3283128","1"
"638","NeedGoogleMapsAPIKey","39.7823855","-77.3284251","1"
"639","NeedGoogleMapsAPIKey","39.7840796","-77.3301977","1"
"640","NeedGoogleMapsAPIKey","39.7834268","-77.3289804","1"
"641","NeedGoogleMapsAPIKey","39.7829386","-77.3263985","1"
"642","NeedGoogleMapsAPIKey","39.7845702","-77.3292535","1"
"643","NeedGoogleMapsAPIKey","39.7864791","-77.3274982","1"
"644","NeedGoogleMapsAPIKey","39.7803444","-77.3313645","1"
"645","NeedGoogleMapsAPIKey","39.7743358","-77.3231728","1"
"646","NeedGoogleMapsAPIKey","39.782733","-77.3250985","1"
"647","NeedGoogleMapsAPIKey","39.7837933","-77.3229454","1"
"648","NeedGoogleMapsAPIKey","39.7847239","-77.3732801","1"
"649","NeedGoogleMapsAPIKey","39.7869501","-77.3722929","1"
"650","NeedGoogleMapsAPIKey","39.7852264","-77.37173","1"
"651","NeedGoogleMapsAPIKey","39.779936","-77.3547553","1"
"652","NeedGoogleMapsAPIKey","39.785646","-77.3716378","1"
"653","NeedGoogleMapsAPIKey","39.7862704","-77.3701267","1"
"654","NeedGoogleMapsAPIKey","39.7864091","-77.3664309","1"
"655","NeedGoogleMapsAPIKey","39.7878535","-77.3677948","1"
"656","NeedGoogleMapsAPIKey","39.7866238","-77.3696777","1"
"657","NeedGoogleMapsAPIKey","39.7876755","-77.3680645","1"
"658","NeedGoogleMapsAPIKey","39.7873128","-77.3661705","1"
"659","NeedGoogleMapsAPIKey","39.7886242","-77.3651985","1"
"660","NeedGoogleMapsAPIKey","39.7858663","-77.3708236","1"
"661","NeedGoogleMapsAPIKey","39.7849058","-77.371317","1"
"662","NeedGoogleMapsAPIKey","39.7878258","-77.3684861","1"
"663","NeedGoogleMapsAPIKey","39.7858715","-77.3731288","1"
"664","NeedGoogleMapsAPIKey","39.7862182","-77.3726704","1"
"665","NeedGoogleMapsAPIKey","39.7844673","-77.3721382","1"
"666","NeedGoogleMapsAPIKey","39.7881962","-77.3678712","1"
"667","NeedGoogleMapsAPIKey","39.7872092","-77.3659156","1"
"668","NeedGoogleMapsAPIKey","39.7860313","-77.3657546","1"
"669","NeedGoogleMapsAPIKey","39.7882954","-77.3719479","1"
"670","NeedGoogleMapsAPIKey","39.7880239","-77.3650772","1"
"671","NeedGoogleMapsAPIKey","39.7863316","-77.3700791","1"
"672","NeedGoogleMapsAPIKey","39.7876401","-77.3681185","1"
"673","NeedGoogleMapsAPIKey","39.7863316","-77.3657384","1"
"674","NeedGoogleMapsAPIKey","39.7869851","-77.3691083","1"
"675","NeedGoogleMapsAPIKey","39.7879162","-77.3662929","1"
"676","NeedGoogleMapsAPIKey","39.7863332","-77.3706351","1"
"677","NeedGoogleMapsAPIKey","39.781834","-77.3719461","1"
"678","NeedGoogleMapsAPIKey","39.7892804","-77.3654872","1"
"679","NeedGoogleMapsAPIKey","39.7835826","-77.3598946","1"
"680","NeedGoogleMapsAPIKey","39.7857203","-77.3689662","1"
"681","NeedGoogleMapsAPIKey","39.7865757","-77.3621195","1"
"682","NeedGoogleMapsAPIKey","39.7862138","-77.3712305","1"
"683","NeedGoogleMapsAPIKey","39.7864878","-77.3704117","1"
"684","NeedGoogleMapsAPIKey","39.7858914","-77.3707065","1"
"685","NeedGoogleMapsAPIKey","39.7867626","-77.3692411","1"
"686","NeedGoogleMapsAPIKey","39.7879789","-77.3692367","1"
"687","NeedGoogleMapsAPIKey","39.7867657","-77.3717058","1"
"688","NeedGoogleMapsAPIKey","39.7834457","-77.3726823","1"
"689","NeedGoogleMapsAPIKey","39.7865683","-77.365331","1"
"690","NeedGoogleMapsAPIKey","39.7856683","-77.3709006","1"
"691","NeedGoogleMapsAPIKey","39.7852759","-77.3722344","1"
"692","NeedGoogleMapsAPIKey","39.7872723","-77.365703","1"
"693","NeedGoogleMapsAPIKey","39.7833872","-77.3753583","1"
"694","NeedGoogleMapsAPIKey","39.7875836","-77.3682048","1"
"695","NeedGoogleMapsAPIKey","39.7866372","-77.3727295","1"
"696","NeedGoogleMapsAPIKey","39.789575","-77.3658133","1"
"697","NeedGoogleMapsAPIKey","39.7886263","-77.3646796","1"
"698","NeedGoogleMapsAPIKey","39.7883105","-77.3677015","1"
"699","NeedGoogleMapsAPIKey","39.7853177","-77.3716071","1"
"700","NeedGoogleMapsAPIKey","39.7886706","-77.3674211","1"
"701","NeedGoogleMapsAPIKey","39.7855088","-77.3734054","1"
"702","NeedGoogleMapsAPIKey","39.7864513","-77.3640703","1"
"703","NeedGoogleMapsAPIKey","39.7887483","-77.364905","1"
"704","NeedGoogleMapsAPIKey","39.7859434","-77.3658272","1"
"705","NeedGoogleMapsAPIKey","39.7839924","-77.373392","1"
"706","NeedGoogleMapsAPIKey","39.7896651","-77.3662557","1"
"707","NeedGoogleMapsAPIKey","39.78914","-77.3662982","1"
"708","NeedGoogleMapsAPIKey","39.7881569","-77.3680498","1"
"709","NeedGoogleMapsAPIKey","39.7851559","-77.3741907","1"
"710","NeedGoogleMapsAPIKey","39.7821397","-77.3721092","1"
"711","NeedGoogleMapsAPIKey","39.7870067","-77.3665895","1"
"712","NeedGoogleMapsAPIKey","39.786988","-77.3650358","1"
"713","NeedGoogleMapsAPIKey","39.7841523","-77.3717941","1"
"714","NeedGoogleMapsAPIKey","39.7886841","-77.3653131","1"
"715","NeedGoogleMapsAPIKey","39.7865282","-77.3613904","1"
"716","NeedGoogleMapsAPIKey","39.7864726","-77.3663066","1"
"717","NeedGoogleMapsAPIKey","39.7883663","-77.3648036","1"
"718","NeedGoogleMapsAPIKey","39.7836883","-77.3761097","1"
"719","NeedGoogleMapsAPIKey","39.7831832","-77.3714475","1"
"720","NeedGoogleMapsAPIKey","39.7867114","-77.3631042","1"
"721","NeedGoogleMapsAPIKey","39.7870323","-77.3667409","1"
"722","NeedGoogleMapsAPIKey","39.7866911","-77.3701594","1"
"723","NeedGoogleMapsAPIKey","39.7856752","-77.3693641","1"
"724","NeedGoogleMapsAPIKey","39.7813758","-77.3717245","1"
"725","NeedGoogleMapsAPIKey","39.7865691","-77.3664468","1"
"726","NeedGoogleMapsAPIKey","39.7863554","-77.3687812","1"
"727","NeedGoogleMapsAPIKey","39.7874891","-77.3667986","1"
"728","NeedGoogleMapsAPIKey","39.7835205","-77.372182","1"
"729","NeedGoogleMapsAPIKey","39.787324","-77.3650002","1"
"730","NeedGoogleMapsAPIKey","39.7884091","-77.3723466","1"
"731","NeedGoogleMapsAPIKey","39.7968113","-77.3596534","1"
"732","NeedGoogleMapsAPIKey","39.7972508","-77.3623569","1"
"733","NeedGoogleMapsAPIKey","39.7972261","-77.3654224","1"
"734","NeedGoogleMapsAPIKey","39.7953448","-77.3650758","1"
"735","NeedGoogleMapsAPIKey","39.790943","-77.3511057","1"
"736","NeedGoogleMapsAPIKey","39.7972774","-77.3647581","1"
"737","NeedGoogleMapsAPIKey","39.7956272","-77.3578277","1"
"738","NeedGoogleMapsAPIKey","39.7908451","-77.3648627","1"
"739","NeedGoogleMapsAPIKey","39.7958436","-77.3651529","1"
"740","NeedGoogleMapsAPIKey","39.7930817","-77.3646043","1"
"741","NeedGoogleMapsAPIKey","39.7935554","-77.3640968","1"
"742","NeedGoogleMapsAPIKey","39.8022643","-77.3665204","1"
"743","NeedGoogleMapsAPIKey","39.8006918","-77.3662763","1"
"744","NeedGoogleMapsAPIKey","39.8033999","-77.363527","1"
"745","NeedGoogleMapsAPIKey","39.7923082","-77.3636343","1"
"746","NeedGoogleMapsAPIKey","39.7969711","-77.3653716","1"
"747","NeedGoogleMapsAPIKey","39.7927135","-77.3628797","1"
"748","NeedGoogleMapsAPIKey","39.7988205","-77.3662824","1"
"749","NeedGoogleMapsAPIKey","39.7938089","-77.3641575","1"
"750","NeedGoogleMapsAPIKey","39.7985542","-77.365111","1"
"751","NeedGoogleMapsAPIKey","39.7923551","-77.3624667","1"
"752","NeedGoogleMapsAPIKey","39.7931644","-77.3606984","1"
"753","NeedGoogleMapsAPIKey","39.7993661","-77.3657332","1"
"754","NeedGoogleMapsAPIKey","39.7964211","-77.3652833","1"
"755","NeedGoogleMapsAPIKey","39.8390004","-77.3685887","1"
"756","NeedGoogleMapsAPIKey","39.8457703","-77.3607196","1"
"757","NeedGoogleMapsAPIKey","39.8433292","-77.3639167","1"
"758","NeedGoogleMapsAPIKey","39.842017","-77.3640166","1"
"759","NeedGoogleMapsAPIKey","39.8461555","-77.3599338","1"
"760","NeedGoogleMapsAPIKey","39.8344138","-77.3686385","1"
"761","NeedGoogleMapsAPIKey","39.8441141","-77.3623168","1"
"762","NeedGoogleMapsAPIKey","39.8422939","-77.3615892","1"
"763","NeedGoogleMapsAPIKey","39.8435598","-77.3631267","1"
"764","NeedGoogleMapsAPIKey","39.84647","-77.3596236","1"
"765","NeedGoogleMapsAPIKey","39.8445268","-77.3622618","1"
"766","NeedGoogleMapsAPIKey","39.8426016","-77.3632754","1"
"767","NeedGoogleMapsAPIKey","39.8458221","-77.3600827","1"
"768","NeedGoogleMapsAPIKey","39.8437043","-77.3635005","1"
"769","NeedGoogleMapsAPIKey","39.8432797","-77.3608725","1"
"770","NeedGoogleMapsAPIKey","39.8480954","-77.3585656","1"
"771","NeedGoogleMapsAPIKey","39.8485475","-77.3569775","1"
"772","NeedGoogleMapsAPIKey","39.8444148","-77.3624521","1"
"773","NeedGoogleMapsAPIKey","39.8446985","-77.3615638","1"
"774","NeedGoogleMapsAPIKey","39.8454884","-77.3603191","1"
"775","NeedGoogleMapsAPIKey","39.8407778","-77.3670218","1"
"776","NeedGoogleMapsAPIKey","39.8451179","-77.3575243","1"
"777","NeedGoogleMapsAPIKey","39.8391815","-77.3633664","1"
"778","NeedGoogleMapsAPIKey","39.8443621","-77.362016","1"
"779","NeedGoogleMapsAPIKey","39.8418508","-77.3619331","1"
"780","NeedGoogleMapsAPIKey","39.8467164","-77.4596597","1"
"781","NeedGoogleMapsAPIKey","39.8526578","-77.4617746","1"
"782","NeedGoogleMapsAPIKey","39.8508125","-77.4590767","1"
"783","NeedGoogleMapsAPIKey","39.8502609","-77.4628475","1"
"784","NeedGoogleMapsAPIKey","39.8514373","-77.4615852","1"
"785","NeedGoogleMapsAPIKey","39.8510718","-77.4627047","1"
"786","NeedGoogleMapsAPIKey","39.8369212","-77.4592931","1"
"787","NeedGoogleMapsAPIKey","39.8517898","-77.4624873","1"
"788","NeedGoogleMapsAPIKey","39.8478028","-77.4585469","1"
"789","NeedGoogleMapsAPIKey","39.8525893","-77.4609926","1"
"790","NeedGoogleMapsAPIKey","39.8451085","-77.4646438","1"
"791","NeedGoogleMapsAPIKey","39.8412101","-77.4644792","1"
"792","NeedGoogleMapsAPIKey","39.83638","-77.4571598","1"
"793","NeedGoogleMapsAPIKey","39.8572997","-77.4609649","1"
"794","NeedGoogleMapsAPIKey","39.8499492","-77.4546237","1"
"795","NeedGoogleMapsAPIKey","39.847125","-77.4588369","1"
"796","NeedGoogleMapsAPIKey","39.8486823","-77.4596901","1"
"797","NeedGoogleMapsAPIKey","39.8575696","-77.4564048","1"
"798","NeedGoogleMapsAPIKey","39.8509205","-77.4644345","1"
"799","NeedGoogleMapsAPIKey","39.8475812","-77.4626954","1"
"800","NeedGoogleMapsAPIKey","39.8471623","-77.4640287","1"
"801","NeedGoogleMapsAPIKey","39.8515215","-77.4600354","1"
"802","NeedGoogleMapsAPIKey","39.846836","-77.4530958","1"
"1","Fairfield Area El Sch","39.782154","-77.376595"
"2","Fairfield Area HS","39.782173","-77.37657"
"3","Fairfield Area MS","39.782173","-77.37657"
