"Conewago Valley School District","1","406","50","50"
"1","NeedGoogleMapsAPIKey","39.7944172","-77.0165319","1"
"2","NeedGoogleMapsAPIKey","39.7947015","-77.016941","1"
"3","NeedGoogleMapsAPIKey","39.7961206","-77.023304","1"
"4","NeedGoogleMapsAPIKey","39.7789208","-77.0031341","1"
"5","NeedGoogleMapsAPIKey","39.7749642","-77.0057081","1"
"6","NeedGoogleMapsAPIKey","39.7966805","-77.0146586","1"
"7","NeedGoogleMapsAPIKey","39.7759864","-77.0264278","1"
"8","NeedGoogleMapsAPIKey","39.7958335","-77.0172588","1"
"9","NeedGoogleMapsAPIKey","39.7962802","-77.02506","1"
"10","NeedGoogleMapsAPIKey","39.7971122","-77.0181958","1"
"11","NeedGoogleMapsAPIKey","39.7781173","-77.0051135","1"
"12","NeedGoogleMapsAPIKey","39.7949585","-77.0187308","1"
"13","NeedGoogleMapsAPIKey","39.7977253","-77.013373","1"
"14","NeedGoogleMapsAPIKey","39.7959704","-77.0113391","1"
"15","NeedGoogleMapsAPIKey","39.7772897","-77.0052906","1"
"16","NeedGoogleMapsAPIKey","39.7955886","-77.0160102","1"
"17","NeedGoogleMapsAPIKey","39.7959477","-77.0182757","1"
"18","NeedGoogleMapsAPIKey","39.7962982","-77.0153267","1"
"19","NeedGoogleMapsAPIKey","39.7952992","-77.0216238","1"
"20","NeedGoogleMapsAPIKey","39.7800178","-77.0054811","1"
"21","NeedGoogleMapsAPIKey","39.7794073","-77.0066781","1"
"22","NeedGoogleMapsAPIKey","39.7943539","-77.0164131","1"
"23","NeedGoogleMapsAPIKey","39.7960454","-77.0223779","1"
"24","NeedGoogleMapsAPIKey","39.7971916","-77.0222409","1"
"25","NeedGoogleMapsAPIKey","39.7969723","-77.021625","1"
"26","NeedGoogleMapsAPIKey","39.7799026","-77.0056484","1"
"27","NeedGoogleMapsAPIKey","39.782491","-77.0098822","1"
"28","NeedGoogleMapsAPIKey","39.7962341","-77.0202778","1"
"29","NeedGoogleMapsAPIKey","39.7964796","-77.0208179","1"
"30","NeedGoogleMapsAPIKey","39.775617","-77.0038576","1"
"31","NeedGoogleMapsAPIKey","39.7897076","-77.0410893","1"
"32","NeedGoogleMapsAPIKey","39.7933848","-77.0499966","1"
"33","NeedGoogleMapsAPIKey","39.7977962","-77.0441372","1"
"34","NeedGoogleMapsAPIKey","39.7904085","-77.0479317","1"
"35","NeedGoogleMapsAPIKey","39.7905352","-77.0488304","1"
"36","NeedGoogleMapsAPIKey","39.786508","-77.0455986","1"
"37","NeedGoogleMapsAPIKey","39.7969575","-77.036925","1"
"38","NeedGoogleMapsAPIKey","39.7941281","-77.0480642","1"
"39","NeedGoogleMapsAPIKey","39.7929466","-77.0481155","1"
"40","NeedGoogleMapsAPIKey","39.7947185","-77.0502857","1"
"41","NeedGoogleMapsAPIKey","39.7937226","-77.047446","1"
"42","NeedGoogleMapsAPIKey","39.7924485","-77.0465161","1"
"43","NeedGoogleMapsAPIKey","39.7916423","-77.0487533","1"
"44","NeedGoogleMapsAPIKey","39.7913982","-77.0475661","1"
"45","NeedGoogleMapsAPIKey","39.7910254","-77.0421517","1"
"46","NeedGoogleMapsAPIKey","39.7907175","-77.0481019","1"
"47","NeedGoogleMapsAPIKey","39.7983563","-77.046229","1"
"48","NeedGoogleMapsAPIKey","39.7853409","-77.0447612","1"
"49","NeedGoogleMapsAPIKey","39.7968318","-77.0439807","1"
"50","NeedGoogleMapsAPIKey","39.7864306","-77.0432984","1"
"51","NeedGoogleMapsAPIKey","39.7945649","-77.050912","1"
"52","NeedGoogleMapsAPIKey","39.7872154","-77.0452452","1"
"53","NeedGoogleMapsAPIKey","39.7914372","-77.0449923","1"
"54","NeedGoogleMapsAPIKey","39.7876623","-77.0446377","1"
"55","NeedGoogleMapsAPIKey","39.7903237","-77.0500597","1"
"56","NeedGoogleMapsAPIKey","39.7908034","-77.0504551","1"
"57","NeedGoogleMapsAPIKey","39.7963777","-77.0486729","1"
"58","NeedGoogleMapsAPIKey","39.7842674","-77.0424693","1"
"59","NeedGoogleMapsAPIKey","39.7962944","-77.0471675","1"
"60","NeedGoogleMapsAPIKey","39.7946364","-77.0494179","1"
"61","NeedGoogleMapsAPIKey","39.7837778","-77.043642","1"
"62","NeedGoogleMapsAPIKey","39.792052","-77.0499298","1"
"63","NeedGoogleMapsAPIKey","39.7898595","-77.040027","1"
"64","NeedGoogleMapsAPIKey","39.7966759","-77.0390675","1"
"65","NeedGoogleMapsAPIKey","39.795198","-77.0484271","1"
"66","NeedGoogleMapsAPIKey","39.7918375","-77.0511962","1"
"67","NeedGoogleMapsAPIKey","39.7858383","-77.0456195","1"
"68","NeedGoogleMapsAPIKey","39.7910337","-77.0455363","1"
"69","NeedGoogleMapsAPIKey","39.7894508","-77.0438208","1"
"70","NeedGoogleMapsAPIKey","39.7861468","-77.0462491","1"
"71","NeedGoogleMapsAPIKey","39.7968285","-77.0476475","1"
"72","NeedGoogleMapsAPIKey","39.7977875","-77.0437452","1"
"73","NeedGoogleMapsAPIKey","39.7845359","-77.0453393","1"
"74","NeedGoogleMapsAPIKey","39.7973273","-77.0372989","1"
"75","NeedGoogleMapsAPIKey","39.7981375","-77.0401761","1"
"76","NeedGoogleMapsAPIKey","39.7928508","-77.0468031","1"
"77","NeedGoogleMapsAPIKey","39.7898404","-77.049774","1"
"78","NeedGoogleMapsAPIKey","39.8002413","-77.0012575","1"
"79","NeedGoogleMapsAPIKey","39.7979161","-77.0026346","1"
"80","NeedGoogleMapsAPIKey","39.7995712","-77.003782","1"
"81","NeedGoogleMapsAPIKey","39.800731","-77.0011268","1"
"82","NeedGoogleMapsAPIKey","39.8014685","-77.0013692","1"
"83","NeedGoogleMapsAPIKey","39.8003023","-77.0055151","1"
"84","NeedGoogleMapsAPIKey","39.7999715","-77.0057059","1"
"85","NeedGoogleMapsAPIKey","39.7990786","-77.0085259","1"
"86","NeedGoogleMapsAPIKey","39.7988217","-77.0001235","1"
"87","NeedGoogleMapsAPIKey","39.7968379","-77.001347","1"
"88","NeedGoogleMapsAPIKey","39.7974964","-77.0027457","1"
"89","NeedGoogleMapsAPIKey","39.8016436","-77.0027291","1"
"90","NeedGoogleMapsAPIKey","39.7975229","-77.0014757","1"
"91","NeedGoogleMapsAPIKey","39.7997875","-77.0046655","1"
"92","NeedGoogleMapsAPIKey","39.8011158","-77.0020489","1"
"93","NeedGoogleMapsAPIKey","39.7873948","-77.0007114","1"
"94","NeedGoogleMapsAPIKey","39.7963406","-77.0028557","1"
"95","NeedGoogleMapsAPIKey","39.7999884","-77.002553","1"
"96","NeedGoogleMapsAPIKey","39.7986652","-77.0087248","1"
"97","NeedGoogleMapsAPIKey","39.7972557","-77.0009567","1"
"98","NeedGoogleMapsAPIKey","39.8002261","-77.0051939","1"
"99","NeedGoogleMapsAPIKey","39.800064","-77.0088474","1"
"100","NeedGoogleMapsAPIKey","39.7961646","-77.0021746","1"
"101","NeedGoogleMapsAPIKey","39.8007856","-77.0002132","1"
"102","NeedGoogleMapsAPIKey","39.8011616","-77.0006435","1"
"103","NeedGoogleMapsAPIKey","39.7996065","-77.0089476","1"
"104","NeedGoogleMapsAPIKey","39.7999417","-77.0021539","1"
"105","NeedGoogleMapsAPIKey","39.7999441","-77.0008942","1"
"106","NeedGoogleMapsAPIKey","39.7990222","-77.0100832","1"
"107","NeedGoogleMapsAPIKey","39.7966137","-77.0057052","1"
"108","NeedGoogleMapsAPIKey","39.8069494","-77.0254562","1"
"109","NeedGoogleMapsAPIKey","39.7983238","-77.0328991","1"
"110","NeedGoogleMapsAPIKey","39.8056732","-77.0225685","1"
"111","NeedGoogleMapsAPIKey","39.8063","-77.0239989","1"
"112","NeedGoogleMapsAPIKey","39.7987548","-77.0263734","1"
"113","NeedGoogleMapsAPIKey","39.8042118","-77.0247436","1"
"114","NeedGoogleMapsAPIKey","39.8023131","-77.0393501","1"
"115","NeedGoogleMapsAPIKey","39.808631","-77.0438296","1"
"116","NeedGoogleMapsAPIKey","39.801803","-77.0234248","1"
"117","NeedGoogleMapsAPIKey","39.8003187","-77.028872","1"
"118","NeedGoogleMapsAPIKey","39.8045886","-77.0249344","1"
"119","NeedGoogleMapsAPIKey","39.8098765","-77.0421992","1"
"120","NeedGoogleMapsAPIKey","39.8041094","-77.0246875","1"
"121","NeedGoogleMapsAPIKey","39.802843","-77.0231465","1"
"122","NeedGoogleMapsAPIKey","39.8083551","-77.0307782","1"
"123","NeedGoogleMapsAPIKey","39.8020048","-77.0278054","1"
"124","NeedGoogleMapsAPIKey","39.8080076","-77.0303845","1"
"125","NeedGoogleMapsAPIKey","39.8076294","-77.0426348","1"
"126","NeedGoogleMapsAPIKey","39.8089429","-77.0321464","1"
"127","NeedGoogleMapsAPIKey","39.8027812","-77.0278637","1"
"128","NeedGoogleMapsAPIKey","39.8024985","-77.0256722","1"
"129","NeedGoogleMapsAPIKey","39.7998836","-77.0285842","1"
"130","NeedGoogleMapsAPIKey","39.8026727","-77.0284146","1"
"131","NeedGoogleMapsAPIKey","39.8081704","-77.0432957","1"
"132","NeedGoogleMapsAPIKey","39.7991287","-77.0353612","1"
"133","NeedGoogleMapsAPIKey","39.8027005","-77.0213749","1"
"134","NeedGoogleMapsAPIKey","39.8030716","-77.0396827","1"
"135","NeedGoogleMapsAPIKey","39.8018809","-77.0280598","1"
"136","NeedGoogleMapsAPIKey","39.8025719","-77.0283456","1"
"137","NeedGoogleMapsAPIKey","39.8025492","-77.0247399","1"
"138","NeedGoogleMapsAPIKey","39.8057194","-77.0397135","1"
"139","NeedGoogleMapsAPIKey","39.8021647","-77.0345457","1"
"140","NeedGoogleMapsAPIKey","39.8060118","-77.0235406","1"
"141","NeedGoogleMapsAPIKey","39.8015169","-77.0261934","1"
"142","NeedGoogleMapsAPIKey","39.8091275","-77.0418725","1"
"143","NeedGoogleMapsAPIKey","39.799655","-77.0431054","1"
"144","NeedGoogleMapsAPIKey","39.7991048","-77.0266043","1"
"145","NeedGoogleMapsAPIKey","39.8006627","-77.0267796","1"
"146","NeedGoogleMapsAPIKey","39.8065643","-77.0242779","1"
"147","NeedGoogleMapsAPIKey","39.8018547","-77.0410297","1"
"148","NeedGoogleMapsAPIKey","39.8009832","-77.0223244","1"
"149","NeedGoogleMapsAPIKey","39.798548","-77.0372769","1"
"150","NeedGoogleMapsAPIKey","39.8041223","-77.0221008","1"
"151","NeedGoogleMapsAPIKey","39.7972667","-77.023922","1"
"152","NeedGoogleMapsAPIKey","39.7982026","-77.0374579","1"
"153","NeedGoogleMapsAPIKey","39.8023473","-77.0222193","1"
"154","NeedGoogleMapsAPIKey","39.7991499","-77.0415352","1"
"155","NeedGoogleMapsAPIKey","39.8008752","-77.0376093","1"
"156","NeedGoogleMapsAPIKey","39.7984001","-77.0308061","1"
"157","NeedGoogleMapsAPIKey","39.7993678","-77.0261742","1"
"158","NeedGoogleMapsAPIKey","39.8002573","-77.0290346","1"
"159","NeedGoogleMapsAPIKey","39.80186","-77.0285673","1"
"160","NeedGoogleMapsAPIKey","39.8010975","-77.0367151","1"
"161","NeedGoogleMapsAPIKey","39.8026433","-77.0273308","1"
"162","NeedGoogleMapsAPIKey","39.8037393","-77.0222643","1"
"163","NeedGoogleMapsAPIKey","39.8038004","-77.0245271","1"
"164","NeedGoogleMapsAPIKey","39.7993759","-77.0450911","1"
"165","NeedGoogleMapsAPIKey","39.801109","-77.0278222","1"
"166","NeedGoogleMapsAPIKey","39.7990414","-77.0438741","1"
"167","NeedGoogleMapsAPIKey","39.8031016","-77.0253979","1"
"168","NeedGoogleMapsAPIKey","39.8008965","-77.0357584","1"
"169","NeedGoogleMapsAPIKey","39.7983977","-77.0248117","1"
"170","NeedGoogleMapsAPIKey","39.8002961","-77.0273914","1"
"171","NeedGoogleMapsAPIKey","39.7997743","-77.028821","1"
"172","NeedGoogleMapsAPIKey","39.8037224","-77.0232728","1"
"173","NeedGoogleMapsAPIKey","39.8019707","-77.0259877","1"
"174","NeedGoogleMapsAPIKey","39.7979174","-77.036538","1"
"175","NeedGoogleMapsAPIKey","39.8099296","-77.0406599","1"
"176","NeedGoogleMapsAPIKey","39.8002796","-77.0289792","1"
"177","NeedGoogleMapsAPIKey","39.7974728","-77.0361236","1"
"178","NeedGoogleMapsAPIKey","39.8015582","-77.0253199","1"
"179","NeedGoogleMapsAPIKey","39.7993427","-77.020434","1"
"180","NeedGoogleMapsAPIKey","39.8021634","-77.0232701","1"
"181","NeedGoogleMapsAPIKey","39.8061112","-77.023327","1"
"182","NeedGoogleMapsAPIKey","39.8000138","-77.0375508","1"
"183","NeedGoogleMapsAPIKey","39.8039093","-77.0245895","1"
"184","NeedGoogleMapsAPIKey","39.7988741","-77.0215525","1"
"185","NeedGoogleMapsAPIKey","39.8021485","-77.0337218","1"
"186","NeedGoogleMapsAPIKey","39.8027178","-77.0244101","1"
"187","NeedGoogleMapsAPIKey","39.8086851","-77.0294954","1"
"188","NeedGoogleMapsAPIKey","39.8031252","-77.0274798","1"
"189","NeedGoogleMapsAPIKey","39.8014038","-77.0283948","1"
"190","NeedGoogleMapsAPIKey","39.8082242","-77.0295522","1"
"191","NeedGoogleMapsAPIKey","39.7989484","-77.0481721","1"
"192","NeedGoogleMapsAPIKey","39.7995331","-77.042814","1"
"193","NeedGoogleMapsAPIKey","39.8083021","-77.0259697","1"
"194","NeedGoogleMapsAPIKey","39.8088377","-77.0326461","1"
"195","NeedGoogleMapsAPIKey","39.7996578","-77.0354492","1"
"196","NeedGoogleMapsAPIKey","39.8039674","-77.0233727","1"
"197","NeedGoogleMapsAPIKey","39.8080668","-77.0264452","1"
"198","NeedGoogleMapsAPIKey","39.8070465","-77.0419017","1"
"199","NeedGoogleMapsAPIKey","39.8086329","-77.0297002","1"
"200","NeedGoogleMapsAPIKey","39.8078407","-77.0346851","1"
"201","NeedGoogleMapsAPIKey","39.8020808","-77.0359536","1"
"202","NeedGoogleMapsAPIKey","39.802269","-77.0282321","1"
"203","NeedGoogleMapsAPIKey","39.8022092","-77.028722","1"
"204","NeedGoogleMapsAPIKey","39.8007267","-77.0236116","1"
"205","NeedGoogleMapsAPIKey","39.7987788","-77.0383662","1"
"206","NeedGoogleMapsAPIKey","39.798574","-77.0334501","1"
"207","NeedGoogleMapsAPIKey","39.8078949","-77.0430353","1"
"208","NeedGoogleMapsAPIKey","39.8030278","-77.0281928","1"
"209","NeedGoogleMapsAPIKey","39.8015361","-77.0078353","1"
"210","NeedGoogleMapsAPIKey","39.8034285","-77.0152121","1"
"211","NeedGoogleMapsAPIKey","39.8104746","-77.0125993","1"
"212","NeedGoogleMapsAPIKey","39.8043484","-77.0109193","1"
"213","NeedGoogleMapsAPIKey","39.8089044","-77.0202219","1"
"214","NeedGoogleMapsAPIKey","39.8005623","-77.015067","1"
"215","NeedGoogleMapsAPIKey","39.8066797","-77.0129219","1"
"216","NeedGoogleMapsAPIKey","39.8020526","-77.0071395","1"
"217","NeedGoogleMapsAPIKey","39.8040197","-77.000349","1"
"218","NeedGoogleMapsAPIKey","39.8051014","-77.0018065","1"
"219","NeedGoogleMapsAPIKey","39.8036782","-77.0113362","1"
"220","NeedGoogleMapsAPIKey","39.8048265","-77.0011044","1"
"221","NeedGoogleMapsAPIKey","39.8037455","-77.0190263","1"
"222","NeedGoogleMapsAPIKey","39.8086932","-77.0170142","1"
"223","NeedGoogleMapsAPIKey","39.8023179","-77.0152004","1"
"224","NeedGoogleMapsAPIKey","39.8061022","-77.0046205","1"
"225","NeedGoogleMapsAPIKey","39.8010109","-77.0093777","1"
"226","NeedGoogleMapsAPIKey","39.8097034","-77.0211737","1"
"227","NeedGoogleMapsAPIKey","39.8029593","-77.001821","1"
"228","NeedGoogleMapsAPIKey","39.8050551","-77.0102982","1"
"229","NeedGoogleMapsAPIKey","39.8087568","-77.0169976","1"
"230","NeedGoogleMapsAPIKey","39.806167","-77.0176627","1"
"231","NeedGoogleMapsAPIKey","39.8069465","-77.0085895","1"
"232","NeedGoogleMapsAPIKey","39.8050629","-77.0171223","1"
"233","NeedGoogleMapsAPIKey","39.8072684","-77.0138115","1"
"234","NeedGoogleMapsAPIKey","39.8074037","-77.0092188","1"
"235","NeedGoogleMapsAPIKey","39.803692","-77.0130232","1"
"236","NeedGoogleMapsAPIKey","39.8084906","-77.0241804","1"
"237","NeedGoogleMapsAPIKey","39.7993306","-77.0130429","1"
"238","NeedGoogleMapsAPIKey","39.809673","-77.0143531","1"
"239","NeedGoogleMapsAPIKey","39.800488","-77.0083414","1"
"240","NeedGoogleMapsAPIKey","39.8057305","-77.0151045","1"
"241","NeedGoogleMapsAPIKey","39.804933","-77.0058918","1"
"242","NeedGoogleMapsAPIKey","39.8050478","-77.0023584","1"
"243","NeedGoogleMapsAPIKey","39.8047368","-77.0207735","1"
"244","NeedGoogleMapsAPIKey","39.8058606","-77.0033928","1"
"245","NeedGoogleMapsAPIKey","39.8041503","-77.016751","1"
"246","NeedGoogleMapsAPIKey","39.8031311","-77.0042221","1"
"247","NeedGoogleMapsAPIKey","39.8062363","-77.0027067","1"
"248","NeedGoogleMapsAPIKey","39.803046","-77.0130348","1"
"249","NeedGoogleMapsAPIKey","39.8074642","-77.0080815","1"
"250","NeedGoogleMapsAPIKey","39.8057511","-77.0069333","1"
"251","NeedGoogleMapsAPIKey","39.8036784","-77.0193764","1"
"252","NeedGoogleMapsAPIKey","39.7998591","-77.0098661","1"
"253","NeedGoogleMapsAPIKey","39.8022917","-77.0055928","1"
"254","NeedGoogleMapsAPIKey","39.8078673","-77.022746","1"
"255","NeedGoogleMapsAPIKey","39.8055761","-77.0214922","1"
"256","NeedGoogleMapsAPIKey","39.809029","-77.021187","1"
"257","NeedGoogleMapsAPIKey","39.8061939","-77.00299","1"
"258","NeedGoogleMapsAPIKey","39.8082601","-77.0170231","1"
"259","NeedGoogleMapsAPIKey","39.8043217","-77.0151282","1"
"260","NeedGoogleMapsAPIKey","39.8076929","-77.0177896","1"
"261","NeedGoogleMapsAPIKey","39.8092741","-77.0231651","1"
"262","NeedGoogleMapsAPIKey","39.8031722","-77.0146754","1"
"263","NeedGoogleMapsAPIKey","39.8022568","-77.0091149","1"
"264","NeedGoogleMapsAPIKey","39.8052798","-77.0176596","1"
"265","NeedGoogleMapsAPIKey","39.8081106","-77.0233955","1"
"266","NeedGoogleMapsAPIKey","39.8100223","-77.0207118","1"
"267","NeedGoogleMapsAPIKey","39.8091042","-77.0138357","1"
"268","NeedGoogleMapsAPIKey","39.8039119","-77.0033745","1"
"269","NeedGoogleMapsAPIKey","39.8067105","-77.0073851","1"
"270","NeedGoogleMapsAPIKey","39.8065387","-77.0139939","1"
"271","NeedGoogleMapsAPIKey","39.8042535","-77.0111601","1"
"272","NeedGoogleMapsAPIKey","39.801418","-77.0085238","1"
"273","NeedGoogleMapsAPIKey","39.8054714","-77.0216408","1"
"274","NeedGoogleMapsAPIKey","39.8039405","-77.0109381","1"
"275","NeedGoogleMapsAPIKey","39.8025631","-77.0014313","1"
"276","NeedGoogleMapsAPIKey","39.8025561","-77.0063464","1"
"277","NeedGoogleMapsAPIKey","39.8014665","-77.0092408","1"
"278","NeedGoogleMapsAPIKey","39.8012078","-77.0069562","1"
"279","NeedGoogleMapsAPIKey","39.8042508","-77.0188281","1"
"280","NeedGoogleMapsAPIKey","39.799017","-77.0149983","1"
"281","NeedGoogleMapsAPIKey","39.8073197","-77.0025248","1"
"282","NeedGoogleMapsAPIKey","39.8097158","-77.01394","1"
"283","NeedGoogleMapsAPIKey","39.8081525","-77.0013606","1"
"284","NeedGoogleMapsAPIKey","39.8023016","-77.0202714","1"
"285","NeedGoogleMapsAPIKey","39.8049761","-77.0056256","1"
"286","NeedGoogleMapsAPIKey","39.8047972","-77.0148339","1"
"287","NeedGoogleMapsAPIKey","39.8064371","-77.0141572","1"
"288","NeedGoogleMapsAPIKey","39.8082895","-77.0166818","1"
"289","NeedGoogleMapsAPIKey","39.8050059","-77.0036496","1"
"290","NeedGoogleMapsAPIKey","39.8049919","-77.0144727","1"
"291","NeedGoogleMapsAPIKey","39.8020152","-77.0033287","1"
"292","NeedGoogleMapsAPIKey","39.8102491","-77.0124643","1"
"293","NeedGoogleMapsAPIKey","39.805177","-77.0005481","1"
"294","NeedGoogleMapsAPIKey","39.8002661","-77.0113582","1"
"295","NeedGoogleMapsAPIKey","39.8068316","-77.021703","1"
"296","NeedGoogleMapsAPIKey","39.8048335","-77.0075997","1"
"297","NeedGoogleMapsAPIKey","39.8069229","-77.0228791","1"
"298","NeedGoogleMapsAPIKey","39.8055873","-77.0132214","1"
"299","NeedGoogleMapsAPIKey","39.8034004","-77.0063763","1"
"300","NeedGoogleMapsAPIKey","39.7999106","-77.0163611","1"
"301","NeedGoogleMapsAPIKey","39.8065719","-77.0193416","1"
"302","NeedGoogleMapsAPIKey","39.808955","-77.0142038","1"
"303","NeedGoogleMapsAPIKey","39.8064506","-77.0216181","1"
"304","NeedGoogleMapsAPIKey","39.8078235","-77.018729","1"
"305","NeedGoogleMapsAPIKey","39.801308","-77.0197501","1"
"306","NeedGoogleMapsAPIKey","39.7997395","-77.0153744","1"
"307","NeedGoogleMapsAPIKey","39.7993336","-77.0108223","1"
"308","NeedGoogleMapsAPIKey","39.8086314","-77.017118","1"
"309","NeedGoogleMapsAPIKey","39.8021671","-77.0075384","1"
"310","NeedGoogleMapsAPIKey","39.8091007","-77.012458","1"
"311","NeedGoogleMapsAPIKey","39.8105162","-77.0215489","1"
"312","NeedGoogleMapsAPIKey","39.8080817","-77.0184064","1"
"313","NeedGoogleMapsAPIKey","39.8065781","-77.0160586","1"
"314","NeedGoogleMapsAPIKey","39.8082975","-77.0169083","1"
"315","NeedGoogleMapsAPIKey","39.8057414","-77.0056469","1"
"316","NeedGoogleMapsAPIKey","39.8054968","-77.0162479","1"
"317","NeedGoogleMapsAPIKey","39.7997531","-77.0115542","1"
"318","NeedGoogleMapsAPIKey","39.8071046","-77.0182587","1"
"319","NeedGoogleMapsAPIKey","39.8064528","-77.0069345","1"
"320","NeedGoogleMapsAPIKey","39.8047389","-77.015512","1"
"321","NeedGoogleMapsAPIKey","39.8050696","-77.0200862","1"
"322","NeedGoogleMapsAPIKey","39.8058274","-77.0037309","1"
"323","NeedGoogleMapsAPIKey","39.8078001","-77.0230945","1"
"324","NeedGoogleMapsAPIKey","39.8085985","-77.0109925","1"
"325","NeedGoogleMapsAPIKey","39.8104039","-77.0135039","1"
"326","NeedGoogleMapsAPIKey","39.8025585","-77.0204686","1"
"327","NeedGoogleMapsAPIKey","39.8064541","-77.0071942","1"
"328","NeedGoogleMapsAPIKey","39.8038592","-77.0197495","1"
"329","NeedGoogleMapsAPIKey","39.8047753","-77.014136","1"
"330","NeedGoogleMapsAPIKey","39.8005798","-77.0133202","1"
"331","NeedGoogleMapsAPIKey","39.8093664","-77.0130919","1"
"332","NeedGoogleMapsAPIKey","39.8055251","-77.0191405","1"
"333","NeedGoogleMapsAPIKey","39.8097244","-77.0138721","1"
"334","NeedGoogleMapsAPIKey","39.8081846","-77.0148828","1"
"335","NeedGoogleMapsAPIKey","39.7988511","-77.016107","1"
"336","NeedGoogleMapsAPIKey","39.807944","-77.0100779","1"
"337","NeedGoogleMapsAPIKey","39.8031881","-77.0184494","1"
"338","NeedGoogleMapsAPIKey","39.8076891","-77.0144039","1"
"339","NeedGoogleMapsAPIKey","39.8059546","-77.0086879","1"
"340","NeedGoogleMapsAPIKey","39.8047461","-77.0149522","1"
"341","NeedGoogleMapsAPIKey","39.8028478","-77.0139935","1"
"342","NeedGoogleMapsAPIKey","39.8008405","-77.015467","1"
"343","NeedGoogleMapsAPIKey","39.8074858","-77.007853","1"
"344","NeedGoogleMapsAPIKey","39.8080554","-77.0161942","1"
"345","NeedGoogleMapsAPIKey","39.8022154","-77.0196066","1"
"346","NeedGoogleMapsAPIKey","39.8073512","-77.0091161","1"
"347","NeedGoogleMapsAPIKey","39.8053081","-77.0138544","1"
"348","NeedGoogleMapsAPIKey","39.8049407","-77.0051414","1"
"349","NeedGoogleMapsAPIKey","39.8054757","-77.0151849","1"
"350","NeedGoogleMapsAPIKey","39.8036291","-77.0035929","1"
"351","NeedGoogleMapsAPIKey","39.8035181","-77.0129408","1"
"352","NeedGoogleMapsAPIKey","39.8044683","-77.0115942","1"
"353","NeedGoogleMapsAPIKey","39.8063511","-77.0143969","1"
"354","NeedGoogleMapsAPIKey","39.8063662","-77.0001478","1"
"355","NeedGoogleMapsAPIKey","39.8066998","-77.0075196","1"
"356","NeedGoogleMapsAPIKey","39.804958","-77.0066641","1"
"357","NeedGoogleMapsAPIKey","39.8039384","-77.0046742","1"
"358","NeedGoogleMapsAPIKey","39.8073214","-77.0022081","1"
"359","NeedGoogleMapsAPIKey","39.8085609","-77.0125189","1"
"360","NeedGoogleMapsAPIKey","39.8048089","-77.001319","1"
"361","NeedGoogleMapsAPIKey","39.8043411","-77.0160164","1"
"362","NeedGoogleMapsAPIKey","39.8023489","-77.0068711","1"
"363","NeedGoogleMapsAPIKey","39.8069899","-77.014002","1"
"364","NeedGoogleMapsAPIKey","39.8053236","-77.002925","1"
"365","NeedGoogleMapsAPIKey","39.8040209","-77.0139342","1"
"366","NeedGoogleMapsAPIKey","39.8231657","-77.0296327","1"
"367","NeedGoogleMapsAPIKey","39.8216657","-77.0276399","1"
"368","NeedGoogleMapsAPIKey","39.8099453","-77.0236957","1"
"369","NeedGoogleMapsAPIKey","39.8200875","-77.0314188","1"
"370","NeedGoogleMapsAPIKey","39.8178885","-77.0315174","1"
"371","NeedGoogleMapsAPIKey","39.8210467","-77.0277661","1"
"372","NeedGoogleMapsAPIKey","39.8188025","-77.0249208","1"
"373","NeedGoogleMapsAPIKey","39.8218347","-77.0285704","1"
"374","NeedGoogleMapsAPIKey","39.8177388","-77.0346018","1"
"375","NeedGoogleMapsAPIKey","39.8199746","-77.0265244","1"
"376","NeedGoogleMapsAPIKey","39.8135598","-77.0171924","1"
"377","NeedGoogleMapsAPIKey","39.8108969","-77.0231415","1"
"378","NeedGoogleMapsAPIKey","39.814242","-77.0170394","1"
"379","NeedGoogleMapsAPIKey","39.8199413","-77.0327764","1"
"380","NeedGoogleMapsAPIKey","39.8139181","-77.0176692","1"
"381","NeedGoogleMapsAPIKey","39.823811","-77.0290489","1"
"382","NeedGoogleMapsAPIKey","39.8211282","-77.0321206","1"
"383","NeedGoogleMapsAPIKey","39.8171507","-77.0319468","1"
"384","NeedGoogleMapsAPIKey","39.8182496","-77.0263695","1"
"385","NeedGoogleMapsAPIKey","39.8201195","-77.0272539","1"
"386","NeedGoogleMapsAPIKey","39.8174193","-77.0339779","1"
"387","NeedGoogleMapsAPIKey","39.8207534","-77.030023","1"
"388","NeedGoogleMapsAPIKey","39.8208809","-77.0258508","1"
"389","NeedGoogleMapsAPIKey","39.8223875","-77.0308731","1"
"390","NeedGoogleMapsAPIKey","39.8216885","-77.03026","1"
"391","NeedGoogleMapsAPIKey","39.8220726","-77.0279783","1"
"392","NeedGoogleMapsAPIKey","39.8203571","-77.0322469","1"
"393","NeedGoogleMapsAPIKey","39.8219956","-77.0264635","1"
"394","NeedGoogleMapsAPIKey","39.8103189","-77.0242895","1"
"395","NeedGoogleMapsAPIKey","39.810988","-77.0241332","1"
"396","NeedGoogleMapsAPIKey","39.8212116","-77.0288708","1"
"397","NeedGoogleMapsAPIKey","39.8228987","-77.0302964","1"
"398","NeedGoogleMapsAPIKey","39.821801","-77.0272986","1"
"399","NeedGoogleMapsAPIKey","39.8217806","-77.026224","1"
"400","NeedGoogleMapsAPIKey","39.8110931","-77.0223358","1"
"401","NeedGoogleMapsAPIKey","39.8175147","-77.032987","1"
"402","NeedGoogleMapsAPIKey","39.8213392","-77.028416","1"
"403","NeedGoogleMapsAPIKey","39.8197942","-77.0239864","1"
"404","NeedGoogleMapsAPIKey","39.8232575","-77.0304905","1"
"405","NeedGoogleMapsAPIKey","39.8210225","-77.0278461","1"
"406","NeedGoogleMapsAPIKey","39.8182774","-77.0328113","1"
"1","Conewago Twp El Sch","39.807755","-77.00835"
