"Upper Adams School District","1","469","50","50"
"1","NeedGoogleMapsAPIKey","39.8912011","-77.2507663","1"
"2","NeedGoogleMapsAPIKey","39.8865289","-77.2639309","1"
"3","NeedGoogleMapsAPIKey","39.8899424","-77.2450961","1"
"4","NeedGoogleMapsAPIKey","39.8888825","-77.2703201","1"
"5","NeedGoogleMapsAPIKey","39.883348","-77.2440591","1"
"6","NeedGoogleMapsAPIKey","39.8921972","-77.2504372","1"
"7","NeedGoogleMapsAPIKey","39.8896613","-77.24503","1"
"8","NeedGoogleMapsAPIKey","39.8896466","-77.2451739","1"
"9","NeedGoogleMapsAPIKey","39.8832466","-77.2543734","1"
"10","NeedGoogleMapsAPIKey","39.8908931","-77.2596713","1"
"11","NeedGoogleMapsAPIKey","39.8860421","-77.2542511","1"
"12","NeedGoogleMapsAPIKey","39.8907977","-77.2565928","1"
"13","NeedGoogleMapsAPIKey","39.8844293","-77.2690718","1"
"14","NeedGoogleMapsAPIKey","39.8897483","-77.2623037","1"
"15","NeedGoogleMapsAPIKey","39.8856179","-77.2655743","1"
"16","NeedGoogleMapsAPIKey","39.8902289","-77.2602854","1"
"17","NeedGoogleMapsAPIKey","39.8900458","-77.2505776","1"
"18","NeedGoogleMapsAPIKey","39.8809794","-77.267454","1"
"19","NeedGoogleMapsAPIKey","39.8921483","-77.2669372","1"
"20","NeedGoogleMapsAPIKey","39.8907039","-77.2438056","1"
"21","NeedGoogleMapsAPIKey","39.8940405","-77.2305244","1"
"22","NeedGoogleMapsAPIKey","39.9014569","-77.2481058","1"
"23","NeedGoogleMapsAPIKey","39.8957556","-77.2471181","1"
"24","NeedGoogleMapsAPIKey","39.8900649","-77.2442904","1"
"25","NeedGoogleMapsAPIKey","39.8903304","-77.2438827","1"
"26","NeedGoogleMapsAPIKey","39.8890158","-77.243416","1"
"27","NeedGoogleMapsAPIKey","39.8944303","-77.2427263","1"
"28","NeedGoogleMapsAPIKey","39.8927686","-77.2420526","1"
"29","NeedGoogleMapsAPIKey","39.8938703","-77.2468205","1"
"30","NeedGoogleMapsAPIKey","39.8914212","-77.2463399","1"
"31","NeedGoogleMapsAPIKey","39.8985939","-77.2267741","1"
"32","NeedGoogleMapsAPIKey","39.8906247","-77.2444393","1"
"33","NeedGoogleMapsAPIKey","39.891495","-77.2431534","1"
"34","NeedGoogleMapsAPIKey","39.8913778","-77.2428116","1"
"35","NeedGoogleMapsAPIKey","39.8923192","-77.2422801","1"
"36","NeedGoogleMapsAPIKey","39.8921537","-77.2427274","1"
"37","NeedGoogleMapsAPIKey","39.8920177","-77.2422742","1"
"38","NeedGoogleMapsAPIKey","39.8907949","-77.2425208","1"
"39","NeedGoogleMapsAPIKey","39.8899535","-77.2430073","1"
"40","NeedGoogleMapsAPIKey","39.887765","-77.2399156","1"
"41","NeedGoogleMapsAPIKey","39.8928652","-77.237163","1"
"42","NeedGoogleMapsAPIKey","39.8937253","-77.2281862","1"
"43","NeedGoogleMapsAPIKey","39.899722","-77.2477564","1"
"44","NeedGoogleMapsAPIKey","39.8907926","-77.2426999","1"
"45","NeedGoogleMapsAPIKey","39.8931071","-77.2282343","1"
"46","NeedGoogleMapsAPIKey","39.8921143","-77.2430564","1"
"47","NeedGoogleMapsAPIKey","39.8889114","-77.2434656","1"
"48","NeedGoogleMapsAPIKey","39.8933129","-77.2456116","1"
"49","NeedGoogleMapsAPIKey","39.8916215","-77.2424193","1"
"50","NeedGoogleMapsAPIKey","39.8911375","-77.2427903","1"
"51","NeedGoogleMapsAPIKey","39.8934091","-77.2311167","1"
"52","NeedGoogleMapsAPIKey","39.8900939","-77.2436876","1"
"53","NeedGoogleMapsAPIKey","39.9113328","-77.2815277","1"
"54","NeedGoogleMapsAPIKey","39.919319","-77.28396","1"
"55","NeedGoogleMapsAPIKey","39.9119039","-77.2884051","1"
"56","NeedGoogleMapsAPIKey","39.9066433","-77.285018","1"
"57","NeedGoogleMapsAPIKey","39.9178882","-77.2919394","1"
"58","NeedGoogleMapsAPIKey","39.9235308","-77.2914587","1"
"59","NeedGoogleMapsAPIKey","39.9156501","-77.2796576","1"
"60","NeedGoogleMapsAPIKey","39.9140556","-77.2833317","1"
"61","NeedGoogleMapsAPIKey","39.9176153","-77.2765857","1"
"62","NeedGoogleMapsAPIKey","39.9225589","-77.2913871","1"
"63","NeedGoogleMapsAPIKey","39.9177644","-77.2916658","1"
"64","NeedGoogleMapsAPIKey","39.9143223","-77.2784661","1"
"65","NeedGoogleMapsAPIKey","39.9155573","-77.2874734","1"
"66","NeedGoogleMapsAPIKey","39.9223783","-77.2926937","1"
"67","NeedGoogleMapsAPIKey","39.9174453","-77.2902492","1"
"68","NeedGoogleMapsAPIKey","39.9181749","-77.2936097","1"
"69","NeedGoogleMapsAPIKey","39.9229715","-77.2917721","1"
"70","NeedGoogleMapsAPIKey","39.917627","-77.2910659","1"
"71","NeedGoogleMapsAPIKey","39.9287447","-77.2577239","1"
"72","NeedGoogleMapsAPIKey","39.926055","-77.2526096","1"
"73","NeedGoogleMapsAPIKey","39.9272705","-77.2530698","1"
"74","NeedGoogleMapsAPIKey","39.9292456","-77.2622768","1"
"75","NeedGoogleMapsAPIKey","39.9208","-77.2611353","1"
"76","NeedGoogleMapsAPIKey","39.9285321","-77.2531373","1"
"77","NeedGoogleMapsAPIKey","39.9290121","-77.2592473","1"
"78","NeedGoogleMapsAPIKey","39.9298441","-77.2552402","1"
"79","NeedGoogleMapsAPIKey","39.927593","-77.2522656","1"
"80","NeedGoogleMapsAPIKey","39.9303765","-77.2601059","1"
"81","NeedGoogleMapsAPIKey","39.928911","-77.2620026","1"
"82","NeedGoogleMapsAPIKey","39.9223861","-77.2726543","1"
"83","NeedGoogleMapsAPIKey","39.9286074","-77.259202","1"
"84","NeedGoogleMapsAPIKey","39.9276544","-77.2530687","1"
"85","NeedGoogleMapsAPIKey","39.9293922","-77.2600771","1"
"86","NeedGoogleMapsAPIKey","39.92716","-77.2515233","1"
"87","NeedGoogleMapsAPIKey","39.9308896","-77.2726817","1"
"88","NeedGoogleMapsAPIKey","39.9288009","-77.2571263","1"
"89","NeedGoogleMapsAPIKey","39.925926","-77.2512486","1"
"90","NeedGoogleMapsAPIKey","39.9279895","-77.2550297","1"
"91","NeedGoogleMapsAPIKey","39.9284739","-77.255538","1"
"92","NeedGoogleMapsAPIKey","39.9287719","-77.2574287","1"
"93","NeedGoogleMapsAPIKey","39.9298936","-77.2648904","1"
"94","NeedGoogleMapsAPIKey","39.9272881","-77.2543914","1"
"95","NeedGoogleMapsAPIKey","39.9191234","-77.2604265","1"
"96","NeedGoogleMapsAPIKey","39.9310049","-77.2669637","1"
"97","NeedGoogleMapsAPIKey","39.9259599","-77.2515808","1"
"98","NeedGoogleMapsAPIKey","39.9295975","-77.2582464","1"
"99","NeedGoogleMapsAPIKey","39.9278585","-77.2591373","1"
"100","NeedGoogleMapsAPIKey","39.9331565","-77.2926697","1"
"101","NeedGoogleMapsAPIKey","39.9225904","-77.295591","1"
"102","NeedGoogleMapsAPIKey","39.9253826","-77.2958152","1"
"103","NeedGoogleMapsAPIKey","39.9238858","-77.292586","1"
"104","NeedGoogleMapsAPIKey","39.9228455","-77.2957824","1"
"105","NeedGoogleMapsAPIKey","39.9275541","-77.2975748","1"
"106","NeedGoogleMapsAPIKey","39.9230665","-77.2979661","1"
"107","NeedGoogleMapsAPIKey","39.9289129","-77.2981539","1"
"108","NeedGoogleMapsAPIKey","39.9287157","-77.2984026","1"
"109","NeedGoogleMapsAPIKey","39.9243187","-77.299477","1"
"110","NeedGoogleMapsAPIKey","39.9254441","-77.3019805","1"
"111","NeedGoogleMapsAPIKey","39.9278633","-77.2967997","1"
"112","NeedGoogleMapsAPIKey","39.9314922","-77.288486","1"
"113","NeedGoogleMapsAPIKey","39.9194735","-77.2998889","1"
"114","NeedGoogleMapsAPIKey","39.9261747","-77.3004098","1"
"115","NeedGoogleMapsAPIKey","39.9224995","-77.3004993","1"
"116","NeedGoogleMapsAPIKey","39.9243001","-77.3006954","1"
"117","NeedGoogleMapsAPIKey","39.9228381","-77.2996694","1"
"118","NeedGoogleMapsAPIKey","39.9243618","-77.3019059","1"
"119","NeedGoogleMapsAPIKey","39.9216698","-77.2994499","1"
"120","NeedGoogleMapsAPIKey","39.9223023","-77.2981698","1"
"121","NeedGoogleMapsAPIKey","39.9253294","-77.2948189","1"
"122","NeedGoogleMapsAPIKey","39.9281877","-77.2969331","1"
"123","NeedGoogleMapsAPIKey","39.9199337","-77.3002802","1"
"124","NeedGoogleMapsAPIKey","39.9205868","-77.2995909","1"
"125","NeedGoogleMapsAPIKey","39.9253127","-77.3019083","1"
"126","NeedGoogleMapsAPIKey","39.9211744","-77.3016082","1"
"127","NeedGoogleMapsAPIKey","39.9252508","-77.2999011","1"
"128","NeedGoogleMapsAPIKey","39.9208483","-77.2977294","1"
"129","NeedGoogleMapsAPIKey","39.9243923","-77.2989848","1"
"130","NeedGoogleMapsAPIKey","39.9216387","-77.3000403","1"
"131","NeedGoogleMapsAPIKey","39.9217795","-77.2994916","1"
"132","NeedGoogleMapsAPIKey","39.9236996","-77.2957399","1"
"133","NeedGoogleMapsAPIKey","39.9233743","-77.3012114","1"
"134","NeedGoogleMapsAPIKey","39.924091","-77.3015774","1"
"135","NeedGoogleMapsAPIKey","39.9257531","-77.2944206","1"
"136","NeedGoogleMapsAPIKey","39.9252333","-77.2995107","1"
"137","NeedGoogleMapsAPIKey","39.9291533","-77.2972595","1"
"138","NeedGoogleMapsAPIKey","39.9254553","-77.3101437","1"
"139","NeedGoogleMapsAPIKey","39.9269708","-77.2998797","1"
"140","NeedGoogleMapsAPIKey","39.9206921","-77.3006561","1"
"141","NeedGoogleMapsAPIKey","39.921436","-77.2999462","1"
"142","NeedGoogleMapsAPIKey","39.9351468","-77.302441","1"
"143","NeedGoogleMapsAPIKey","39.9279047","-77.2959628","1"
"144","NeedGoogleMapsAPIKey","39.9245079","-77.3012934","1"
"145","NeedGoogleMapsAPIKey","39.924727","-77.2985751","1"
"146","NeedGoogleMapsAPIKey","39.9360632","-77.302607","1"
"147","NeedGoogleMapsAPIKey","39.923355","-77.296987","1"
"148","NeedGoogleMapsAPIKey","39.9270386","-77.302868","1"
"149","NeedGoogleMapsAPIKey","39.9282206","-77.295459","1"
"150","NeedGoogleMapsAPIKey","39.9256868","-77.2894029","1"
"151","NeedGoogleMapsAPIKey","39.9270994","-77.2992795","1"
"152","NeedGoogleMapsAPIKey","39.9204481","-77.2975713","1"
"153","NeedGoogleMapsAPIKey","39.9235855","-77.2970923","1"
"154","NeedGoogleMapsAPIKey","39.9235077","-77.2965378","1"
"155","NeedGoogleMapsAPIKey","39.921544","-77.3011845","1"
"156","NeedGoogleMapsAPIKey","39.9238053","-77.2928776","1"
"157","NeedGoogleMapsAPIKey","39.9239507","-77.2919319","1"
"158","NeedGoogleMapsAPIKey","39.9201877","-77.3011103","1"
"159","NeedGoogleMapsAPIKey","39.9239978","-77.3011288","1"
"160","NeedGoogleMapsAPIKey","39.9254015","-77.2911401","1"
"161","NeedGoogleMapsAPIKey","39.9300422","-77.2484889","1"
"162","NeedGoogleMapsAPIKey","39.9259289","-77.2367808","1"
"163","NeedGoogleMapsAPIKey","39.9329942","-77.2383384","1"
"164","NeedGoogleMapsAPIKey","39.9212624","-77.2480163","1"
"165","NeedGoogleMapsAPIKey","39.9248993","-77.2397034","1"
"166","NeedGoogleMapsAPIKey","39.930126","-77.2481521","1"
"167","NeedGoogleMapsAPIKey","39.9305815","-77.2404478","1"
"168","NeedGoogleMapsAPIKey","39.9297284","-77.2481127","1"
"169","NeedGoogleMapsAPIKey","39.9304875","-77.2440272","1"
"170","NeedGoogleMapsAPIKey","39.9277242","-77.2487482","1"
"171","NeedGoogleMapsAPIKey","39.9306532","-77.2420062","1"
"172","NeedGoogleMapsAPIKey","39.9330038","-77.2376302","1"
"173","NeedGoogleMapsAPIKey","39.9357972","-77.2337371","1"
"174","NeedGoogleMapsAPIKey","39.9274782","-77.2406178","1"
"175","NeedGoogleMapsAPIKey","39.9254711","-77.2377327","1"
"176","NeedGoogleMapsAPIKey","39.931971","-77.2391803","1"
"177","NeedGoogleMapsAPIKey","39.93027","-77.2409206","1"
"178","NeedGoogleMapsAPIKey","39.9303382","-77.2472786","1"
"179","NeedGoogleMapsAPIKey","39.9273852","-77.2481","1"
"180","NeedGoogleMapsAPIKey","39.9289506","-77.2486294","1"
"181","NeedGoogleMapsAPIKey","39.9282808","-77.2420127","1"
"182","NeedGoogleMapsAPIKey","39.9295601","-77.2419258","1"
"183","NeedGoogleMapsAPIKey","39.9306109","-77.2424817","1"
"184","NeedGoogleMapsAPIKey","39.9301233","-77.2419447","1"
"185","NeedGoogleMapsAPIKey","39.9293404","-77.2432003","1"
"186","NeedGoogleMapsAPIKey","39.9306191","-77.2410304","1"
"187","NeedGoogleMapsAPIKey","39.9303664","-77.2460438","1"
"188","NeedGoogleMapsAPIKey","39.9281253","-77.2414797","1"
"189","NeedGoogleMapsAPIKey","39.9257979","-77.2485104","1"
"190","NeedGoogleMapsAPIKey","39.9294081","-77.24515","1"
"191","NeedGoogleMapsAPIKey","39.9297536","-77.2419468","1"
"192","NeedGoogleMapsAPIKey","39.9303882","-77.2467288","1"
"193","NeedGoogleMapsAPIKey","39.9260439","-77.2485383","1"
"194","NeedGoogleMapsAPIKey","39.9293116","-77.2481367","1"
"195","NeedGoogleMapsAPIKey","39.9361418","-77.2333738","1"
"196","NeedGoogleMapsAPIKey","39.9279128","-77.2451793","1"
"197","NeedGoogleMapsAPIKey","39.9305754","-77.2430591","1"
"198","NeedGoogleMapsAPIKey","39.9326795","-77.2389653","1"
"199","NeedGoogleMapsAPIKey","39.9266823","-77.2506777","1"
"200","NeedGoogleMapsAPIKey","39.9309637","-77.2419332","1"
"201","NeedGoogleMapsAPIKey","39.9279121","-77.2481096","1"
"202","NeedGoogleMapsAPIKey","39.9285039","-77.241915","1"
"203","NeedGoogleMapsAPIKey","39.9262328","-77.2503781","1"
"204","NeedGoogleMapsAPIKey","39.9333687","-77.236885","1"
"205","NeedGoogleMapsAPIKey","39.9275861","-77.2413629","1"
"206","NeedGoogleMapsAPIKey","39.930026","-77.241389","1"
"207","NeedGoogleMapsAPIKey","39.926413","-77.2364558","1"
"208","NeedGoogleMapsAPIKey","39.9301734","-77.2485214","1"
"209","NeedGoogleMapsAPIKey","39.9325881","-77.238364","1"
"210","NeedGoogleMapsAPIKey","39.9273678","-77.2414055","1"
"211","NeedGoogleMapsAPIKey","39.9246689","-77.2345873","1"
"212","NeedGoogleMapsAPIKey","39.9295666","-77.2414985","1"
"213","NeedGoogleMapsAPIKey","39.9326986","-77.2499998","1"
"214","NeedGoogleMapsAPIKey","39.9309042","-77.2506983","1"
"215","NeedGoogleMapsAPIKey","39.9322819","-77.2503823","1"
"216","NeedGoogleMapsAPIKey","39.9358673","-77.2480478","1"
"217","NeedGoogleMapsAPIKey","39.9291012","-77.2513378","1"
"218","NeedGoogleMapsAPIKey","39.9284564","-77.2517072","1"
"219","NeedGoogleMapsAPIKey","39.9370462","-77.2486824","1"
"220","NeedGoogleMapsAPIKey","39.9295031","-77.2499134","1"
"221","NeedGoogleMapsAPIKey","39.9299637","-77.2521838","1"
"222","NeedGoogleMapsAPIKey","39.9314976","-77.2518798","1"
"223","NeedGoogleMapsAPIKey","39.9356572","-77.2660748","1"
"224","NeedGoogleMapsAPIKey","39.930045","-77.2519696","1"
"225","NeedGoogleMapsAPIKey","39.9296879","-77.2495537","1"
"226","NeedGoogleMapsAPIKey","39.9286087","-77.2499023","1"
"227","NeedGoogleMapsAPIKey","39.9353874","-77.2547664","1"
"228","NeedGoogleMapsAPIKey","39.936816","-77.2626463","1"
"229","NeedGoogleMapsAPIKey","39.9304265","-77.2506055","1"
"230","NeedGoogleMapsAPIKey","39.9384737","-77.2534076","1"
"231","NeedGoogleMapsAPIKey","39.9310236","-77.2485241","1"
"232","NeedGoogleMapsAPIKey","39.932182","-77.251769","1"
"233","NeedGoogleMapsAPIKey","39.9338317","-77.2652561","1"
"234","NeedGoogleMapsAPIKey","39.9343004","-77.261576","1"
"235","NeedGoogleMapsAPIKey","39.9355506","-77.2625814","1"
"236","NeedGoogleMapsAPIKey","39.929252","-77.2494803","1"
"237","NeedGoogleMapsAPIKey","39.9288861","-77.2500375","1"
"238","NeedGoogleMapsAPIKey","39.9328551","-77.2509407","1"
"239","NeedGoogleMapsAPIKey","39.9308473","-77.2481089","1"
"240","NeedGoogleMapsAPIKey","39.9340167","-77.2485866","1"
"241","NeedGoogleMapsAPIKey","39.9321345","-77.2485945","1"
"242","NeedGoogleMapsAPIKey","39.9294747","-77.2495536","1"
"243","NeedGoogleMapsAPIKey","39.9304726","-77.2499638","1"
"244","NeedGoogleMapsAPIKey","39.928452","-77.2520823","1"
"245","NeedGoogleMapsAPIKey","39.9310643","-77.250742","1"
"246","NeedGoogleMapsAPIKey","39.9347314","-77.2485917","1"
"247","NeedGoogleMapsAPIKey","39.9299646","-77.2499234","1"
"248","NeedGoogleMapsAPIKey","39.9323097","-77.2508435","1"
"249","NeedGoogleMapsAPIKey","39.9291092","-77.2509179","1"
"250","NeedGoogleMapsAPIKey","39.9281119","-77.1697716","1"
"251","NeedGoogleMapsAPIKey","39.9424946","-77.154717","1"
"252","NeedGoogleMapsAPIKey","39.9416074","-77.1545708","1"
"253","NeedGoogleMapsAPIKey","39.9423319","-77.1521005","1"
"254","NeedGoogleMapsAPIKey","39.9434614","-77.155686","1"
"255","NeedGoogleMapsAPIKey","39.9297305","-77.1604006","1"
"256","NeedGoogleMapsAPIKey","39.9308191","-77.1610207","1"
"257","NeedGoogleMapsAPIKey","39.9298149","-77.1616465","1"
"258","NeedGoogleMapsAPIKey","39.9296628","-77.1690762","1"
"259","NeedGoogleMapsAPIKey","39.9446335","-77.153398","1"
"260","NeedGoogleMapsAPIKey","39.9424147","-77.153685","1"
"261","NeedGoogleMapsAPIKey","39.9422438","-77.1524251","1"
"262","NeedGoogleMapsAPIKey","39.9401083","-77.1473455","1"
"263","NeedGoogleMapsAPIKey","39.9434522","-77.1552058","1"
"264","NeedGoogleMapsAPIKey","39.9432907","-77.1511513","1"
"265","NeedGoogleMapsAPIKey","39.9442475","-77.1549289","1"
"266","NeedGoogleMapsAPIKey","39.942891","-77.1534607","1"
"267","NeedGoogleMapsAPIKey","39.9423314","-77.154145","1"
"268","NeedGoogleMapsAPIKey","39.9238006","-77.1709577","1"
"269","NeedGoogleMapsAPIKey","39.9430519","-77.1535643","1"
"270","NeedGoogleMapsAPIKey","39.942835","-77.1553825","1"
"271","NeedGoogleMapsAPIKey","39.9434473","-77.1547167","1"
"272","NeedGoogleMapsAPIKey","39.9442906","-77.1547505","1"
"273","NeedGoogleMapsAPIKey","39.9428106","-77.1544025","1"
"274","NeedGoogleMapsAPIKey","39.9433514","-77.1541893","1"
"275","NeedGoogleMapsAPIKey","39.9313311","-77.1659122","1"
"276","NeedGoogleMapsAPIKey","39.9436599","-77.1523885","1"
"277","NeedGoogleMapsAPIKey","39.9295031","-77.1618855","1"
"278","NeedGoogleMapsAPIKey","39.9429627","-77.1544944","1"
"279","NeedGoogleMapsAPIKey","39.9428077","-77.1528542","1"
"280","NeedGoogleMapsAPIKey","39.9431896","-77.1499816","1"
"281","NeedGoogleMapsAPIKey","39.9440143","-77.1507021","1"
"282","NeedGoogleMapsAPIKey","39.9470809","-77.1606586","1"
"283","NeedGoogleMapsAPIKey","39.9497246","-77.150541","1"
"284","NeedGoogleMapsAPIKey","39.9448686","-77.1514597","1"
"285","NeedGoogleMapsAPIKey","39.9443963","-77.1508945","1"
"286","NeedGoogleMapsAPIKey","39.9444259","-77.1523382","1"
"287","NeedGoogleMapsAPIKey","39.9473973","-77.1602336","1"
"288","NeedGoogleMapsAPIKey","39.9445641","-77.1524348","1"
"289","NeedGoogleMapsAPIKey","39.9595509","-77.1540633","1"
"290","NeedGoogleMapsAPIKey","39.9496672","-77.1473829","1"
"291","NeedGoogleMapsAPIKey","39.9470987","-77.1472528","1"
"292","NeedGoogleMapsAPIKey","39.9578517","-77.156562","1"
"293","NeedGoogleMapsAPIKey","39.9482566","-77.1470197","1"
"294","NeedGoogleMapsAPIKey","39.946854","-77.1472936","1"
"295","NeedGoogleMapsAPIKey","39.9499689","-77.1487061","1"
"296","NeedGoogleMapsAPIKey","39.9470479","-77.1648118","1"
"297","NeedGoogleMapsAPIKey","39.9452429","-77.149136","1"
"298","NeedGoogleMapsAPIKey","39.9500034","-77.1422397","1"
"299","NeedGoogleMapsAPIKey","39.9466188","-77.1480456","1"
"300","NeedGoogleMapsAPIKey","39.960417","-77.1519177","1"
"301","NeedGoogleMapsAPIKey","39.9445485","-77.1518561","1"
"302","NeedGoogleMapsAPIKey","39.9448546","-77.1525632","1"
"303","NeedGoogleMapsAPIKey","39.9591007","-77.1533877","1"
"304","NeedGoogleMapsAPIKey","39.9600532","-77.1537225","1"
"305","NeedGoogleMapsAPIKey","39.9462031","-77.1427264","1"
"306","NeedGoogleMapsAPIKey","39.9593067","-77.1522663","1"
"307","NeedGoogleMapsAPIKey","39.947314","-77.1542223","1"
"308","NeedGoogleMapsAPIKey","39.9600311","-77.1460713","1"
"309","NeedGoogleMapsAPIKey","39.9482751","-77.1461562","1"
"310","NeedGoogleMapsAPIKey","39.9653918","-77.3677522","1"
"311","NeedGoogleMapsAPIKey","39.9625031","-77.3560846","1"
"312","NeedGoogleMapsAPIKey","39.957425","-77.3600926","1"
"313","NeedGoogleMapsAPIKey","39.9587034","-77.3577132","1"
"314","NeedGoogleMapsAPIKey","39.9603056","-77.3583741","1"
"315","NeedGoogleMapsAPIKey","39.9512604","-77.3498904","1"
"316","NeedGoogleMapsAPIKey","39.9551937","-77.3620396","1"
"317","NeedGoogleMapsAPIKey","39.9583575","-77.3620466","1"
"318","NeedGoogleMapsAPIKey","39.9683271","-77.3672261","1"
"319","NeedGoogleMapsAPIKey","39.9575926","-77.3587052","1"
"320","NeedGoogleMapsAPIKey","39.956031","-77.3524146","1"
"321","NeedGoogleMapsAPIKey","39.9600135","-77.3586546","1"
"322","NeedGoogleMapsAPIKey","39.9566015","-77.3616744","1"
"323","NeedGoogleMapsAPIKey","39.9663965","-77.3721669","1"
"324","NeedGoogleMapsAPIKey","39.944199","-77.3558963","1"
"325","NeedGoogleMapsAPIKey","39.9527817","-77.353334","1"
"326","NeedGoogleMapsAPIKey","39.9544612","-77.364783","1"
"327","NeedGoogleMapsAPIKey","39.960204","-77.3541719","1"
"328","NeedGoogleMapsAPIKey","39.9600098","-77.3576482","1"
"329","NeedGoogleMapsAPIKey","39.9587422","-77.3614022","1"
"330","NeedGoogleMapsAPIKey","39.9549599","-77.3654553","1"
"331","NeedGoogleMapsAPIKey","39.9667458","-77.3691891","1"
"332","NeedGoogleMapsAPIKey","39.9758487","-77.1521716","1"
"333","NeedGoogleMapsAPIKey","39.9702205","-77.1599313","1"
"334","NeedGoogleMapsAPIKey","39.9626151","-77.1551518","1"
"335","NeedGoogleMapsAPIKey","39.9611248","-77.1467766","1"
"336","NeedGoogleMapsAPIKey","39.9766923","-77.1514855","1"
"337","NeedGoogleMapsAPIKey","39.9630379","-77.15387","1"
"338","NeedGoogleMapsAPIKey","39.9652537","-77.1541652","1"
"339","NeedGoogleMapsAPIKey","39.9629992","-77.1557792","1"
"340","NeedGoogleMapsAPIKey","39.9775528","-77.1571051","1"
"341","NeedGoogleMapsAPIKey","39.9613273","-77.1456851","1"
"342","NeedGoogleMapsAPIKey","39.9650412","-77.1565281","1"
"343","NeedGoogleMapsAPIKey","39.9659648","-77.1573501","1"
"344","NeedGoogleMapsAPIKey","39.96479","-77.1547131","1"
"345","NeedGoogleMapsAPIKey","39.9755188","-77.1534916","1"
"346","NeedGoogleMapsAPIKey","39.9618434","-77.155725","1"
"347","NeedGoogleMapsAPIKey","39.965508","-77.1556696","1"
"348","NeedGoogleMapsAPIKey","39.9613956","-77.1560606","1"
"349","NeedGoogleMapsAPIKey","39.9738831","-77.1575681","1"
"350","NeedGoogleMapsAPIKey","39.9709377","-77.1592774","1"
"351","NeedGoogleMapsAPIKey","39.9767965","-77.2469469","1"
"352","NeedGoogleMapsAPIKey","39.9789743","-77.2269784","1"
"353","NeedGoogleMapsAPIKey","39.9788122","-77.242501","1"
"354","NeedGoogleMapsAPIKey","39.9759334","-77.2418062","1"
"355","NeedGoogleMapsAPIKey","39.9799877","-77.2412258","1"
"356","NeedGoogleMapsAPIKey","39.9787082","-77.238182","1"
"357","NeedGoogleMapsAPIKey","39.9804454","-77.2423934","1"
"358","NeedGoogleMapsAPIKey","39.9788757","-77.2409546","1"
"359","NeedGoogleMapsAPIKey","39.9797517","-77.2395544","1"
"360","NeedGoogleMapsAPIKey","39.9791784","-77.2423682","1"
"361","NeedGoogleMapsAPIKey","39.9734454","-77.2324139","1"
"362","NeedGoogleMapsAPIKey","39.9804459","-77.2417401","1"
"363","NeedGoogleMapsAPIKey","39.9806985","-77.2437737","1"
"364","NeedGoogleMapsAPIKey","39.9796824","-77.2389656","1"
"365","NeedGoogleMapsAPIKey","39.9773823","-77.223494","1"
"366","NeedGoogleMapsAPIKey","39.979177","-77.2420649","1"
"367","NeedGoogleMapsAPIKey","39.9806272","-77.2272414","1"
"368","NeedGoogleMapsAPIKey","39.9776529","-77.2240247","1"
"369","NeedGoogleMapsAPIKey","39.9799772","-77.2420589","1"
"370","NeedGoogleMapsAPIKey","39.9783679","-77.2425717","1"
"371","NeedGoogleMapsAPIKey","39.9715202","-77.2203971","1"
"372","NeedGoogleMapsAPIKey","39.9796125","-77.2426353","1"
"373","NeedGoogleMapsAPIKey","39.9813471","-77.2416707","1"
"374","NeedGoogleMapsAPIKey","39.975346","-77.2238023","1"
"375","NeedGoogleMapsAPIKey","39.9789354","-77.2373696","1"
"376","NeedGoogleMapsAPIKey","39.9792058","-77.2426183","1"
"377","NeedGoogleMapsAPIKey","39.9791265","-77.2365239","1"
"378","NeedGoogleMapsAPIKey","39.9808915","-77.2400889","1"
"379","NeedGoogleMapsAPIKey","39.9807111","-77.2408597","1"
"380","NeedGoogleMapsAPIKey","39.9762416","-77.2243118","1"
"381","NeedGoogleMapsAPIKey","39.9795923","-77.2434953","1"
"382","NeedGoogleMapsAPIKey","39.9791521","-77.2330864","1"
"383","NeedGoogleMapsAPIKey","39.978804","-77.2436625","1"
"384","NeedGoogleMapsAPIKey","39.9805695","-77.2390955","1"
"385","NeedGoogleMapsAPIKey","39.9796878","-77.2386795","1"
"386","NeedGoogleMapsAPIKey","39.9666662","-77.2352847","1"
"387","NeedGoogleMapsAPIKey","39.9728562","-77.2218722","1"
"388","NeedGoogleMapsAPIKey","39.9796222","-77.2432143","1"
"389","NeedGoogleMapsAPIKey","39.9793527","-77.2395847","1"
"390","NeedGoogleMapsAPIKey","39.9779014","-77.2253282","1"
"391","NeedGoogleMapsAPIKey","39.9783786","-77.2422892","1"
"392","NeedGoogleMapsAPIKey","39.9783691","-77.2260296","1"
"393","NeedGoogleMapsAPIKey","39.9801773","-77.2393965","1"
"394","NeedGoogleMapsAPIKey","39.9787237","-77.2413777","1"
"395","NeedGoogleMapsAPIKey","39.978607","-77.2393148","1"
"396","NeedGoogleMapsAPIKey","39.9825806","-77.2470886","1"
"397","NeedGoogleMapsAPIKey","39.9866626","-77.2513605","1"
"398","NeedGoogleMapsAPIKey","39.9871246","-77.2535579","1"
"399","NeedGoogleMapsAPIKey","39.9871358","-77.2514177","1"
"400","NeedGoogleMapsAPIKey","39.9826143","-77.2475557","1"
"401","NeedGoogleMapsAPIKey","39.9805417","-77.2449218","1"
"402","NeedGoogleMapsAPIKey","39.987961","-77.251031","1"
"403","NeedGoogleMapsAPIKey","39.9873881","-77.250946","1"
"404","NeedGoogleMapsAPIKey","39.9846497","-77.2511673","1"
"405","NeedGoogleMapsAPIKey","39.9810788","-77.2472782","1"
"406","NeedGoogleMapsAPIKey","39.9844864","-77.2504957","1"
"407","NeedGoogleMapsAPIKey","39.9827474","-77.2466979","1"
"408","NeedGoogleMapsAPIKey","39.9823699","-77.2494146","1"
"409","NeedGoogleMapsAPIKey","39.9839706","-77.250605","1"
"410","NeedGoogleMapsAPIKey","39.9803003","-77.2451672","1"
"411","NeedGoogleMapsAPIKey","39.9820734","-77.2454014","1"
"412","NeedGoogleMapsAPIKey","39.9877376","-77.2557238","1"
"413","NeedGoogleMapsAPIKey","39.9876108","-77.2661167","1"
"414","NeedGoogleMapsAPIKey","39.9828987","-77.2520326","1"
"415","NeedGoogleMapsAPIKey","39.9831256","-77.2500098","1"
"416","NeedGoogleMapsAPIKey","39.9825151","-77.2477047","1"
"417","NeedGoogleMapsAPIKey","39.9887594","-77.2522763","1"
"418","NeedGoogleMapsAPIKey","39.9828156","-77.2468768","1"
"419","NeedGoogleMapsAPIKey","39.9820647","-77.2473303","1"
"420","NeedGoogleMapsAPIKey","39.9862448","-77.2520059","1"
"421","NeedGoogleMapsAPIKey","39.9812614","-77.2481887","1"
"422","NeedGoogleMapsAPIKey","39.9834669","-77.2483834","1"
"423","NeedGoogleMapsAPIKey","39.9814521","-77.2433194","1"
"424","NeedGoogleMapsAPIKey","39.973883","-77.2556275","1"
"425","NeedGoogleMapsAPIKey","39.9867408","-77.2519947","1"
"426","NeedGoogleMapsAPIKey","39.9804921","-77.2469588","1"
"427","NeedGoogleMapsAPIKey","39.9868763","-77.2532772","1"
"428","NeedGoogleMapsAPIKey","39.9861083","-77.2523049","1"
"429","NeedGoogleMapsAPIKey","39.9842309","-77.2504428","1"
"430","NeedGoogleMapsAPIKey","39.9804661","-77.247444","1"
"431","NeedGoogleMapsAPIKey","39.9829722","-77.2516594","1"
"432","NeedGoogleMapsAPIKey","39.9832154","-77.2501174","1"
"433","NeedGoogleMapsAPIKey","39.9808932","-77.2469192","1"
"434","NeedGoogleMapsAPIKey","39.9817519","-77.2444754","1"
"435","NeedGoogleMapsAPIKey","39.9869738","-77.2642871","1"
"436","NeedGoogleMapsAPIKey","39.985627","-77.2549378","1"
"437","NeedGoogleMapsAPIKey","39.9789297","-77.2476228","1"
"438","NeedGoogleMapsAPIKey","39.9823297","-77.2495042","1"
"439","NeedGoogleMapsAPIKey","39.9872591","-77.2537733","1"
"440","NeedGoogleMapsAPIKey","39.9823258","-77.2493797","1"
"441","NeedGoogleMapsAPIKey","39.9878131","-77.2463238","1"
"442","NeedGoogleMapsAPIKey","39.9858489","-77.252126","1"
"443","NeedGoogleMapsAPIKey","39.9828365","-77.2470918","1"
"444","NeedGoogleMapsAPIKey","39.9829222","-77.2490832","1"
"445","NeedGoogleMapsAPIKey","39.9823263","-77.2494808","1"
"446","NeedGoogleMapsAPIKey","39.9973332","-77.2758298","1"
"447","NeedGoogleMapsAPIKey","39.9936042","-77.2678722","1"
"448","NeedGoogleMapsAPIKey","39.9987919","-77.2652323","1"
"449","NeedGoogleMapsAPIKey","39.987002","-77.2703709","1"
"450","NeedGoogleMapsAPIKey","39.9975994","-77.2763679","1"
"451","NeedGoogleMapsAPIKey","39.9897908","-77.2664799","1"
"452","NeedGoogleMapsAPIKey","39.9823969","-77.2731951","1"
"453","NeedGoogleMapsAPIKey","39.9913094","-77.2743321","1"
"454","NeedGoogleMapsAPIKey","39.990612","-77.2707737","1"
"455","NeedGoogleMapsAPIKey","39.9922846","-77.2646875","1"
"456","NeedGoogleMapsAPIKey","39.9880507","-77.2732728","1"
"457","NeedGoogleMapsAPIKey","39.9862279","-77.2713621","1"
"458","NeedGoogleMapsAPIKey","39.994192","-77.2631571","1"
"459","NeedGoogleMapsAPIKey","39.9882312","-77.2746845","1"
"460","NeedGoogleMapsAPIKey","39.9969783","-77.2652932","1"
"461","NeedGoogleMapsAPIKey","39.9963321","-77.2779429","1"
"462","NeedGoogleMapsAPIKey","39.9897684","-77.2721105","1"
"463","NeedGoogleMapsAPIKey","39.9927894","-77.265495","1"
"464","NeedGoogleMapsAPIKey","39.9988043","-77.2792975","1"
"465","NeedGoogleMapsAPIKey","39.9859479","-77.2745116","1"
"466","NeedGoogleMapsAPIKey","39.9957561","-77.2707361","1"
"467","NeedGoogleMapsAPIKey","39.9979514","-77.2768544","1"
"468","NeedGoogleMapsAPIKey","39.9943994","-77.2818809","1"
"469","NeedGoogleMapsAPIKey","39.999404","-77.2801891","1"
"1","Biglerville HS","39.933716","-77.24831"
