"Upper Adams School District","1","412","50","50"
"1","NeedGoogleMapsAPIKey","39.8892236","-77.2649784","1"
"2","NeedGoogleMapsAPIKey","39.8889855","-77.2458289","1"
"3","NeedGoogleMapsAPIKey","39.8832466","-77.2543734","1"
"4","NeedGoogleMapsAPIKey","39.8909546","-77.2542549","1"
"5","NeedGoogleMapsAPIKey","39.8879698","-77.243881","1"
"6","NeedGoogleMapsAPIKey","39.8850395","-77.2664825","1"
"7","NeedGoogleMapsAPIKey","39.8762973","-77.2585414","1"
"8","NeedGoogleMapsAPIKey","39.8844293","-77.2690718","1"
"9","NeedGoogleMapsAPIKey","39.8921483","-77.2669372","1"
"10","NeedGoogleMapsAPIKey","39.8912011","-77.2507663","1"
"11","NeedGoogleMapsAPIKey","39.8905662","-77.2613331","1"
"12","NeedGoogleMapsAPIKey","39.890827","-77.2599965","1"
"13","NeedGoogleMapsAPIKey","39.8912364","-77.2512204","1"
"14","NeedGoogleMapsAPIKey","39.8912243","-77.2572691","1"
"15","NeedGoogleMapsAPIKey","39.8926398","-77.2620762","1"
"16","NeedGoogleMapsAPIKey","39.8860421","-77.2542511","1"
"17","NeedGoogleMapsAPIKey","39.888492","-77.2440262","1"
"18","NeedGoogleMapsAPIKey","39.8886037","-77.2439753","1"
"19","NeedGoogleMapsAPIKey","39.9014569","-77.2481058","1"
"20","NeedGoogleMapsAPIKey","39.8906247","-77.2444393","1"
"21","NeedGoogleMapsAPIKey","39.8931204","-77.2467822","1"
"22","NeedGoogleMapsAPIKey","39.9018625","-77.2472096","1"
"23","NeedGoogleMapsAPIKey","39.88873","-77.2439129","1"
"24","NeedGoogleMapsAPIKey","39.8901745","-77.2443085","1"
"25","NeedGoogleMapsAPIKey","39.8899784","-77.2449586","1"
"26","NeedGoogleMapsAPIKey","39.894251","-77.2321603","1"
"27","NeedGoogleMapsAPIKey","39.8889461","-77.2438234","1"
"28","NeedGoogleMapsAPIKey","39.894127","-77.2300416","1"
"29","NeedGoogleMapsAPIKey","39.8930872","-77.2337117","1"
"30","NeedGoogleMapsAPIKey","39.8995067","-77.2477282","1"
"31","NeedGoogleMapsAPIKey","39.902931","-77.2483073","1"
"32","NeedGoogleMapsAPIKey","39.8937253","-77.2281862","1"
"33","NeedGoogleMapsAPIKey","39.8897117","-77.244441","1"
"34","NeedGoogleMapsAPIKey","39.8897377","-77.2442009","1"
"35","NeedGoogleMapsAPIKey","39.8948742","-77.2278471","1"
"36","NeedGoogleMapsAPIKey","39.8985269","-77.2288449","1"
"37","NeedGoogleMapsAPIKey","39.8897235","-77.2431116","1"
"38","NeedGoogleMapsAPIKey","39.8944303","-77.2427263","1"
"39","NeedGoogleMapsAPIKey","39.8912711","-77.2435175","1"
"40","NeedGoogleMapsAPIKey","39.8911957","-77.2425703","1"
"41","NeedGoogleMapsAPIKey","39.8905678","-77.244797","1"
"42","NeedGoogleMapsAPIKey","39.8899645","-77.2295891","1"
"43","NeedGoogleMapsAPIKey","39.8935452","-77.246752","1"
"44","NeedGoogleMapsAPIKey","39.891495","-77.2431534","1"
"45","NeedGoogleMapsAPIKey","39.8946592","-77.2487337","1"
"46","NeedGoogleMapsAPIKey","39.8907327","-77.2435059","1"
"47","NeedGoogleMapsAPIKey","39.9025661","-77.2482518","1"
"48","NeedGoogleMapsAPIKey","39.9135673","-77.2829487","1"
"49","NeedGoogleMapsAPIKey","39.9224792","-77.293048","1"
"50","NeedGoogleMapsAPIKey","39.9223615","-77.2924128","1"
"51","NeedGoogleMapsAPIKey","39.916976","-77.2970691","1"
"52","NeedGoogleMapsAPIKey","39.9124","-77.28652","1"
"53","NeedGoogleMapsAPIKey","39.9156567","-77.2804082","1"
"54","NeedGoogleMapsAPIKey","39.9235308","-77.2914587","1"
"55","NeedGoogleMapsAPIKey","39.9228529","-77.2920876","1"
"56","NeedGoogleMapsAPIKey","39.9196389","-77.286309","1"
"57","NeedGoogleMapsAPIKey","39.9181749","-77.2936097","1"
"58","NeedGoogleMapsAPIKey","39.9198638","-77.2972743","1"
"59","NeedGoogleMapsAPIKey","39.9204175","-77.2837119","1"
"60","NeedGoogleMapsAPIKey","39.9174453","-77.2902492","1"
"61","NeedGoogleMapsAPIKey","39.9181478","-77.2891055","1"
"62","NeedGoogleMapsAPIKey","39.9234913","-77.2920622","1"
"63","NeedGoogleMapsAPIKey","39.9283096","-77.2553669","1"
"64","NeedGoogleMapsAPIKey","39.9274628","-77.2545512","1"
"65","NeedGoogleMapsAPIKey","39.9288476","-77.2599181","1"
"66","NeedGoogleMapsAPIKey","39.9285321","-77.2531373","1"
"67","NeedGoogleMapsAPIKey","39.9286571","-77.258584","1"
"68","NeedGoogleMapsAPIKey","39.9297438","-77.262472","1"
"69","NeedGoogleMapsAPIKey","39.9221477","-77.261098","1"
"70","NeedGoogleMapsAPIKey","39.9263369","-77.2514372","1"
"71","NeedGoogleMapsAPIKey","39.9276544","-77.2530687","1"
"72","NeedGoogleMapsAPIKey","39.9290788","-77.258926","1"
"73","NeedGoogleMapsAPIKey","39.9192413","-77.2566328","1"
"74","NeedGoogleMapsAPIKey","39.9177707","-77.2588455","1"
"75","NeedGoogleMapsAPIKey","39.929838","-77.2614166","1"
"76","NeedGoogleMapsAPIKey","39.9264493","-77.2525656","1"
"77","NeedGoogleMapsAPIKey","39.926055","-77.2526096","1"
"78","NeedGoogleMapsAPIKey","39.9327994","-77.2665035","1"
"79","NeedGoogleMapsAPIKey","39.9287769","-77.2567149","1"
"80","NeedGoogleMapsAPIKey","39.9271073","-77.2542702","1"
"81","NeedGoogleMapsAPIKey","39.92988","-77.2554926","1"
"82","NeedGoogleMapsAPIKey","39.9305762","-77.272778","1"
"83","NeedGoogleMapsAPIKey","39.9260778","-77.2596973","1"
"84","NeedGoogleMapsAPIKey","39.9218571","-77.2486696","1"
"85","NeedGoogleMapsAPIKey","39.9295207","-77.2592886","1"
"86","NeedGoogleMapsAPIKey","39.928911","-77.2620026","1"
"87","NeedGoogleMapsAPIKey","39.9317481","-77.269042","1"
"88","NeedGoogleMapsAPIKey","39.9255832","-77.2949123","1"
"89","NeedGoogleMapsAPIKey","39.923753","-77.2987892","1"
"90","NeedGoogleMapsAPIKey","39.9351754","-77.2956945","1"
"91","NeedGoogleMapsAPIKey","39.9269708","-77.2998797","1"
"92","NeedGoogleMapsAPIKey","39.9241663","-77.2989618","1"
"93","NeedGoogleMapsAPIKey","39.9239978","-77.3011288","1"
"94","NeedGoogleMapsAPIKey","39.9235365","-77.3006543","1"
"95","NeedGoogleMapsAPIKey","39.9249983","-77.2991747","1"
"96","NeedGoogleMapsAPIKey","39.9225431","-77.2948991","1"
"97","NeedGoogleMapsAPIKey","39.9237786","-77.3013219","1"
"98","NeedGoogleMapsAPIKey","39.924633","-77.3027551","1"
"99","NeedGoogleMapsAPIKey","39.9270226","-77.3020596","1"
"100","NeedGoogleMapsAPIKey","39.9259143","-77.2884919","1"
"101","NeedGoogleMapsAPIKey","39.9285202","-77.2986443","1"
"102","NeedGoogleMapsAPIKey","39.9284713","-77.2961469","1"
"103","NeedGoogleMapsAPIKey","39.9234575","-77.2975533","1"
"104","NeedGoogleMapsAPIKey","39.9215373","-77.3027623","1"
"105","NeedGoogleMapsAPIKey","39.9239069","-77.2988634","1"
"106","NeedGoogleMapsAPIKey","39.928274","-77.2892857","1"
"107","NeedGoogleMapsAPIKey","39.9221002","-77.2980639","1"
"108","NeedGoogleMapsAPIKey","39.9231255","-77.2937696","1"
"109","NeedGoogleMapsAPIKey","39.9252027","-77.2942004","1"
"110","NeedGoogleMapsAPIKey","39.9237316","-77.2966373","1"
"111","NeedGoogleMapsAPIKey","39.9208562","-77.2996583","1"
"112","NeedGoogleMapsAPIKey","39.9217851","-77.3014512","1"
"113","NeedGoogleMapsAPIKey","39.9231721","-77.2985161","1"
"114","NeedGoogleMapsAPIKey","39.9230665","-77.2979661","1"
"115","NeedGoogleMapsAPIKey","39.927645","-77.2972332","1"
"116","NeedGoogleMapsAPIKey","39.9314922","-77.288486","1"
"117","NeedGoogleMapsAPIKey","39.9209958","-77.2997441","1"
"118","NeedGoogleMapsAPIKey","39.921043","-77.3029837","1"
"119","NeedGoogleMapsAPIKey","39.9289203","-77.2892068","1"
"120","NeedGoogleMapsAPIKey","39.9217635","-77.3031178","1"
"121","NeedGoogleMapsAPIKey","39.9236996","-77.2957399","1"
"122","NeedGoogleMapsAPIKey","39.9257688","-77.299707","1"
"123","NeedGoogleMapsAPIKey","39.9216089","-77.3007521","1"
"124","NeedGoogleMapsAPIKey","39.9228455","-77.2957824","1"
"125","NeedGoogleMapsAPIKey","39.923019","-77.299036","1"
"126","NeedGoogleMapsAPIKey","39.9245088","-77.2997333","1"
"127","NeedGoogleMapsAPIKey","39.9292592","-77.289204","1"
"128","NeedGoogleMapsAPIKey","39.9230525","-77.2988677","1"
"129","NeedGoogleMapsAPIKey","39.9243618","-77.3019059","1"
"130","NeedGoogleMapsAPIKey","39.9280268","-77.2982313","1"
"131","NeedGoogleMapsAPIKey","39.920149","-77.2993188","1"
"132","NeedGoogleMapsAPIKey","39.9227386","-77.2992808","1"
"133","NeedGoogleMapsAPIKey","39.9274133","-77.2983037","1"
"134","NeedGoogleMapsAPIKey","39.9213393","-77.2982738","1"
"135","NeedGoogleMapsAPIKey","39.9199401","-77.3009502","1"
"136","NeedGoogleMapsAPIKey","39.926313","-77.2845997","1"
"137","NeedGoogleMapsAPIKey","39.9233743","-77.3012114","1"
"138","NeedGoogleMapsAPIKey","39.924092","-77.295366","1"
"139","NeedGoogleMapsAPIKey","39.9239094","-77.2946585","1"
"140","NeedGoogleMapsAPIKey","39.9287048","-77.2971414","1"
"141","NeedGoogleMapsAPIKey","39.933792","-77.2373644","1"
"142","NeedGoogleMapsAPIKey","39.9305815","-77.2404478","1"
"143","NeedGoogleMapsAPIKey","39.9300926","-77.2426731","1"
"144","NeedGoogleMapsAPIKey","39.9301872","-77.2413976","1"
"145","NeedGoogleMapsAPIKey","39.9267372","-77.248545","1"
"146","NeedGoogleMapsAPIKey","39.9321609","-77.2434192","1"
"147","NeedGoogleMapsAPIKey","39.930026","-77.241389","1"
"148","NeedGoogleMapsAPIKey","39.9305875","-77.247028","1"
"149","NeedGoogleMapsAPIKey","39.9212624","-77.2480163","1"
"150","NeedGoogleMapsAPIKey","39.9303475","-77.2472265","1"
"151","NeedGoogleMapsAPIKey","39.9292341","-77.241532","1"
"152","NeedGoogleMapsAPIKey","39.92631","-77.2411201","1"
"153","NeedGoogleMapsAPIKey","39.9305122","-77.2442654","1"
"154","NeedGoogleMapsAPIKey","39.9227448","-77.2324854","1"
"155","NeedGoogleMapsAPIKey","39.9254711","-77.2377327","1"
"156","NeedGoogleMapsAPIKey","39.9290113","-77.2425773","1"
"157","NeedGoogleMapsAPIKey","39.9338694","-77.2390921","1"
"158","NeedGoogleMapsAPIKey","39.9306109","-77.2424817","1"
"159","NeedGoogleMapsAPIKey","39.9246689","-77.2345873","1"
"160","NeedGoogleMapsAPIKey","39.9262854","-77.2507603","1"
"161","NeedGoogleMapsAPIKey","39.9306306","-77.2468218","1"
"162","NeedGoogleMapsAPIKey","39.9303913","-77.2404262","1"
"163","NeedGoogleMapsAPIKey","39.9305979","-77.2481193","1"
"164","NeedGoogleMapsAPIKey","39.9303552","-77.2475404","1"
"165","NeedGoogleMapsAPIKey","39.9293404","-77.2432003","1"
"166","NeedGoogleMapsAPIKey","39.9278312","-77.2459403","1"
"167","NeedGoogleMapsAPIKey","39.9272761","-77.2401038","1"
"168","NeedGoogleMapsAPIKey","39.9285933","-77.2401693","1"
"169","NeedGoogleMapsAPIKey","39.9303882","-77.2467288","1"
"170","NeedGoogleMapsAPIKey","39.9297987","-77.2404656","1"
"171","NeedGoogleMapsAPIKey","39.9304202","-77.2462379","1"
"172","NeedGoogleMapsAPIKey","39.9303452","-77.2480392","1"
"173","NeedGoogleMapsAPIKey","39.9261882","-77.2485753","1"
"174","NeedGoogleMapsAPIKey","39.9306092","-77.2478475","1"
"175","NeedGoogleMapsAPIKey","39.9326024","-77.2394461","1"
"176","NeedGoogleMapsAPIKey","39.9261313","-77.2367373","1"
"177","NeedGoogleMapsAPIKey","39.9301233","-77.2419447","1"
"178","NeedGoogleMapsAPIKey","39.9338389","-77.2369189","1"
"179","NeedGoogleMapsAPIKey","39.9323477","-77.2397105","1"
"180","NeedGoogleMapsAPIKey","39.9269109","-77.2400721","1"
"181","NeedGoogleMapsAPIKey","39.9302701","-77.2419861","1"
"182","NeedGoogleMapsAPIKey","39.9309506","-77.2407439","1"
"183","NeedGoogleMapsAPIKey","39.9307175","-77.2458885","1"
"184","NeedGoogleMapsAPIKey","39.9274319","-77.2495361","1"
"185","NeedGoogleMapsAPIKey","39.929962","-77.241385","1"
"186","NeedGoogleMapsAPIKey","39.9288127","-77.2519706","1"
"187","NeedGoogleMapsAPIKey","39.9278724","-77.2508498","1"
"188","NeedGoogleMapsAPIKey","39.9287254","-77.2499592","1"
"189","NeedGoogleMapsAPIKey","39.9389565","-77.2635867","1"
"190","NeedGoogleMapsAPIKey","39.9334133","-77.2652725","1"
"191","NeedGoogleMapsAPIKey","39.928452","-77.2520823","1"
"192","NeedGoogleMapsAPIKey","39.9304265","-77.2506055","1"
"193","NeedGoogleMapsAPIKey","39.9395203","-77.2518871","1"
"194","NeedGoogleMapsAPIKey","39.9309042","-77.2506983","1"
"195","NeedGoogleMapsAPIKey","39.9359383","-77.2480473","1"
"196","NeedGoogleMapsAPIKey","39.9283841","-77.2507272","1"
"197","NeedGoogleMapsAPIKey","39.9352979","-77.248583","1"
"198","NeedGoogleMapsAPIKey","39.932182","-77.251769","1"
"199","NeedGoogleMapsAPIKey","39.9310901","-77.2515493","1"
"200","NeedGoogleMapsAPIKey","39.935687","-77.2583332","1"
"201","NeedGoogleMapsAPIKey","39.9306461","-77.2491712","1"
"202","NeedGoogleMapsAPIKey","39.927109","-77.2511183","1"
"203","NeedGoogleMapsAPIKey","39.9320278","-77.250368","1"
"204","NeedGoogleMapsAPIKey","39.9279431","-77.251681","1"
"205","NeedGoogleMapsAPIKey","39.9305867","-77.248597","1"
"206","NeedGoogleMapsAPIKey","39.9294747","-77.2495536","1"
"207","NeedGoogleMapsAPIKey","39.9374572","-77.2479417","1"
"208","NeedGoogleMapsAPIKey","39.9279964","-77.2520412","1"
"209","NeedGoogleMapsAPIKey","39.9345753","-77.2486263","1"
"210","NeedGoogleMapsAPIKey","39.9321552","-77.2524159","1"
"211","NeedGoogleMapsAPIKey","39.9366663","-77.2645446","1"
"212","NeedGoogleMapsAPIKey","39.9288861","-77.2500375","1"
"213","NeedGoogleMapsAPIKey","39.942962","-77.2558676","1"
"214","NeedGoogleMapsAPIKey","39.9343004","-77.261576","1"
"215","NeedGoogleMapsAPIKey","39.9299089","-77.2543564","1"
"216","NeedGoogleMapsAPIKey","39.9367677","-77.2618921","1"
"217","NeedGoogleMapsAPIKey","39.9317719","-77.2502646","1"
"218","NeedGoogleMapsAPIKey","39.9298149","-77.1616465","1"
"219","NeedGoogleMapsAPIKey","39.9426545","-77.1547978","1"
"220","NeedGoogleMapsAPIKey","39.9420289","-77.1531922","1"
"221","NeedGoogleMapsAPIKey","39.9424856","-77.1527161","1"
"222","NeedGoogleMapsAPIKey","39.9331865","-77.1750977","1"
"223","NeedGoogleMapsAPIKey","39.9431303","-77.1545594","1"
"224","NeedGoogleMapsAPIKey","39.9431159","-77.153039","1"
"225","NeedGoogleMapsAPIKey","39.9436835","-77.1510082","1"
"226","NeedGoogleMapsAPIKey","39.9441847","-77.1552776","1"
"227","NeedGoogleMapsAPIKey","39.9418037","-77.1540394","1"
"228","NeedGoogleMapsAPIKey","39.9444577","-77.15408","1"
"229","NeedGoogleMapsAPIKey","39.9437329","-77.1514689","1"
"230","NeedGoogleMapsAPIKey","39.9333323","-77.1562332","1"
"231","NeedGoogleMapsAPIKey","39.9442906","-77.1547505","1"
"232","NeedGoogleMapsAPIKey","39.9262241","-77.1645593","1"
"233","NeedGoogleMapsAPIKey","39.9422666","-77.1535952","1"
"234","NeedGoogleMapsAPIKey","39.9275832","-77.1636313","1"
"235","NeedGoogleMapsAPIKey","39.9432825","-77.1551542","1"
"236","NeedGoogleMapsAPIKey","39.9425622","-77.1537564","1"
"237","NeedGoogleMapsAPIKey","39.9425743","-77.155228","1"
"238","NeedGoogleMapsAPIKey","39.9422779","-77.152246","1"
"239","NeedGoogleMapsAPIKey","39.9432892","-77.1546449","1"
"240","NeedGoogleMapsAPIKey","39.9428777","-77.1539284","1"
"241","NeedGoogleMapsAPIKey","39.9436036","-77.1553195","1"
"242","NeedGoogleMapsAPIKey","39.9334526","-77.1455706","1"
"243","NeedGoogleMapsAPIKey","39.9421584","-77.1550962","1"
"244","NeedGoogleMapsAPIKey","39.9444402","-77.152768","1"
"245","NeedGoogleMapsAPIKey","39.9569591","-77.1447906","1"
"246","NeedGoogleMapsAPIKey","39.9488916","-77.1449145","1"
"247","NeedGoogleMapsAPIKey","39.95331","-77.1409532","1"
"248","NeedGoogleMapsAPIKey","39.9448546","-77.1525632","1"
"249","NeedGoogleMapsAPIKey","39.9573079","-77.1526415","1"
"250","NeedGoogleMapsAPIKey","39.9470987","-77.1472528","1"
"251","NeedGoogleMapsAPIKey","39.9590758","-77.1528161","1"
"252","NeedGoogleMapsAPIKey","39.9490704","-77.1418265","1"
"253","NeedGoogleMapsAPIKey","39.9500034","-77.1422397","1"
"254","NeedGoogleMapsAPIKey","39.9493715","-77.1446159","1"
"255","NeedGoogleMapsAPIKey","39.9526068","-77.1441128","1"
"256","NeedGoogleMapsAPIKey","39.946854","-77.1472936","1"
"257","NeedGoogleMapsAPIKey","39.9445485","-77.1518561","1"
"258","NeedGoogleMapsAPIKey","39.9442295","-77.1516989","1"
"259","NeedGoogleMapsAPIKey","39.9482566","-77.1470197","1"
"260","NeedGoogleMapsAPIKey","39.9477812","-77.1587624","1"
"261","NeedGoogleMapsAPIKey","39.9600311","-77.1460713","1"
"262","NeedGoogleMapsAPIKey","39.9495254","-77.1384871","1"
"263","NeedGoogleMapsAPIKey","39.9506439","-77.1448953","1"
"264","NeedGoogleMapsAPIKey","39.9540562","-77.144743","1"
"265","NeedGoogleMapsAPIKey","39.9466188","-77.1480456","1"
"266","NeedGoogleMapsAPIKey","39.9499689","-77.1487061","1"
"267","NeedGoogleMapsAPIKey","39.958698","-77.1540538","1"
"268","NeedGoogleMapsAPIKey","39.9484403","-77.1443803","1"
"269","NeedGoogleMapsAPIKey","39.9501062","-77.1415541","1"
"270","NeedGoogleMapsAPIKey","39.9495193","-77.1513292","1"
"271","NeedGoogleMapsAPIKey","39.9592747","-77.3606551","1"
"272","NeedGoogleMapsAPIKey","39.9576532","-77.3506774","1"
"273","NeedGoogleMapsAPIKey","39.9619749","-77.377396","1"
"274","NeedGoogleMapsAPIKey","39.9649594","-77.3731107","1"
"275","NeedGoogleMapsAPIKey","39.9642423","-77.374339","1"
"276","NeedGoogleMapsAPIKey","39.9683271","-77.3672261","1"
"277","NeedGoogleMapsAPIKey","39.953562","-77.353947","1"
"278","NeedGoogleMapsAPIKey","39.9661986","-77.3546413","1"
"279","NeedGoogleMapsAPIKey","39.9587034","-77.3577132","1"
"280","NeedGoogleMapsAPIKey","39.9588619","-77.3568481","1"
"281","NeedGoogleMapsAPIKey","39.966926","-77.3645604","1"
"282","NeedGoogleMapsAPIKey","39.9584075","-77.36075","1"
"283","NeedGoogleMapsAPIKey","39.9600135","-77.3586546","1"
"284","NeedGoogleMapsAPIKey","39.9606259","-77.3571725","1"
"285","NeedGoogleMapsAPIKey","39.9681485","-77.3634355","1"
"286","NeedGoogleMapsAPIKey","39.9642354","-77.3669239","1"
"287","NeedGoogleMapsAPIKey","39.9655945","-77.3669315","1"
"288","NeedGoogleMapsAPIKey","39.9635099","-77.3751886","1"
"289","NeedGoogleMapsAPIKey","39.9591608","-77.3563751","1"
"290","NeedGoogleMapsAPIKey","39.966267","-77.1558733","1"
"291","NeedGoogleMapsAPIKey","39.9689375","-77.1625334","1"
"292","NeedGoogleMapsAPIKey","39.960095","-77.1571569","1"
"293","NeedGoogleMapsAPIKey","39.9710413","-77.1562812","1"
"294","NeedGoogleMapsAPIKey","39.9639853","-77.1566514","1"
"295","NeedGoogleMapsAPIKey","39.9619931","-77.1536647","1"
"296","NeedGoogleMapsAPIKey","39.9674317","-77.1648439","1"
"297","NeedGoogleMapsAPIKey","39.9676813","-77.1565414","1"
"298","NeedGoogleMapsAPIKey","39.9626151","-77.1551518","1"
"299","NeedGoogleMapsAPIKey","39.9640194","-77.1542724","1"
"300","NeedGoogleMapsAPIKey","39.9709092","-77.1626348","1"
"301","NeedGoogleMapsAPIKey","39.9628584","-77.1486222","1"
"302","NeedGoogleMapsAPIKey","39.9729744","-77.1562747","1"
"303","NeedGoogleMapsAPIKey","39.9748276","-77.1515832","1"
"304","NeedGoogleMapsAPIKey","39.9663023","-77.1540929","1"
"305","NeedGoogleMapsAPIKey","39.9618434","-77.155725","1"
"306","NeedGoogleMapsAPIKey","39.96479","-77.1547131","1"
"307","NeedGoogleMapsAPIKey","39.9770718","-77.1585372","1"
"308","NeedGoogleMapsAPIKey","39.9781445","-77.2258641","1"
"309","NeedGoogleMapsAPIKey","39.9716882","-77.2206559","1"
"310","NeedGoogleMapsAPIKey","39.9799523","-77.240967","1"
"311","NeedGoogleMapsAPIKey","39.9728562","-77.2218722","1"
"312","NeedGoogleMapsAPIKey","39.9796125","-77.2426353","1"
"313","NeedGoogleMapsAPIKey","39.9790886","-77.240501","1"
"314","NeedGoogleMapsAPIKey","39.9799043","-77.240664","1"
"315","NeedGoogleMapsAPIKey","39.9803361","-77.2402967","1"
"316","NeedGoogleMapsAPIKey","39.9799928","-77.2375601","1"
"317","NeedGoogleMapsAPIKey","39.979823","-77.2345899","1"
"318","NeedGoogleMapsAPIKey","39.9813755","-77.2422893","1"
"319","NeedGoogleMapsAPIKey","39.9798383","-77.2260811","1"
"320","NeedGoogleMapsAPIKey","39.9809016","-77.2415059","1"
"321","NeedGoogleMapsAPIKey","39.9796535","-77.2412609","1"
"322","NeedGoogleMapsAPIKey","39.9789354","-77.2373696","1"
"323","NeedGoogleMapsAPIKey","39.9788757","-77.2409546","1"
"324","NeedGoogleMapsAPIKey","39.975346","-77.2238023","1"
"325","NeedGoogleMapsAPIKey","39.9825457","-77.2340535","1"
"326","NeedGoogleMapsAPIKey","39.979598","-77.2437692","1"
"327","NeedGoogleMapsAPIKey","39.9806644","-77.2397745","1"
"328","NeedGoogleMapsAPIKey","39.9785646","-77.2328932","1"
"329","NeedGoogleMapsAPIKey","39.9765715","-77.2243739","1"
"330","NeedGoogleMapsAPIKey","39.9804454","-77.2423934","1"
"331","NeedGoogleMapsAPIKey","39.9775571","-77.2271488","1"
"332","NeedGoogleMapsAPIKey","39.978804","-77.2436625","1"
"333","NeedGoogleMapsAPIKey","39.9785051","-77.2415209","1"
"334","NeedGoogleMapsAPIKey","39.9791849","-77.2412629","1"
"335","NeedGoogleMapsAPIKey","39.9788053","-77.2264217","1"
"336","NeedGoogleMapsAPIKey","39.9791418","-77.2418251","1"
"337","NeedGoogleMapsAPIKey","39.9788068","-77.2427871","1"
"338","NeedGoogleMapsAPIKey","39.9794753","-77.2401471","1"
"339","NeedGoogleMapsAPIKey","39.9807111","-77.2408597","1"
"340","NeedGoogleMapsAPIKey","39.9790737","-77.2443365","1"
"341","NeedGoogleMapsAPIKey","39.9775708","-77.2286341","1"
"342","NeedGoogleMapsAPIKey","39.9747587","-77.2233772","1"
"343","NeedGoogleMapsAPIKey","39.9763771","-77.2243973","1"
"344","NeedGoogleMapsAPIKey","39.9794793","-77.2440735","1"
"345","NeedGoogleMapsAPIKey","39.9791071","-77.2345495","1"
"346","NeedGoogleMapsAPIKey","39.9796275","-77.2428936","1"
"347","NeedGoogleMapsAPIKey","39.9772005","-77.2470341","1"
"348","NeedGoogleMapsAPIKey","39.9739234","-77.2559807","1"
"349","NeedGoogleMapsAPIKey","39.9854141","-77.2518099","1"
"350","NeedGoogleMapsAPIKey","39.9879637","-77.2515012","1"
"351","NeedGoogleMapsAPIKey","39.9818187","-77.2447632","1"
"352","NeedGoogleMapsAPIKey","39.9822479","-77.2460574","1"
"353","NeedGoogleMapsAPIKey","39.9813861","-77.2481981","1"
"354","NeedGoogleMapsAPIKey","39.9900518","-77.2573552","1"
"355","NeedGoogleMapsAPIKey","39.9824738","-77.2501559","1"
"356","NeedGoogleMapsAPIKey","39.9768476","-77.2661428","1"
"357","NeedGoogleMapsAPIKey","39.9834517","-77.2502329","1"
"358","NeedGoogleMapsAPIKey","39.9824373","-77.2536622","1"
"359","NeedGoogleMapsAPIKey","39.9817988","-77.2422049","1"
"360","NeedGoogleMapsAPIKey","39.9823589","-77.2494689","1"
"361","NeedGoogleMapsAPIKey","39.9806569","-77.247907","1"
"362","NeedGoogleMapsAPIKey","39.9803003","-77.2451672","1"
"363","NeedGoogleMapsAPIKey","39.9871358","-77.2514177","1"
"364","NeedGoogleMapsAPIKey","39.973883","-77.2556275","1"
"365","NeedGoogleMapsAPIKey","39.987398","-77.2521379","1"
"366","NeedGoogleMapsAPIKey","39.9865071","-77.2520343","1"
"367","NeedGoogleMapsAPIKey","39.9823466","-77.2495026","1"
"368","NeedGoogleMapsAPIKey","39.9826829","-77.2492024","1"
"369","NeedGoogleMapsAPIKey","39.9824236","-77.241153","1"
"370","NeedGoogleMapsAPIKey","39.9823699","-77.2494146","1"
"371","NeedGoogleMapsAPIKey","39.9828365","-77.2470918","1"
"372","NeedGoogleMapsAPIKey","39.9831291","-77.2509199","1"
"373","NeedGoogleMapsAPIKey","39.9809672","-77.2463261","1"
"374","NeedGoogleMapsAPIKey","39.9825806","-77.2470886","1"
"375","NeedGoogleMapsAPIKey","39.9810755","-77.2480709","1"
"376","NeedGoogleMapsAPIKey","39.9870833","-77.2509226","1"
"377","NeedGoogleMapsAPIKey","39.9861083","-77.2523049","1"
"378","NeedGoogleMapsAPIKey","39.9876623","-77.2509895","1"
"379","NeedGoogleMapsAPIKey","39.9826991","-77.2511105","1"
"380","NeedGoogleMapsAPIKey","39.9823397","-77.2494543","1"
"381","NeedGoogleMapsAPIKey","39.9876076","-77.2521514","1"
"382","NeedGoogleMapsAPIKey","39.9793899","-77.2611505","1"
"383","NeedGoogleMapsAPIKey","39.9884333","-77.2522032","1"
"384","NeedGoogleMapsAPIKey","39.9743637","-77.2545608","1"
"385","NeedGoogleMapsAPIKey","39.9807556","-77.2447111","1"
"386","NeedGoogleMapsAPIKey","39.9793011","-77.2572014","1"
"387","NeedGoogleMapsAPIKey","39.9837436","-77.2482427","1"
"388","NeedGoogleMapsAPIKey","39.9800554","-77.2469071","1"
"389","NeedGoogleMapsAPIKey","39.9799523","-77.2474729","1"
"390","NeedGoogleMapsAPIKey","39.9839706","-77.250605","1"
"391","NeedGoogleMapsAPIKey","39.9826877","-77.2485236","1"
"392","NeedGoogleMapsAPIKey","39.9882312","-77.2746845","1"
"393","NeedGoogleMapsAPIKey","39.9930779","-77.2780185","1"
"394","NeedGoogleMapsAPIKey","39.9903448","-77.2759424","1"
"395","NeedGoogleMapsAPIKey","39.9909092","-77.2717899","1"
"396","NeedGoogleMapsAPIKey","39.9919244","-77.2611365","1"
"397","NeedGoogleMapsAPIKey","39.9987462","-77.2706886","1"
"398","NeedGoogleMapsAPIKey","39.9927872","-77.2645994","1"
"399","NeedGoogleMapsAPIKey","39.9926465","-77.2815837","1"
"400","NeedGoogleMapsAPIKey","39.9928623","-77.26979","1"
"401","NeedGoogleMapsAPIKey","39.9987919","-77.2652323","1"
"402","NeedGoogleMapsAPIKey","39.9988043","-77.2792975","1"
"403","NeedGoogleMapsAPIKey","39.9994516","-77.2699878","1"
"404","NeedGoogleMapsAPIKey","39.9967631","-77.269664","1"
"405","NeedGoogleMapsAPIKey","39.9853649","-77.273411","1"
"406","NeedGoogleMapsAPIKey","39.9882985","-77.2720295","1"
"407","NeedGoogleMapsAPIKey","39.9949784","-77.2825426","1"
"408","NeedGoogleMapsAPIKey","40.0011975","-77.2708902","1"
"409","NeedGoogleMapsAPIKey","39.9918433","-77.2693793","1"
"410","NeedGoogleMapsAPIKey","39.9927665","-77.2621584","1"
"411","NeedGoogleMapsAPIKey","39.9913094","-77.2743321","1"
"412","NeedGoogleMapsAPIKey","39.994688","-77.2813028","1"
"1","Biglerville El Sch","39.920197","-77.24831"
