"Avonworth School District","1","477","50","50"
"1","NeedGoogleMapsAPIKey","40.5681616","-80.1137297","1"
"2","NeedGoogleMapsAPIKey","40.5678232","-80.1130492","1"
"3","NeedGoogleMapsAPIKey","40.570667","-80.1122864","1"
"4","NeedGoogleMapsAPIKey","40.5685349","-80.1116662","1"
"5","NeedGoogleMapsAPIKey","40.5700867","-80.1125615","1"
"6","NeedGoogleMapsAPIKey","40.5684133","-80.1120973","1"
"7","NeedGoogleMapsAPIKey","40.5695594","-80.1122338","1"
"8","NeedGoogleMapsAPIKey","40.5690496","-80.1140555","1"
"9","NeedGoogleMapsAPIKey","40.5699164","-80.1152292","1"
"10","NeedGoogleMapsAPIKey","40.5700608","-80.1115494","1"
"11","NeedGoogleMapsAPIKey","40.5697176","-80.1151873","1"
"12","NeedGoogleMapsAPIKey","40.5688703","-80.1131273","1"
"13","NeedGoogleMapsAPIKey","40.5678739","-80.1131738","1"
"14","NeedGoogleMapsAPIKey","40.5698592","-80.112448","1"
"15","NeedGoogleMapsAPIKey","40.5705605","-80.1124783","1"
"16","NeedGoogleMapsAPIKey","40.5683688","-80.1138162","1"
"17","NeedGoogleMapsAPIKey","40.5689628","-80.1140279","1"
"18","NeedGoogleMapsAPIKey","40.5696303","-80.114809","1"
"19","NeedGoogleMapsAPIKey","40.5675225","-80.1130663","1"
"20","NeedGoogleMapsAPIKey","40.569398","-80.1140969","1"
"21","NeedGoogleMapsAPIKey","40.5697545","-80.1149264","1"
"22","NeedGoogleMapsAPIKey","40.5697337","-80.1146931","1"
"23","NeedGoogleMapsAPIKey","40.5685062","-80.1138246","1"
"24","NeedGoogleMapsAPIKey","40.5697687","-80.1146226","1"
"25","NeedGoogleMapsAPIKey","40.5697667","-80.1148163","1"
"26","NeedGoogleMapsAPIKey","40.569687","-80.114762","1"
"27","NeedGoogleMapsAPIKey","40.5689315","-80.1139746","1"
"28","NeedGoogleMapsAPIKey","40.5689548","-80.1117001","1"
"29","NeedGoogleMapsAPIKey","40.5697857","-80.1147151","1"
"30","NeedGoogleMapsAPIKey","40.5698496","-80.1150839","1"
"31","NeedGoogleMapsAPIKey","40.571206","-80.1130245","1"
"32","NeedGoogleMapsAPIKey","40.5672552","-80.1127808","1"
"33","NeedGoogleMapsAPIKey","40.5692464","-80.1117121","1"
"34","NeedGoogleMapsAPIKey","40.5126682","-80.103066","1"
"35","NeedGoogleMapsAPIKey","40.5131337","-80.104412","1"
"36","NeedGoogleMapsAPIKey","40.5125627","-80.1059287","1"
"37","NeedGoogleMapsAPIKey","40.5139109","-80.1031946","1"
"38","NeedGoogleMapsAPIKey","40.5139807","-80.1040829","1"
"39","NeedGoogleMapsAPIKey","40.5125048","-80.1035262","1"
"40","NeedGoogleMapsAPIKey","40.5119441","-80.1041013","1"
"41","NeedGoogleMapsAPIKey","40.514024","-80.10499","1"
"42","NeedGoogleMapsAPIKey","40.5148251","-80.1046359","1"
"43","NeedGoogleMapsAPIKey","40.512034","-80.1026276","1"
"44","NeedGoogleMapsAPIKey","40.5114609","-80.1040222","1"
"45","NeedGoogleMapsAPIKey","40.5136764","-80.102749","1"
"46","NeedGoogleMapsAPIKey","40.5132871","-80.103107","1"
"47","NeedGoogleMapsAPIKey","40.5152092","-80.1050839","1"
"48","NeedGoogleMapsAPIKey","40.5121886","-80.1030348","1"
"49","NeedGoogleMapsAPIKey","40.5143318","-80.1046546","1"
"50","NeedGoogleMapsAPIKey","40.5136246","-80.1031465","1"
"51","NeedGoogleMapsAPIKey","40.5135223","-80.1031285","1"
"52","NeedGoogleMapsAPIKey","40.5127774","-80.1030993","1"
"53","NeedGoogleMapsAPIKey","40.5141323","-80.1044994","1"
"54","NeedGoogleMapsAPIKey","40.5151195","-80.1037265","1"
"55","NeedGoogleMapsAPIKey","40.5132159","-80.1031124","1"
"56","NeedGoogleMapsAPIKey","40.5151153","-80.1046618","1"
"57","NeedGoogleMapsAPIKey","40.5127051","-80.1040462","1"
"58","NeedGoogleMapsAPIKey","40.5124749","-80.1048351","1"
"59","NeedGoogleMapsAPIKey","40.5130667","-80.1061942","1"
"60","NeedGoogleMapsAPIKey","40.5134075","-80.1049933","1"
"61","NeedGoogleMapsAPIKey","40.5133152","-80.1048997","1"
"62","NeedGoogleMapsAPIKey","40.5129504","-80.1008604","1"
"63","NeedGoogleMapsAPIKey","40.5121513","-80.1001575","1"
"64","NeedGoogleMapsAPIKey","40.5129378","-80.099542","1"
"65","NeedGoogleMapsAPIKey","40.5130168","-80.100129","1"
"66","NeedGoogleMapsAPIKey","40.5129296","-80.1012701","1"
"67","NeedGoogleMapsAPIKey","40.5128685","-80.1000907","1"
"68","NeedGoogleMapsAPIKey","40.5133176","-80.101312","1"
"69","NeedGoogleMapsAPIKey","40.5129378","-80.099542","1"
"70","NeedGoogleMapsAPIKey","40.5135678","-80.0995679","1"
"71","NeedGoogleMapsAPIKey","40.514754","-80.0997424","1"
"72","NeedGoogleMapsAPIKey","40.5121513","-80.1001575","1"
"73","NeedGoogleMapsAPIKey","40.5134467","-80.1013086","1"
"74","NeedGoogleMapsAPIKey","40.513231","-80.1012925","1"
"75","NeedGoogleMapsAPIKey","40.5129378","-80.099542","1"
"76","NeedGoogleMapsAPIKey","40.5129378","-80.099542","1"
"77","NeedGoogleMapsAPIKey","40.5133323","-80.0987376","1"
"78","NeedGoogleMapsAPIKey","40.5129872","-80.0990594","1"
"79","NeedGoogleMapsAPIKey","40.5142807","-80.0980219","1"
"80","NeedGoogleMapsAPIKey","40.5129378","-80.099542","1"
"81","NeedGoogleMapsAPIKey","40.5130569","-80.098803","1"
"82","NeedGoogleMapsAPIKey","40.5130457","-80.0989239","1"
"83","NeedGoogleMapsAPIKey","40.5141581","-80.1001501","1"
"84","NeedGoogleMapsAPIKey","40.5136881","-80.0987935","1"
"85","NeedGoogleMapsAPIKey","40.5139433","-80.0979889","1"
"86","NeedGoogleMapsAPIKey","40.5130566","-80.0987385","1"
"87","NeedGoogleMapsAPIKey","40.5121513","-80.1001575","1"
"88","NeedGoogleMapsAPIKey","40.5129456","-80.1000598","1"
"89","NeedGoogleMapsAPIKey","40.5157482","-80.0955127","1"
"90","NeedGoogleMapsAPIKey","40.5137525","-80.0975009","1"
"91","NeedGoogleMapsAPIKey","40.5130332","-80.0979011","1"
"92","NeedGoogleMapsAPIKey","40.5142999","-80.0969015","1"
"93","NeedGoogleMapsAPIKey","40.514243","-80.0951311","1"
"94","NeedGoogleMapsAPIKey","40.5140027","-80.0947263","1"
"95","NeedGoogleMapsAPIKey","40.5138451","-80.0943974","1"
"96","NeedGoogleMapsAPIKey","40.512648","-80.0950983","1"
"97","NeedGoogleMapsAPIKey","40.513807","-80.0964256","1"
"98","NeedGoogleMapsAPIKey","40.5123896","-80.0950681","1"
"99","NeedGoogleMapsAPIKey","40.5128904","-80.096698","1"
"100","NeedGoogleMapsAPIKey","40.5125677","-80.0963216","1"
"101","NeedGoogleMapsAPIKey","40.5130819","-80.094481","1"
"102","NeedGoogleMapsAPIKey","40.5152527","-80.0953602","1"
"103","NeedGoogleMapsAPIKey","40.5123909","-80.0969436","1"
"104","NeedGoogleMapsAPIKey","40.5132","-80.0951323","1"
"105","NeedGoogleMapsAPIKey","40.5142599","-80.0955944","1"
"106","NeedGoogleMapsAPIKey","40.5126985","-80.0946906","1"
"107","NeedGoogleMapsAPIKey","40.5141071","-80.0951152","1"
"108","NeedGoogleMapsAPIKey","40.5135032","-80.095658","1"
"109","NeedGoogleMapsAPIKey","40.5141488","-80.096009","1"
"110","NeedGoogleMapsAPIKey","40.5122064","-80.0969833","1"
"111","NeedGoogleMapsAPIKey","40.5134175","-80.0966891","1"
"112","NeedGoogleMapsAPIKey","40.5139399","-80.0975106","1"
"113","NeedGoogleMapsAPIKey","40.5137337","-80.0947072","1"
"114","NeedGoogleMapsAPIKey","40.5136986","-80.0970668","1"
"115","NeedGoogleMapsAPIKey","40.5144914","-80.096054","1"
"116","NeedGoogleMapsAPIKey","40.5129111","-80.0970722","1"
"117","NeedGoogleMapsAPIKey","40.5127831","-80.0975051","1"
"118","NeedGoogleMapsAPIKey","40.5124991","-80.0899047","1"
"119","NeedGoogleMapsAPIKey","40.5129106","-80.0891901","1"
"120","NeedGoogleMapsAPIKey","40.5124939","-80.0894149","1"
"121","NeedGoogleMapsAPIKey","40.5121482","-80.0894162","1"
"122","NeedGoogleMapsAPIKey","40.5114413","-80.0894762","1"
"123","NeedGoogleMapsAPIKey","40.514679","-80.0873306","1"
"124","NeedGoogleMapsAPIKey","40.5150115","-80.0883942","1"
"125","NeedGoogleMapsAPIKey","40.514344","-80.0873312","1"
"126","NeedGoogleMapsAPIKey","40.5114118","-80.0892237","1"
"127","NeedGoogleMapsAPIKey","40.5128902","-80.0897118","1"
"128","NeedGoogleMapsAPIKey","40.5117076","-80.0881759","1"
"129","NeedGoogleMapsAPIKey","40.5125247","-80.0906108","1"
"130","NeedGoogleMapsAPIKey","40.51178","-80.0897002","1"
"131","NeedGoogleMapsAPIKey","40.5136836","-80.0896789","1"
"132","NeedGoogleMapsAPIKey","40.511975","-80.0881654","1"
"133","NeedGoogleMapsAPIKey","40.5124661","-80.0902076","1"
"134","NeedGoogleMapsAPIKey","40.5136594","-80.0883084","1"
"135","NeedGoogleMapsAPIKey","40.5111251","-80.0894446","1"
"136","NeedGoogleMapsAPIKey","40.5125178","-80.0890894","1"
"137","NeedGoogleMapsAPIKey","40.511465","-80.0898386","1"
"138","NeedGoogleMapsAPIKey","40.5127649","-80.0886716","1"
"139","NeedGoogleMapsAPIKey","40.5129648","-80.0879086","1"
"140","NeedGoogleMapsAPIKey","40.5115823","-80.0881906","1"
"141","NeedGoogleMapsAPIKey","40.5133359","-80.0876074","1"
"142","NeedGoogleMapsAPIKey","40.5143127","-80.0883069","1"
"143","NeedGoogleMapsAPIKey","40.514027","-80.0872954","1"
"144","NeedGoogleMapsAPIKey","40.5116472","-80.095538","1"
"145","NeedGoogleMapsAPIKey","40.5099196","-80.0969768","1"
"146","NeedGoogleMapsAPIKey","40.5101704","-80.0959043","1"
"147","NeedGoogleMapsAPIKey","40.5110917","-80.0969238","1"
"148","NeedGoogleMapsAPIKey","40.5114674","-80.0968223","1"
"149","NeedGoogleMapsAPIKey","40.5099196","-80.0969768","1"
"150","NeedGoogleMapsAPIKey","40.5094069","-80.0954406","1"
"151","NeedGoogleMapsAPIKey","40.5107646","-80.0966538","1"
"152","NeedGoogleMapsAPIKey","40.5114553","-80.0969483","1"
"153","NeedGoogleMapsAPIKey","40.5099196","-80.0969768","1"
"154","NeedGoogleMapsAPIKey","40.5107646","-80.0966538","1"
"155","NeedGoogleMapsAPIKey","40.5110455","-80.0950537","1"
"156","NeedGoogleMapsAPIKey","40.5089093","-80.0954154","1"
"157","NeedGoogleMapsAPIKey","40.5100713","-80.0950669","1"
"158","NeedGoogleMapsAPIKey","40.5092524","-80.0947988","1"
"159","NeedGoogleMapsAPIKey","40.5099196","-80.0969768","1"
"160","NeedGoogleMapsAPIKey","40.5092524","-80.0947988","1"
"161","NeedGoogleMapsAPIKey","40.5114674","-80.0968223","1"
"162","NeedGoogleMapsAPIKey","40.5092524","-80.0947988","1"
"163","NeedGoogleMapsAPIKey","40.5123716","-80.0943587","1"
"164","NeedGoogleMapsAPIKey","40.5095402","-80.0947987","1"
"165","NeedGoogleMapsAPIKey","40.5095402","-80.0947987","1"
"166","NeedGoogleMapsAPIKey","40.5109439","-80.0966601","1"
"167","NeedGoogleMapsAPIKey","40.5116472","-80.095538","1"
"168","NeedGoogleMapsAPIKey","40.5099196","-80.0969768","1"
"169","NeedGoogleMapsAPIKey","40.5106298","-80.0968843","1"
"170","NeedGoogleMapsAPIKey","40.5099196","-80.0969768","1"
"171","NeedGoogleMapsAPIKey","40.5099196","-80.0969768","1"
"172","NeedGoogleMapsAPIKey","40.5117661","-80.0975602","1"
"173","NeedGoogleMapsAPIKey","40.5098247","-80.0945309","1"
"174","NeedGoogleMapsAPIKey","40.5092376","-80.0958549","1"
"175","NeedGoogleMapsAPIKey","40.5109349","-80.0969241","1"
"176","NeedGoogleMapsAPIKey","40.5106137","-80.0952757","1"
"177","NeedGoogleMapsAPIKey","40.5099196","-80.0969768","1"
"178","NeedGoogleMapsAPIKey","40.5099196","-80.0969768","1"
"179","NeedGoogleMapsAPIKey","40.5099196","-80.0969768","1"
"180","NeedGoogleMapsAPIKey","40.5107646","-80.0966538","1"
"181","NeedGoogleMapsAPIKey","40.5099196","-80.0969768","1"
"182","NeedGoogleMapsAPIKey","40.5116472","-80.095538","1"
"183","NeedGoogleMapsAPIKey","40.5116472","-80.095538","1"
"184","NeedGoogleMapsAPIKey","40.5099196","-80.0969768","1"
"185","NeedGoogleMapsAPIKey","40.5099196","-80.0969768","1"
"186","NeedGoogleMapsAPIKey","40.5105885","-80.0950324","1"
"187","NeedGoogleMapsAPIKey","40.5109439","-80.0966601","1"
"188","NeedGoogleMapsAPIKey","40.5089971","-80.0937894","1"
"189","NeedGoogleMapsAPIKey","40.5093049","-80.0941315","1"
"190","NeedGoogleMapsAPIKey","40.5075535","-80.0939159","1"
"191","NeedGoogleMapsAPIKey","40.5082972","-80.0937356","1"
"192","NeedGoogleMapsAPIKey","40.5078159","-80.0946794","1"
"193","NeedGoogleMapsAPIKey","40.5094605","-80.0932806","1"
"194","NeedGoogleMapsAPIKey","40.5086811","-80.0955204","1"
"195","NeedGoogleMapsAPIKey","40.5075535","-80.0939159","1"
"196","NeedGoogleMapsAPIKey","40.5082972","-80.0937356","1"
"197","NeedGoogleMapsAPIKey","40.5078377","-80.0935512","1"
"198","NeedGoogleMapsAPIKey","40.5080117","-80.0943139","1"
"199","NeedGoogleMapsAPIKey","40.5078159","-80.0946794","1"
"200","NeedGoogleMapsAPIKey","40.5081418","-80.0934496","1"
"201","NeedGoogleMapsAPIKey","40.5074449","-80.0935559","1"
"202","NeedGoogleMapsAPIKey","40.5079766","-80.0934971","1"
"203","NeedGoogleMapsAPIKey","40.5074449","-80.0935559","1"
"204","NeedGoogleMapsAPIKey","40.5074449","-80.0935559","1"
"205","NeedGoogleMapsAPIKey","40.5086585","-80.0953099","1"
"206","NeedGoogleMapsAPIKey","40.5079543","-80.094096","1"
"207","NeedGoogleMapsAPIKey","40.5090306","-80.0941155","1"
"208","NeedGoogleMapsAPIKey","40.5091708","-80.0941225","1"
"209","NeedGoogleMapsAPIKey","40.5082972","-80.0937356","1"
"210","NeedGoogleMapsAPIKey","40.5078377","-80.0935512","1"
"211","NeedGoogleMapsAPIKey","40.5076406","-80.0941578","1"
"212","NeedGoogleMapsAPIKey","40.5077748","-80.0945431","1"
"213","NeedGoogleMapsAPIKey","40.5082972","-80.0937356","1"
"214","NeedGoogleMapsAPIKey","40.5078159","-80.0946794","1"
"215","NeedGoogleMapsAPIKey","40.5095861","-80.0943344","1"
"216","NeedGoogleMapsAPIKey","40.5085929","-80.0833655","1"
"217","NeedGoogleMapsAPIKey","40.5105006","-80.0856019","1"
"218","NeedGoogleMapsAPIKey","40.5080746","-80.0838558","1"
"219","NeedGoogleMapsAPIKey","40.5084419","-80.0831364","1"
"220","NeedGoogleMapsAPIKey","40.5086021","-80.082126","1"
"221","NeedGoogleMapsAPIKey","40.5088553","-80.0832144","1"
"222","NeedGoogleMapsAPIKey","40.5087541","-80.0855519","1"
"223","NeedGoogleMapsAPIKey","40.5095472","-80.082131","1"
"224","NeedGoogleMapsAPIKey","40.5102781","-80.0850452","1"
"225","NeedGoogleMapsAPIKey","40.5091722","-80.0845699","1"
"226","NeedGoogleMapsAPIKey","40.509635","-80.0849794","1"
"227","NeedGoogleMapsAPIKey","40.5108186","-80.08566","1"
"228","NeedGoogleMapsAPIKey","40.5097727","-80.0839776","1"
"229","NeedGoogleMapsAPIKey","40.5096464","-80.0844276","1"
"230","NeedGoogleMapsAPIKey","40.5087371","-80.0833154","1"
"231","NeedGoogleMapsAPIKey","40.5095436","-80.0853572","1"
"232","NeedGoogleMapsAPIKey","40.5075548","-80.0837612","1"
"233","NeedGoogleMapsAPIKey","40.5091894","-80.0829763","1"
"234","NeedGoogleMapsAPIKey","40.5088062","-80.0825468","1"
"235","NeedGoogleMapsAPIKey","40.5098547","-80.0843103","1"
"236","NeedGoogleMapsAPIKey","40.5084446","-80.0841899","1"
"237","NeedGoogleMapsAPIKey","40.510888","-80.0848149","1"
"238","NeedGoogleMapsAPIKey","40.50873","-80.0843839","1"
"239","NeedGoogleMapsAPIKey","40.5090913","-80.0822951","1"
"240","NeedGoogleMapsAPIKey","40.5091478","-80.0853096","1"
"241","NeedGoogleMapsAPIKey","40.5083446","-80.0835414","1"
"242","NeedGoogleMapsAPIKey","40.5089585","-80.08315","1"
"243","NeedGoogleMapsAPIKey","40.5080572","-80.0853726","1"
"244","NeedGoogleMapsAPIKey","40.5100051","-80.0837683","1"
"245","NeedGoogleMapsAPIKey","40.5084148","-80.083075","1"
"246","NeedGoogleMapsAPIKey","40.50873","-80.0843839","1"
"247","NeedGoogleMapsAPIKey","40.5096246","-80.0854673","1"
"248","NeedGoogleMapsAPIKey","40.5090142","-80.082363","1"
"249","NeedGoogleMapsAPIKey","40.5106072","-80.0823832","1"
"250","NeedGoogleMapsAPIKey","40.5075332","-80.0788545","1"
"251","NeedGoogleMapsAPIKey","40.5078237","-80.080273","1"
"252","NeedGoogleMapsAPIKey","40.507114","-80.0789713","1"
"253","NeedGoogleMapsAPIKey","40.5095005","-80.0798312","1"
"254","NeedGoogleMapsAPIKey","40.5087464","-80.0790424","1"
"255","NeedGoogleMapsAPIKey","40.5088133","-80.0783087","1"
"256","NeedGoogleMapsAPIKey","40.5097399","-80.0792736","1"
"257","NeedGoogleMapsAPIKey","40.5098902","-80.0802635","1"
"258","NeedGoogleMapsAPIKey","40.5072902","-80.0799833","1"
"259","NeedGoogleMapsAPIKey","40.5102753","-80.0811007","1"
"260","NeedGoogleMapsAPIKey","40.509971","-80.0805174","1"
"261","NeedGoogleMapsAPIKey","40.5104193","-80.0811078","1"
"262","NeedGoogleMapsAPIKey","40.5074764","-80.078509","1"
"263","NeedGoogleMapsAPIKey","40.5090085","-80.0800581","1"
"264","NeedGoogleMapsAPIKey","40.5081304","-80.080997","1"
"265","NeedGoogleMapsAPIKey","40.5085645","-80.0786239","1"
"266","NeedGoogleMapsAPIKey","40.509234","-80.0810625","1"
"267","NeedGoogleMapsAPIKey","40.5082896","-80.0786403","1"
"268","NeedGoogleMapsAPIKey","40.5094396","-80.0810379","1"
"269","NeedGoogleMapsAPIKey","40.5104584","-80.0789775","1"
"270","NeedGoogleMapsAPIKey","40.5081985","-80.0805025","1"
"271","NeedGoogleMapsAPIKey","40.5072291","-80.0796624","1"
"272","NeedGoogleMapsAPIKey","40.5111292","-80.0801511","1"
"273","NeedGoogleMapsAPIKey","40.5094866","-80.0792116","1"
"274","NeedGoogleMapsAPIKey","40.509271","-80.078857","1"
"275","NeedGoogleMapsAPIKey","40.5030495","-80.077633","1"
"276","NeedGoogleMapsAPIKey","40.5044863","-80.076861","1"
"277","NeedGoogleMapsAPIKey","40.5041735","-80.0753051","1"
"278","NeedGoogleMapsAPIKey","40.5023591","-80.0751389","1"
"279","NeedGoogleMapsAPIKey","40.5021609","-80.0775266","1"
"280","NeedGoogleMapsAPIKey","40.503621","-80.0777808","1"
"281","NeedGoogleMapsAPIKey","40.5022188","-80.0756003","1"
"282","NeedGoogleMapsAPIKey","40.5026571","-80.077645","1"
"283","NeedGoogleMapsAPIKey","40.5023342","-80.0765154","1"
"284","NeedGoogleMapsAPIKey","40.5026488","-80.0773792","1"
"285","NeedGoogleMapsAPIKey","40.5035181","-80.0763027","1"
"286","NeedGoogleMapsAPIKey","40.5044384","-80.0773198","1"
"287","NeedGoogleMapsAPIKey","40.5033692","-80.0774638","1"
"288","NeedGoogleMapsAPIKey","40.5040244","-80.0768389","1"
"289","NeedGoogleMapsAPIKey","40.5046866","-80.0765132","1"
"290","NeedGoogleMapsAPIKey","40.5049897","-80.0774188","1"
"291","NeedGoogleMapsAPIKey","40.5027683","-80.0773617","1"
"292","NeedGoogleMapsAPIKey","40.5052715","-80.0774077","1"
"293","NeedGoogleMapsAPIKey","40.5028449","-80.0751643","1"
"294","NeedGoogleMapsAPIKey","40.5031131","-80.0765056","1"
"295","NeedGoogleMapsAPIKey","40.5042948","-80.0774663","1"
"296","NeedGoogleMapsAPIKey","40.5034291","-80.0769166","1"
"297","NeedGoogleMapsAPIKey","40.5033026","-80.0751797","1"
"298","NeedGoogleMapsAPIKey","40.5054731","-80.0766637","1"
"299","NeedGoogleMapsAPIKey","40.503033","-80.075178","1"
"300","NeedGoogleMapsAPIKey","40.5028555","-80.0765737","1"
"301","NeedGoogleMapsAPIKey","40.5047879","-80.0758039","1"
"302","NeedGoogleMapsAPIKey","40.5038112","-80.0764617","1"
"303","NeedGoogleMapsAPIKey","40.5037129","-80.0781091","1"
"304","NeedGoogleMapsAPIKey","40.5040502","-80.0779287","1"
"305","NeedGoogleMapsAPIKey","40.5044271","-80.0753527","1"
"306","NeedGoogleMapsAPIKey","40.5047359","-80.075462","1"
"307","NeedGoogleMapsAPIKey","40.5039831","-80.0775791","1"
"308","NeedGoogleMapsAPIKey","40.5497738","-80.0791867","1"
"309","NeedGoogleMapsAPIKey","40.5490366","-80.0796766","1"
"310","NeedGoogleMapsAPIKey","40.5492337","-80.0795734","1"
"311","NeedGoogleMapsAPIKey","40.5484553","-80.0798718","1"
"312","NeedGoogleMapsAPIKey","40.5505539","-80.079351","1"
"313","NeedGoogleMapsAPIKey","40.5482478","-80.0811246","1"
"314","NeedGoogleMapsAPIKey","40.5505442","-80.0803603","1"
"315","NeedGoogleMapsAPIKey","40.5497166","-80.0793294","1"
"316","NeedGoogleMapsAPIKey","40.5481584","-80.0811309","1"
"317","NeedGoogleMapsAPIKey","40.5505411","-80.079015","1"
"318","NeedGoogleMapsAPIKey","40.5485763","-80.079814","1"
"319","NeedGoogleMapsAPIKey","40.5509507","-80.0796691","1"
"320","NeedGoogleMapsAPIKey","40.5505608","-80.0802572","1"
"321","NeedGoogleMapsAPIKey","40.5476268","-80.0812559","1"
"322","NeedGoogleMapsAPIKey","40.5506684","-80.0803937","1"
"323","NeedGoogleMapsAPIKey","40.5508031","-80.0803115","1"
"324","NeedGoogleMapsAPIKey","40.551289","-80.0803512","1"
"325","NeedGoogleMapsAPIKey","40.5497423","-80.0807939","1"
"326","NeedGoogleMapsAPIKey","40.551169","-80.0804524","1"
"327","NeedGoogleMapsAPIKey","40.5481819","-80.0802474","1"
"328","NeedGoogleMapsAPIKey","40.5471406","-80.0806914","1"
"329","NeedGoogleMapsAPIKey","40.5499429","-80.0788848","1"
"330","NeedGoogleMapsAPIKey","40.5501162","-80.0805562","1"
"331","NeedGoogleMapsAPIKey","40.5497107","-80.0809481","1"
"332","NeedGoogleMapsAPIKey","40.5479022","-80.0803958","1"
"333","NeedGoogleMapsAPIKey","40.5481539","-80.0801484","1"
"334","NeedGoogleMapsAPIKey","40.5504095","-80.079763","1"
"335","NeedGoogleMapsAPIKey","40.547026","-80.0808664","1"
"336","NeedGoogleMapsAPIKey","40.5493622","-80.0803328","1"
"337","NeedGoogleMapsAPIKey","40.5496289","-80.0810825","1"
"338","NeedGoogleMapsAPIKey","40.5486043","-80.0799131","1"
"339","NeedGoogleMapsAPIKey","40.5480678","-80.0801892","1"
"340","NeedGoogleMapsAPIKey","40.5481242","-80.0812355","1"
"341","NeedGoogleMapsAPIKey","40.5494515","-80.0794708","1"
"342","NeedGoogleMapsAPIKey","40.55031","-80.0804426","1"
"343","NeedGoogleMapsAPIKey","40.5512748","-80.0804209","1"
"344","NeedGoogleMapsAPIKey","40.5508794","-80.0795732","1"
"345","NeedGoogleMapsAPIKey","40.5488069","-80.0796962","1"
"346","NeedGoogleMapsAPIKey","40.5512878","-80.0804543","1"
"347","NeedGoogleMapsAPIKey","40.5505936","-80.0802666","1"
"348","NeedGoogleMapsAPIKey","40.5479331","-80.0803797","1"
"349","NeedGoogleMapsAPIKey","40.5480762","-80.0812459","1"
"350","NeedGoogleMapsAPIKey","40.5493153","-80.0802661","1"
"351","NeedGoogleMapsAPIKey","40.5511109","-80.0804484","1"
"352","NeedGoogleMapsAPIKey","40.5504672","-80.0793722","1"
"353","NeedGoogleMapsAPIKey","40.5497634","-80.0801306","1"
"354","NeedGoogleMapsAPIKey","40.5504991","-80.0797403","1"
"355","NeedGoogleMapsAPIKey","40.5492028","-80.0795895","1"
"356","NeedGoogleMapsAPIKey","40.5486902","-80.0798138","1"
"357","NeedGoogleMapsAPIKey","40.5504401","-80.0795372","1"
"358","NeedGoogleMapsAPIKey","40.5498098","-80.0806947","1"
"359","NeedGoogleMapsAPIKey","40.5475062","-80.0812659","1"
"360","NeedGoogleMapsAPIKey","40.5494057","-80.0803149","1"
"361","NeedGoogleMapsAPIKey","40.5504289","-80.0796458","1"
"362","NeedGoogleMapsAPIKey","40.5493622","-80.0802026","1"
"363","NeedGoogleMapsAPIKey","40.5501128","-80.0804393","1"
"364","NeedGoogleMapsAPIKey","40.5480211","-80.0803318","1"
"365","NeedGoogleMapsAPIKey","40.5497882","-80.0799386","1"
"366","NeedGoogleMapsAPIKey","40.5482137","-80.0802333","1"
"367","NeedGoogleMapsAPIKey","40.5506632","-80.0790258","1"
"368","NeedGoogleMapsAPIKey","40.5497312","-80.080048","1"
"369","NeedGoogleMapsAPIKey","40.5475868","-80.0811521","1"
"370","NeedGoogleMapsAPIKey","40.5495432","-80.0793045","1"
"371","NeedGoogleMapsAPIKey","40.5495088","-80.0803801","1"
"372","NeedGoogleMapsAPIKey","40.5368616","-80.0831657","1"
"373","NeedGoogleMapsAPIKey","40.5393958","-80.0835623","1"
"374","NeedGoogleMapsAPIKey","40.5380864","-80.0858667","1"
"375","NeedGoogleMapsAPIKey","40.5392974","-80.0863798","1"
"376","NeedGoogleMapsAPIKey","40.5391382","-80.0826974","1"
"377","NeedGoogleMapsAPIKey","40.5386639","-80.0853318","1"
"378","NeedGoogleMapsAPIKey","40.5388222","-80.0834928","1"
"379","NeedGoogleMapsAPIKey","40.5388405","-80.0862345","1"
"380","NeedGoogleMapsAPIKey","40.5374937","-80.08278","1"
"381","NeedGoogleMapsAPIKey","40.5380086","-80.0847154","1"
"382","NeedGoogleMapsAPIKey","40.5390058","-80.0857205","1"
"383","NeedGoogleMapsAPIKey","40.5384528","-80.084966","1"
"384","NeedGoogleMapsAPIKey","40.5393168","-80.0852011","1"
"385","NeedGoogleMapsAPIKey","40.5388292","-80.0849553","1"
"386","NeedGoogleMapsAPIKey","40.5404677","-80.0855987","1"
"387","NeedGoogleMapsAPIKey","40.5383944","-80.0854376","1"
"388","NeedGoogleMapsAPIKey","40.5385311","-80.0836164","1"
"389","NeedGoogleMapsAPIKey","40.5384412","-80.0854184","1"
"390","NeedGoogleMapsAPIKey","40.5363749","-80.084122","1"
"391","NeedGoogleMapsAPIKey","40.5395921","-80.0857489","1"
"392","NeedGoogleMapsAPIKey","40.5388577","-80.0830348","1"
"393","NeedGoogleMapsAPIKey","40.5394733","-80.0845697","1"
"394","NeedGoogleMapsAPIKey","40.5389479","-80.0853598","1"
"395","NeedGoogleMapsAPIKey","40.5383681","-80.0849887","1"
"396","NeedGoogleMapsAPIKey","40.54046","-80.0842775","1"
"397","NeedGoogleMapsAPIKey","40.5389809","-80.0866525","1"
"398","NeedGoogleMapsAPIKey","40.53673","-80.0834476","1"
"399","NeedGoogleMapsAPIKey","40.5386007","-80.085016","1"
"400","NeedGoogleMapsAPIKey","40.537609","-80.1193989","1"
"401","NeedGoogleMapsAPIKey","40.5386913","-80.1186413","1"
"402","NeedGoogleMapsAPIKey","40.5386423","-80.1177329","1"
"403","NeedGoogleMapsAPIKey","40.5375107","-80.1191083","1"
"404","NeedGoogleMapsAPIKey","40.540932","-80.118115","1"
"405","NeedGoogleMapsAPIKey","40.5384803","-80.1192977","1"
"406","NeedGoogleMapsAPIKey","40.5400014","-80.1179079","1"
"407","NeedGoogleMapsAPIKey","40.5376783","-80.1179418","1"
"408","NeedGoogleMapsAPIKey","40.5380116","-80.1193848","1"
"409","NeedGoogleMapsAPIKey","40.5386144","-80.1192412","1"
"410","NeedGoogleMapsAPIKey","40.539608","-80.1164001","1"
"411","NeedGoogleMapsAPIKey","40.5376508","-80.1177054","1"
"412","NeedGoogleMapsAPIKey","40.5405631","-80.1180455","1"
"413","NeedGoogleMapsAPIKey","40.5375684","-80.1192751","1"
"414","NeedGoogleMapsAPIKey","40.5390396","-80.1195861","1"
"415","NeedGoogleMapsAPIKey","40.5386084","-80.1197417","1"
"416","NeedGoogleMapsAPIKey","40.5376642","-80.1175788","1"
"417","NeedGoogleMapsAPIKey","40.5411519","-80.1179153","1"
"418","NeedGoogleMapsAPIKey","40.5412448","-80.11847","1"
"419","NeedGoogleMapsAPIKey","40.5413431","-80.1184075","1"
"420","NeedGoogleMapsAPIKey","40.538464","-80.1198013","1"
"421","NeedGoogleMapsAPIKey","40.537677","-80.1195849","1"
"422","NeedGoogleMapsAPIKey","40.539237","-80.1207734","1"
"423","NeedGoogleMapsAPIKey","40.5373399","-80.1181512","1"
"424","NeedGoogleMapsAPIKey","40.5410267","-80.1185849","1"
"425","NeedGoogleMapsAPIKey","40.5400803","-80.1172179","1"
"426","NeedGoogleMapsAPIKey","40.5523548","-80.0799093","1"
"427","NeedGoogleMapsAPIKey","40.5524353","-80.0799137","1"
"428","NeedGoogleMapsAPIKey","40.5515823","-80.0787687","1"
"429","NeedGoogleMapsAPIKey","40.5523524","-80.0799532","1"
"430","NeedGoogleMapsAPIKey","40.5523544","-80.0798356","1"
"431","NeedGoogleMapsAPIKey","40.5512533","-80.0787866","1"
"432","NeedGoogleMapsAPIKey","40.5513811","-80.0804628","1"
"433","NeedGoogleMapsAPIKey","40.5516642","-80.078828","1"
"434","NeedGoogleMapsAPIKey","40.5514633","-80.0798187","1"
"435","NeedGoogleMapsAPIKey","40.5518819","-80.0797464","1"
"436","NeedGoogleMapsAPIKey","40.5519355","-80.0796378","1"
"437","NeedGoogleMapsAPIKey","40.5524399","-80.0797939","1"
"438","NeedGoogleMapsAPIKey","40.5517374","-80.0803161","1"
"439","NeedGoogleMapsAPIKey","40.5508277","-80.07885","1"
"440","NeedGoogleMapsAPIKey","40.5506425","-80.0789152","1"
"441","NeedGoogleMapsAPIKey","40.5517652","-80.0787239","1"
"442","NeedGoogleMapsAPIKey","40.5513964","-80.0794042","1"
"443","NeedGoogleMapsAPIKey","40.5524326","-80.0799599","1"
"444","NeedGoogleMapsAPIKey","40.5519139","-80.0802772","1"
"445","NeedGoogleMapsAPIKey","40.5516256","-80.0804467","1"
"446","NeedGoogleMapsAPIKey","40.5526882","-80.082306","1"
"447","NeedGoogleMapsAPIKey","40.5512615","-80.0798155","1"
"448","NeedGoogleMapsAPIKey","40.5513993","-80.0794631","1"
"449","NeedGoogleMapsAPIKey","40.5524415","-80.0797451","1"
"450","NeedGoogleMapsAPIKey","40.5516331","-80.0788626","1"
"451","NeedGoogleMapsAPIKey","40.5518833","-80.0795807","1"
"452","NeedGoogleMapsAPIKey","40.5516607","-80.0804417","1"
"453","NeedGoogleMapsAPIKey","40.5654417","-80.1082022","1"
"454","NeedGoogleMapsAPIKey","40.5650754","-80.1056216","1"
"455","NeedGoogleMapsAPIKey","40.5648939","-80.1067777","1"
"456","NeedGoogleMapsAPIKey","40.565748","-80.1063766","1"
"457","NeedGoogleMapsAPIKey","40.5655855","-80.1087162","1"
"458","NeedGoogleMapsAPIKey","40.5654963","-80.1085649","1"
"459","NeedGoogleMapsAPIKey","40.5657225","-80.1075295","1"
"460","NeedGoogleMapsAPIKey","40.5676661","-80.1060437","1"
"461","NeedGoogleMapsAPIKey","40.5655161","-80.1056429","1"
"462","NeedGoogleMapsAPIKey","40.5656319","-80.1088177","1"
"463","NeedGoogleMapsAPIKey","40.567251","-80.1068716","1"
"464","NeedGoogleMapsAPIKey","40.5668067","-80.1050807","1"
"465","NeedGoogleMapsAPIKey","40.5657897","-80.1069421","1"
"466","NeedGoogleMapsAPIKey","40.5655711","-80.1078528","1"
"467","NeedGoogleMapsAPIKey","40.5646177","-80.1075636","1"
"468","NeedGoogleMapsAPIKey","40.5657432","-80.1090182","1"
"469","NeedGoogleMapsAPIKey","40.5648926","-80.1063874","1"
"470","NeedGoogleMapsAPIKey","40.5656885","-80.107613","1"
"471","NeedGoogleMapsAPIKey","40.5653263","-80.1062376","1"
"472","NeedGoogleMapsAPIKey","40.5654136","-80.1067066","1"
"473","NeedGoogleMapsAPIKey","40.5672441","-80.1073222","1"
"474","NeedGoogleMapsAPIKey","40.5645482","-80.1075733","1"
"475","NeedGoogleMapsAPIKey","40.5655073","-80.1080412","1"
"476","NeedGoogleMapsAPIKey","40.5654583","-80.1070046","1"
"477","NeedGoogleMapsAPIKey","40.5652701","-80.1076487","1"
"1","Avonworth HS","40.530617","-80.077484"
