"Avonworth School District","1","425","50","50"
"1","NeedGoogleMapsAPIKey","40.511778","-80.1033882","1"
"2","NeedGoogleMapsAPIKey","40.5149131","-80.1051157","1"
"3","NeedGoogleMapsAPIKey","40.5143318","-80.1046546","1"
"4","NeedGoogleMapsAPIKey","40.5149975","-80.1046894","1"
"5","NeedGoogleMapsAPIKey","40.5144605","-80.1046429","1"
"6","NeedGoogleMapsAPIKey","40.5135287","-80.1051101","1"
"7","NeedGoogleMapsAPIKey","40.5125048","-80.1035262","1"
"8","NeedGoogleMapsAPIKey","40.5148671","-80.1032295","1"
"9","NeedGoogleMapsAPIKey","40.5136246","-80.1031465","1"
"10","NeedGoogleMapsAPIKey","40.5134717","-80.1036701","1"
"11","NeedGoogleMapsAPIKey","40.5118569","-80.1051941","1"
"12","NeedGoogleMapsAPIKey","40.5128043","-80.1027207","1"
"13","NeedGoogleMapsAPIKey","40.5146966","-80.1046612","1"
"14","NeedGoogleMapsAPIKey","40.5124974","-80.1052928","1"
"15","NeedGoogleMapsAPIKey","40.5132837","-80.1060532","1"
"16","NeedGoogleMapsAPIKey","40.5142383","-80.1037037","1"
"17","NeedGoogleMapsAPIKey","40.5129444","-80.1027176","1"
"18","NeedGoogleMapsAPIKey","40.5127741","-80.1039504","1"
"19","NeedGoogleMapsAPIKey","40.5151941","-80.1046894","1"
"20","NeedGoogleMapsAPIKey","40.5131965","-80.1036612","1"
"21","NeedGoogleMapsAPIKey","40.5133539","-80.1031072","1"
"22","NeedGoogleMapsAPIKey","40.5124877","-80.1030863","1"
"23","NeedGoogleMapsAPIKey","40.514024","-80.10499","1"
"24","NeedGoogleMapsAPIKey","40.5121886","-80.1030348","1"
"25","NeedGoogleMapsAPIKey","40.512601","-80.1030615","1"
"26","NeedGoogleMapsAPIKey","40.5137348","-80.1054656","1"
"27","NeedGoogleMapsAPIKey","40.5132871","-80.103107","1"
"28","NeedGoogleMapsAPIKey","40.5115796","-80.1044199","1"
"29","NeedGoogleMapsAPIKey","40.5129665","-80.1049635","1"
"30","NeedGoogleMapsAPIKey","40.5150599","-80.1041184","1"
"31","NeedGoogleMapsAPIKey","40.5132557","-80.1048009","1"
"32","NeedGoogleMapsAPIKey","40.5145281","-80.1046435","1"
"33","NeedGoogleMapsAPIKey","40.5136764","-80.102749","1"
"34","NeedGoogleMapsAPIKey","40.5139807","-80.1040829","1"
"35","NeedGoogleMapsAPIKey","40.5126682","-80.103066","1"
"36","NeedGoogleMapsAPIKey","40.5113745","-80.1038969","1"
"37","NeedGoogleMapsAPIKey","40.5116979","-80.1048853","1"
"38","NeedGoogleMapsAPIKey","40.513936","-80.10277","1"
"39","NeedGoogleMapsAPIKey","40.5135328","-80.1040964","1"
"40","NeedGoogleMapsAPIKey","40.5121513","-80.1001575","1"
"41","NeedGoogleMapsAPIKey","40.5137214","-80.1001701","1"
"42","NeedGoogleMapsAPIKey","40.5129868","-80.1001859","1"
"43","NeedGoogleMapsAPIKey","40.5133323","-80.0987376","1"
"44","NeedGoogleMapsAPIKey","40.5129701","-80.1004127","1"
"45","NeedGoogleMapsAPIKey","40.5129378","-80.099542","1"
"46","NeedGoogleMapsAPIKey","40.5134633","-80.1008713","1"
"47","NeedGoogleMapsAPIKey","40.5121938","-80.0996236","1"
"48","NeedGoogleMapsAPIKey","40.5140013","-80.098817","1"
"49","NeedGoogleMapsAPIKey","40.5129378","-80.099542","1"
"50","NeedGoogleMapsAPIKey","40.5139307","-80.0987946","1"
"51","NeedGoogleMapsAPIKey","40.5129378","-80.099542","1"
"52","NeedGoogleMapsAPIKey","40.5129378","-80.099542","1"
"53","NeedGoogleMapsAPIKey","40.5129378","-80.099542","1"
"54","NeedGoogleMapsAPIKey","40.5141726","-80.0997214","1"
"55","NeedGoogleMapsAPIKey","40.5134216","-80.0996841","1"
"56","NeedGoogleMapsAPIKey","40.5129269","-80.100703","1"
"57","NeedGoogleMapsAPIKey","40.5129378","-80.099542","1"
"58","NeedGoogleMapsAPIKey","40.5121513","-80.1001575","1"
"59","NeedGoogleMapsAPIKey","40.5129378","-80.099542","1"
"60","NeedGoogleMapsAPIKey","40.5129378","-80.099542","1"
"61","NeedGoogleMapsAPIKey","40.513325","-80.1009065","1"
"62","NeedGoogleMapsAPIKey","40.5121513","-80.1001575","1"
"63","NeedGoogleMapsAPIKey","40.5135775","-80.0988166","1"
"64","NeedGoogleMapsAPIKey","40.5142868","-80.0984668","1"
"65","NeedGoogleMapsAPIKey","40.5140136","-80.1001548","1"
"66","NeedGoogleMapsAPIKey","40.5133176","-80.101312","1"
"67","NeedGoogleMapsAPIKey","40.5139325","-80.0981983","1"
"68","NeedGoogleMapsAPIKey","40.5136671","-80.1009213","1"
"69","NeedGoogleMapsAPIKey","40.5129456","-80.1000598","1"
"70","NeedGoogleMapsAPIKey","40.5129378","-80.099542","1"
"71","NeedGoogleMapsAPIKey","40.5132861","-80.0997016","1"
"72","NeedGoogleMapsAPIKey","40.5143982","-80.1002009","1"
"73","NeedGoogleMapsAPIKey","40.5126655","-80.1003625","1"
"74","NeedGoogleMapsAPIKey","40.5142989","-80.0997085","1"
"75","NeedGoogleMapsAPIKey","40.5121513","-80.1001575","1"
"76","NeedGoogleMapsAPIKey","40.5129274","-80.1005814","1"
"77","NeedGoogleMapsAPIKey","40.5129378","-80.099542","1"
"78","NeedGoogleMapsAPIKey","40.5133836","-80.0979388","1"
"79","NeedGoogleMapsAPIKey","40.5124401","-80.0961292","1"
"80","NeedGoogleMapsAPIKey","40.5130819","-80.094481","1"
"81","NeedGoogleMapsAPIKey","40.512259","-80.0950927","1"
"82","NeedGoogleMapsAPIKey","40.5126985","-80.0946906","1"
"83","NeedGoogleMapsAPIKey","40.515007","-80.0957204","1"
"84","NeedGoogleMapsAPIKey","40.5151812","-80.0946478","1"
"85","NeedGoogleMapsAPIKey","40.5140027","-80.0947263","1"
"86","NeedGoogleMapsAPIKey","40.512999","-80.0975174","1"
"87","NeedGoogleMapsAPIKey","40.5126575","-80.0974991","1"
"88","NeedGoogleMapsAPIKey","40.5135165","-80.0947209","1"
"89","NeedGoogleMapsAPIKey","40.5122075","-80.0954787","1"
"90","NeedGoogleMapsAPIKey","40.5129613","-80.097519","1"
"91","NeedGoogleMapsAPIKey","40.5120095","-80.0974661","1"
"92","NeedGoogleMapsAPIKey","40.5118009","-80.0969249","1"
"93","NeedGoogleMapsAPIKey","40.5143736","-80.0955926","1"
"94","NeedGoogleMapsAPIKey","40.512648","-80.0950983","1"
"95","NeedGoogleMapsAPIKey","40.5141704","-80.0958633","1"
"96","NeedGoogleMapsAPIKey","40.5130075","-80.0960545","1"
"97","NeedGoogleMapsAPIKey","40.5138542","-80.0947215","1"
"98","NeedGoogleMapsAPIKey","40.5139579","-80.0977164","1"
"99","NeedGoogleMapsAPIKey","40.5134066","-80.0970355","1"
"100","NeedGoogleMapsAPIKey","40.5138321","-80.0958389","1"
"101","NeedGoogleMapsAPIKey","40.5143056","-80.0974694","1"
"102","NeedGoogleMapsAPIKey","40.5128828","-80.0965326","1"
"103","NeedGoogleMapsAPIKey","40.5157482","-80.0955127","1"
"104","NeedGoogleMapsAPIKey","40.5136986","-80.0970668","1"
"105","NeedGoogleMapsAPIKey","40.5130235","-80.0980537","1"
"106","NeedGoogleMapsAPIKey","40.513069","-80.0955943","1"
"107","NeedGoogleMapsAPIKey","40.5128904","-80.096698","1"
"108","NeedGoogleMapsAPIKey","40.5128852","-80.0961834","1"
"109","NeedGoogleMapsAPIKey","40.5129591","-80.0982781","1"
"110","NeedGoogleMapsAPIKey","40.5134612","-80.094153","1"
"111","NeedGoogleMapsAPIKey","40.5138329","-80.0960181","1"
"112","NeedGoogleMapsAPIKey","40.5122064","-80.0969833","1"
"113","NeedGoogleMapsAPIKey","40.512506","-80.0969545","1"
"114","NeedGoogleMapsAPIKey","40.5124569","-80.0974622","1"
"115","NeedGoogleMapsAPIKey","40.5125612","-80.0957465","1"
"116","NeedGoogleMapsAPIKey","40.5126255","-80.0979628","1"
"117","NeedGoogleMapsAPIKey","40.513143","-80.0958038","1"
"118","NeedGoogleMapsAPIKey","40.5127866","-80.0979828","1"
"119","NeedGoogleMapsAPIKey","40.5136665","-80.088124","1"
"120","NeedGoogleMapsAPIKey","40.5110882","-80.0892483","1"
"121","NeedGoogleMapsAPIKey","40.5136674","-80.0879697","1"
"122","NeedGoogleMapsAPIKey","40.5127187","-80.0900886","1"
"123","NeedGoogleMapsAPIKey","40.5121637","-80.0890983","1"
"124","NeedGoogleMapsAPIKey","40.5129106","-80.0891901","1"
"125","NeedGoogleMapsAPIKey","40.514679","-80.0873306","1"
"126","NeedGoogleMapsAPIKey","40.5117685","-80.0889087","1"
"127","NeedGoogleMapsAPIKey","40.51113","-80.0894822","1"
"128","NeedGoogleMapsAPIKey","40.5117227","-80.0902102","1"
"129","NeedGoogleMapsAPIKey","40.5125455","-80.090763","1"
"130","NeedGoogleMapsAPIKey","40.51141","-80.088566","1"
"131","NeedGoogleMapsAPIKey","40.5121482","-80.0894162","1"
"132","NeedGoogleMapsAPIKey","40.5128872","-80.0895494","1"
"133","NeedGoogleMapsAPIKey","40.5117862","-80.0887438","1"
"134","NeedGoogleMapsAPIKey","40.5140217","-80.0883047","1"
"135","NeedGoogleMapsAPIKey","40.5125611","-80.0876834","1"
"136","NeedGoogleMapsAPIKey","40.5121903","-80.088243","1"
"137","NeedGoogleMapsAPIKey","40.511162","-80.0881479","1"
"138","NeedGoogleMapsAPIKey","40.5117588","-80.0895793","1"
"139","NeedGoogleMapsAPIKey","40.514344","-80.0873312","1"
"140","NeedGoogleMapsAPIKey","40.5132354","-80.0891147","1"
"141","NeedGoogleMapsAPIKey","40.5124833","-80.0895491","1"
"142","NeedGoogleMapsAPIKey","40.5121805","-80.0904117","1"
"143","NeedGoogleMapsAPIKey","40.5142493","-80.0887134","1"
"144","NeedGoogleMapsAPIKey","40.5117634","-80.089233","1"
"145","NeedGoogleMapsAPIKey","40.5129237","-80.0890042","1"
"146","NeedGoogleMapsAPIKey","40.5132614","-80.088859","1"
"147","NeedGoogleMapsAPIKey","40.512914","-80.0893662","1"
"148","NeedGoogleMapsAPIKey","40.5153199","-80.0883372","1"
"149","NeedGoogleMapsAPIKey","40.5125106","-80.0887689","1"
"150","NeedGoogleMapsAPIKey","40.5133302","-80.0877663","1"
"151","NeedGoogleMapsAPIKey","40.5136594","-80.0883084","1"
"152","NeedGoogleMapsAPIKey","40.5136486","-80.0874589","1"
"153","NeedGoogleMapsAPIKey","40.5139668","-80.0883028","1"
"154","NeedGoogleMapsAPIKey","40.5113059","-80.088172","1"
"155","NeedGoogleMapsAPIKey","40.5089517","-80.0958417","1"
"156","NeedGoogleMapsAPIKey","40.5095402","-80.0947987","1"
"157","NeedGoogleMapsAPIKey","40.5115808","-80.0974512","1"
"158","NeedGoogleMapsAPIKey","40.5091766","-80.0972886","1"
"159","NeedGoogleMapsAPIKey","40.5099196","-80.0969768","1"
"160","NeedGoogleMapsAPIKey","40.5110972","-80.0966852","1"
"161","NeedGoogleMapsAPIKey","40.5099196","-80.0969768","1"
"162","NeedGoogleMapsAPIKey","40.5110972","-80.0966852","1"
"163","NeedGoogleMapsAPIKey","40.5099196","-80.0969768","1"
"164","NeedGoogleMapsAPIKey","40.5099196","-80.0969768","1"
"165","NeedGoogleMapsAPIKey","40.5099196","-80.0969768","1"
"166","NeedGoogleMapsAPIKey","40.5117357","-80.094964","1"
"167","NeedGoogleMapsAPIKey","40.5095402","-80.0947987","1"
"168","NeedGoogleMapsAPIKey","40.5111927","-80.0950415","1"
"169","NeedGoogleMapsAPIKey","40.5098247","-80.0945309","1"
"170","NeedGoogleMapsAPIKey","40.5099196","-80.0969768","1"
"171","NeedGoogleMapsAPIKey","40.5109349","-80.0969241","1"
"172","NeedGoogleMapsAPIKey","40.5098172","-80.0976689","1"
"173","NeedGoogleMapsAPIKey","40.5114746","-80.0963857","1"
"174","NeedGoogleMapsAPIKey","40.5099196","-80.0969768","1"
"175","NeedGoogleMapsAPIKey","40.5107565","-80.0969034","1"
"176","NeedGoogleMapsAPIKey","40.5123716","-80.0943587","1"
"177","NeedGoogleMapsAPIKey","40.5116472","-80.095538","1"
"178","NeedGoogleMapsAPIKey","40.5092524","-80.0947988","1"
"179","NeedGoogleMapsAPIKey","40.5096785","-80.0976586","1"
"180","NeedGoogleMapsAPIKey","40.5099196","-80.0969768","1"
"181","NeedGoogleMapsAPIKey","40.5110917","-80.0969238","1"
"182","NeedGoogleMapsAPIKey","40.5092524","-80.0947988","1"
"183","NeedGoogleMapsAPIKey","40.5109439","-80.0966601","1"
"184","NeedGoogleMapsAPIKey","40.5109439","-80.0966601","1"
"185","NeedGoogleMapsAPIKey","40.5114674","-80.0968223","1"
"186","NeedGoogleMapsAPIKey","40.509143","-80.0964531","1"
"187","NeedGoogleMapsAPIKey","40.5114674","-80.0968223","1"
"188","NeedGoogleMapsAPIKey","40.5109349","-80.0969241","1"
"189","NeedGoogleMapsAPIKey","40.5088653","-80.0958373","1"
"190","NeedGoogleMapsAPIKey","40.5099196","-80.0969768","1"
"191","NeedGoogleMapsAPIKey","40.5113438","-80.0950342","1"
"192","NeedGoogleMapsAPIKey","40.5116472","-80.095538","1"
"193","NeedGoogleMapsAPIKey","40.5094002","-80.0947939","1"
"194","NeedGoogleMapsAPIKey","40.5115163","-80.0939371","1"
"195","NeedGoogleMapsAPIKey","40.5099196","-80.0969768","1"
"196","NeedGoogleMapsAPIKey","40.5099196","-80.0969768","1"
"197","NeedGoogleMapsAPIKey","40.5109349","-80.0969241","1"
"198","NeedGoogleMapsAPIKey","40.5099196","-80.0969768","1"
"199","NeedGoogleMapsAPIKey","40.5099196","-80.0969768","1"
"200","NeedGoogleMapsAPIKey","40.5111967","-80.0939354","1"
"201","NeedGoogleMapsAPIKey","40.5099196","-80.0969768","1"
"202","NeedGoogleMapsAPIKey","40.5112277","-80.0954018","1"
"203","NeedGoogleMapsAPIKey","40.5095736","-80.0959371","1"
"204","NeedGoogleMapsAPIKey","40.5090676","-80.0970038","1"
"205","NeedGoogleMapsAPIKey","40.5107646","-80.0966538","1"
"206","NeedGoogleMapsAPIKey","40.5090931","-80.0958438","1"
"207","NeedGoogleMapsAPIKey","40.5101881","-80.0977023","1"
"208","NeedGoogleMapsAPIKey","40.5110186","-80.0953942","1"
"209","NeedGoogleMapsAPIKey","40.5099196","-80.0969768","1"
"210","NeedGoogleMapsAPIKey","40.5114674","-80.0968223","1"
"211","NeedGoogleMapsAPIKey","40.5099196","-80.0969768","1"
"212","NeedGoogleMapsAPIKey","40.5095402","-80.0947987","1"
"213","NeedGoogleMapsAPIKey","40.5116472","-80.095538","1"
"214","NeedGoogleMapsAPIKey","40.5099196","-80.0969768","1"
"215","NeedGoogleMapsAPIKey","40.5110696","-80.0961022","1"
"216","NeedGoogleMapsAPIKey","40.5099196","-80.0969768","1"
"217","NeedGoogleMapsAPIKey","40.5083077","-80.0940292","1"
"218","NeedGoogleMapsAPIKey","40.5079543","-80.094096","1"
"219","NeedGoogleMapsAPIKey","40.5078377","-80.0935512","1"
"220","NeedGoogleMapsAPIKey","40.5080117","-80.0943139","1"
"221","NeedGoogleMapsAPIKey","40.5079543","-80.094096","1"
"222","NeedGoogleMapsAPIKey","40.5081418","-80.0934496","1"
"223","NeedGoogleMapsAPIKey","40.5086585","-80.0953099","1"
"224","NeedGoogleMapsAPIKey","40.5092033","-80.0930886","1"
"225","NeedGoogleMapsAPIKey","40.508638","-80.0959571","1"
"226","NeedGoogleMapsAPIKey","40.5074449","-80.0935559","1"
"227","NeedGoogleMapsAPIKey","40.5078159","-80.0946794","1"
"228","NeedGoogleMapsAPIKey","40.5080117","-80.0943139","1"
"229","NeedGoogleMapsAPIKey","40.5081823","-80.0919803","1"
"230","NeedGoogleMapsAPIKey","40.5075535","-80.0939159","1"
"231","NeedGoogleMapsAPIKey","40.5078796","-80.0939092","1"
"232","NeedGoogleMapsAPIKey","40.5079543","-80.094096","1"
"233","NeedGoogleMapsAPIKey","40.5090806","-80.0937635","1"
"234","NeedGoogleMapsAPIKey","40.5076406","-80.0941578","1"
"235","NeedGoogleMapsAPIKey","40.5081418","-80.0934496","1"
"236","NeedGoogleMapsAPIKey","40.5082972","-80.0937356","1"
"237","NeedGoogleMapsAPIKey","40.5075535","-80.0939159","1"
"238","NeedGoogleMapsAPIKey","40.5078159","-80.0946794","1"
"239","NeedGoogleMapsAPIKey","40.5076963","-80.0943209","1"
"240","NeedGoogleMapsAPIKey","40.5075535","-80.0939159","1"
"241","NeedGoogleMapsAPIKey","40.5092124","-80.092963","1"
"242","NeedGoogleMapsAPIKey","40.5080117","-80.0943139","1"
"243","NeedGoogleMapsAPIKey","40.5076963","-80.0943209","1"
"244","NeedGoogleMapsAPIKey","40.5077748","-80.0945431","1"
"245","NeedGoogleMapsAPIKey","40.5078377","-80.0935512","1"
"246","NeedGoogleMapsAPIKey","40.5083077","-80.0940292","1"
"247","NeedGoogleMapsAPIKey","40.5079766","-80.0934971","1"
"248","NeedGoogleMapsAPIKey","40.5083077","-80.0940292","1"
"249","NeedGoogleMapsAPIKey","40.5079766","-80.0934971","1"
"250","NeedGoogleMapsAPIKey","40.5077748","-80.0945431","1"
"251","NeedGoogleMapsAPIKey","40.5074449","-80.0935559","1"
"252","NeedGoogleMapsAPIKey","40.5081418","-80.0934496","1"
"253","NeedGoogleMapsAPIKey","40.5093049","-80.0941315","1"
"254","NeedGoogleMapsAPIKey","40.5078377","-80.0935512","1"
"255","NeedGoogleMapsAPIKey","40.5094367","-80.0941055","1"
"256","NeedGoogleMapsAPIKey","40.5114476","-80.0848692","1"
"257","NeedGoogleMapsAPIKey","40.510648","-80.0828797","1"
"258","NeedGoogleMapsAPIKey","40.5086036","-80.0840795","1"
"259","NeedGoogleMapsAPIKey","40.5080572","-80.0853726","1"
"260","NeedGoogleMapsAPIKey","40.5091478","-80.0853096","1"
"261","NeedGoogleMapsAPIKey","40.5088872","-80.082519","1"
"262","NeedGoogleMapsAPIKey","40.5091294","-80.0852621","1"
"263","NeedGoogleMapsAPIKey","40.5110071","-80.0851684","1"
"264","NeedGoogleMapsAPIKey","40.5091294","-80.0852621","1"
"265","NeedGoogleMapsAPIKey","40.5099894","-80.0835933","1"
"266","NeedGoogleMapsAPIKey","40.5087338","-80.0826076","1"
"267","NeedGoogleMapsAPIKey","40.5090913","-80.0822951","1"
"268","NeedGoogleMapsAPIKey","40.5083014","-80.0823581","1"
"269","NeedGoogleMapsAPIKey","40.5104227","-80.0839616","1"
"270","NeedGoogleMapsAPIKey","40.509635","-80.0849794","1"
"271","NeedGoogleMapsAPIKey","40.5084563","-80.0831841","1"
"272","NeedGoogleMapsAPIKey","40.5079299","-80.083395","1"
"273","NeedGoogleMapsAPIKey","40.5091478","-80.0853096","1"
"274","NeedGoogleMapsAPIKey","40.5091684","-80.0822312","1"
"275","NeedGoogleMapsAPIKey","40.5109599","-80.0837262","1"
"276","NeedGoogleMapsAPIKey","40.5091893","-80.0854118","1"
"277","NeedGoogleMapsAPIKey","40.5082945","-80.0834785","1"
"278","NeedGoogleMapsAPIKey","40.5079918","-80.0839346","1"
"279","NeedGoogleMapsAPIKey","40.5084446","-80.0841899","1"
"280","NeedGoogleMapsAPIKey","40.5097766","-80.0857168","1"
"281","NeedGoogleMapsAPIKey","40.5093124","-80.0859144","1"
"282","NeedGoogleMapsAPIKey","40.5089737","-80.0848876","1"
"283","NeedGoogleMapsAPIKey","40.5085929","-80.0833655","1"
"284","NeedGoogleMapsAPIKey","40.5096246","-80.0854673","1"
"285","NeedGoogleMapsAPIKey","40.5087371","-80.0833154","1"
"286","NeedGoogleMapsAPIKey","40.5094158","-80.085038","1"
"287","NeedGoogleMapsAPIKey","40.5092584","-80.082915","1"
"288","NeedGoogleMapsAPIKey","40.5094821","-80.0852058","1"
"289","NeedGoogleMapsAPIKey","40.5093512","-80.0828376","1"
"290","NeedGoogleMapsAPIKey","40.5089717","-80.0853932","1"
"291","NeedGoogleMapsAPIKey","40.5078429","-80.0847108","1"
"292","NeedGoogleMapsAPIKey","40.5097122","-80.0838312","1"
"293","NeedGoogleMapsAPIKey","40.5078688","-80.0839991","1"
"294","NeedGoogleMapsAPIKey","40.5088412","-80.0819281","1"
"295","NeedGoogleMapsAPIKey","40.5087463","-80.0844386","1"
"296","NeedGoogleMapsAPIKey","40.5099635","-80.0842547","1"
"297","NeedGoogleMapsAPIKey","40.50873","-80.0843839","1"
"298","NeedGoogleMapsAPIKey","40.5089585","-80.08315","1"
"299","NeedGoogleMapsAPIKey","40.5115351","-80.0836072","1"
"300","NeedGoogleMapsAPIKey","40.5076713","-80.0836472","1"
"301","NeedGoogleMapsAPIKey","40.511166","-80.084264","1"
"302","NeedGoogleMapsAPIKey","40.5109715","-80.0821177","1"
"303","NeedGoogleMapsAPIKey","40.5093297","-80.0817446","1"
"304","NeedGoogleMapsAPIKey","40.5098507","-80.0799894","1"
"305","NeedGoogleMapsAPIKey","40.5096272","-80.0810786","1"
"306","NeedGoogleMapsAPIKey","40.5074968","-80.0786831","1"
"307","NeedGoogleMapsAPIKey","40.5090085","-80.0800581","1"
"308","NeedGoogleMapsAPIKey","40.508731","-80.0789763","1"
"309","NeedGoogleMapsAPIKey","40.5095005","-80.0798312","1"
"310","NeedGoogleMapsAPIKey","40.5076349","-80.0795293","1"
"311","NeedGoogleMapsAPIKey","40.509971","-80.0805174","1"
"312","NeedGoogleMapsAPIKey","40.5082938","-80.0788128","1"
"313","NeedGoogleMapsAPIKey","40.5086373","-80.0809684","1"
"314","NeedGoogleMapsAPIKey","40.5081304","-80.080997","1"
"315","NeedGoogleMapsAPIKey","40.5089296","-80.0818463","1"
"316","NeedGoogleMapsAPIKey","40.5074764","-80.078509","1"
"317","NeedGoogleMapsAPIKey","40.5093052","-80.079559","1"
"318","NeedGoogleMapsAPIKey","40.5087968","-80.079404","1"
"319","NeedGoogleMapsAPIKey","40.5109293","-80.0786894","1"
"320","NeedGoogleMapsAPIKey","40.5075582","-80.0790406","1"
"321","NeedGoogleMapsAPIKey","40.5111292","-80.0801511","1"
"322","NeedGoogleMapsAPIKey","40.5097","-80.0790413","1"
"323","NeedGoogleMapsAPIKey","40.5076084","-80.0793579","1"
"324","NeedGoogleMapsAPIKey","40.5093751","-80.0785573","1"
"325","NeedGoogleMapsAPIKey","40.5090626","-80.0809404","1"
"326","NeedGoogleMapsAPIKey","40.5081033","-80.0797926","1"
"327","NeedGoogleMapsAPIKey","40.5073675","-80.0805371","1"
"328","NeedGoogleMapsAPIKey","40.5102351","-80.0800034","1"
"329","NeedGoogleMapsAPIKey","40.5098327","-80.079778","1"
"330","NeedGoogleMapsAPIKey","40.509467","-80.0803075","1"
"331","NeedGoogleMapsAPIKey","40.5084147","-80.0794904","1"
"332","NeedGoogleMapsAPIKey","40.5097051","-80.0815055","1"
"333","NeedGoogleMapsAPIKey","40.5093622","-80.07943","1"
"334","NeedGoogleMapsAPIKey","40.5094538","-80.0814611","1"
"335","NeedGoogleMapsAPIKey","40.5100059","-80.0810903","1"
"336","NeedGoogleMapsAPIKey","40.508232","-80.0778972","1"
"337","NeedGoogleMapsAPIKey","40.509234","-80.0810625","1"
"338","NeedGoogleMapsAPIKey","40.5087464","-80.0790424","1"
"339","NeedGoogleMapsAPIKey","40.5103084","-80.0781607","1"
"340","NeedGoogleMapsAPIKey","40.5021986","-80.0765402","1"
"341","NeedGoogleMapsAPIKey","40.5043883","-80.0768626","1"
"342","NeedGoogleMapsAPIKey","40.5032367","-80.0755634","1"
"343","NeedGoogleMapsAPIKey","40.5022188","-80.0756003","1"
"344","NeedGoogleMapsAPIKey","40.5043827","-80.0761836","1"
"345","NeedGoogleMapsAPIKey","40.5039831","-80.0775791","1"
"346","NeedGoogleMapsAPIKey","40.5035181","-80.0763027","1"
"347","NeedGoogleMapsAPIKey","40.5037129","-80.0781091","1"
"348","NeedGoogleMapsAPIKey","40.5028763","-80.0760305","1"
"349","NeedGoogleMapsAPIKey","40.5041752","-80.0771396","1"
"350","NeedGoogleMapsAPIKey","40.5045962","-80.076832","1"
"351","NeedGoogleMapsAPIKey","40.5028865","-80.0773669","1"
"352","NeedGoogleMapsAPIKey","40.5047068","-80.0768089","1"
"353","NeedGoogleMapsAPIKey","40.5043064","-80.0770816","1"
"354","NeedGoogleMapsAPIKey","40.5029165","-80.0776356","1"
"355","NeedGoogleMapsAPIKey","40.5030288","-80.077024","1"
"356","NeedGoogleMapsAPIKey","40.5045895","-80.0779538","1"
"357","NeedGoogleMapsAPIKey","40.5053297","-80.0775983","1"
"358","NeedGoogleMapsAPIKey","40.5039242","-80.0772263","1"
"359","NeedGoogleMapsAPIKey","40.5037878","-80.0772665","1"
"360","NeedGoogleMapsAPIKey","40.502446","-80.077043","1"
"361","NeedGoogleMapsAPIKey","40.5026571","-80.077645","1"
"362","NeedGoogleMapsAPIKey","40.5046866","-80.0765132","1"
"363","NeedGoogleMapsAPIKey","40.5038557","-80.0776486","1"
"364","NeedGoogleMapsAPIKey","40.5025907","-80.0770437","1"
"365","NeedGoogleMapsAPIKey","40.5034291","-80.0769166","1"
"366","NeedGoogleMapsAPIKey","40.5043757","-80.0758405","1"
"367","NeedGoogleMapsAPIKey","40.5026155","-80.0756201","1"
"368","NeedGoogleMapsAPIKey","40.5041533","-80.0761365","1"
"369","NeedGoogleMapsAPIKey","40.5049056","-80.0758106","1"
"370","NeedGoogleMapsAPIKey","40.5049067","-80.0761755","1"
"371","NeedGoogleMapsAPIKey","40.5027187","-80.076564","1"
"372","NeedGoogleMapsAPIKey","40.5021062","-80.0773897","1"
"373","NeedGoogleMapsAPIKey","40.5039831","-80.0775791","1"
"374","NeedGoogleMapsAPIKey","40.5039018","-80.0760918","1"
"375","NeedGoogleMapsAPIKey","40.50377","-80.0760916","1"
"376","NeedGoogleMapsAPIKey","40.503033","-80.075178","1"
"377","NeedGoogleMapsAPIKey","40.5053976","-80.0767039","1"
"378","NeedGoogleMapsAPIKey","40.5041149","-80.0757887","1"
"379","NeedGoogleMapsAPIKey","40.5036428","-80.0758091","1"
"380","NeedGoogleMapsAPIKey","40.5039831","-80.0775791","1"
"381","NeedGoogleMapsAPIKey","40.5043601","-80.0765843","1"
"382","NeedGoogleMapsAPIKey","40.5045021","-80.0775781","1"
"383","NeedGoogleMapsAPIKey","40.502228","-80.0776317","1"
"384","NeedGoogleMapsAPIKey","40.5021609","-80.0775266","1"
"385","NeedGoogleMapsAPIKey","40.5049981","-80.0761937","1"
"386","NeedGoogleMapsAPIKey","40.504678","-80.0761971","1"
"387","NeedGoogleMapsAPIKey","40.5390009","-80.0843224","1"
"388","NeedGoogleMapsAPIKey","40.5404041","-80.0850551","1"
"389","NeedGoogleMapsAPIKey","40.5397931","-80.0862513","1"
"390","NeedGoogleMapsAPIKey","40.5380055","-80.082589","1"
"391","NeedGoogleMapsAPIKey","40.5394262","-80.0841922","1"
"392","NeedGoogleMapsAPIKey","40.539525","-80.0855894","1"
"393","NeedGoogleMapsAPIKey","40.5385828","-80.085361","1"
"394","NeedGoogleMapsAPIKey","40.5393958","-80.0835623","1"
"395","NeedGoogleMapsAPIKey","40.5382593","-80.0861388","1"
"396","NeedGoogleMapsAPIKey","40.53673","-80.0834476","1"
"397","NeedGoogleMapsAPIKey","40.5387282","-80.0829442","1"
"398","NeedGoogleMapsAPIKey","40.5381715","-80.0838004","1"
"399","NeedGoogleMapsAPIKey","40.5389233","-80.0851573","1"
"400","NeedGoogleMapsAPIKey","40.5384528","-80.084966","1"
"401","NeedGoogleMapsAPIKey","40.5394529","-80.085419","1"
"402","NeedGoogleMapsAPIKey","40.5384412","-80.0854184","1"
"403","NeedGoogleMapsAPIKey","40.5394733","-80.0845697","1"
"404","NeedGoogleMapsAPIKey","40.5389479","-80.0853598","1"
"405","NeedGoogleMapsAPIKey","40.5385343","-80.0835447","1"
"406","NeedGoogleMapsAPIKey","40.538644","-80.0850495","1"
"407","NeedGoogleMapsAPIKey","40.5375605","-80.0844307","1"
"408","NeedGoogleMapsAPIKey","40.5377004","-80.0837303","1"
"409","NeedGoogleMapsAPIKey","40.5396537","-80.0859253","1"
"410","NeedGoogleMapsAPIKey","40.5384031","-80.0864026","1"
"411","NeedGoogleMapsAPIKey","40.5389809","-80.0866525","1"
"412","NeedGoogleMapsAPIKey","40.5386007","-80.085016","1"
"413","NeedGoogleMapsAPIKey","40.5383305","-80.0827732","1"
"414","NeedGoogleMapsAPIKey","40.5392151","-80.0861958","1"
"415","NeedGoogleMapsAPIKey","40.5385004","-80.0844739","1"
"416","NeedGoogleMapsAPIKey","40.5390045","-80.0841448","1"
"417","NeedGoogleMapsAPIKey","40.540441","-80.0845551","1"
"418","NeedGoogleMapsAPIKey","40.5384748","-80.0857141","1"
"419","NeedGoogleMapsAPIKey","40.537914","-80.0851998","1"
"420","NeedGoogleMapsAPIKey","40.5389651","-80.0855414","1"
"421","NeedGoogleMapsAPIKey","40.5403465","-80.0853538","1"
"422","NeedGoogleMapsAPIKey","40.5379207","-80.0853039","1"
"423","NeedGoogleMapsAPIKey","40.5380345","-80.0846411","1"
"424","NeedGoogleMapsAPIKey","40.5393018","-80.083313","1"
"425","NeedGoogleMapsAPIKey","40.5393254","-80.084979","1"
"1","Avonworth Primary Center","40.54086","-80.09524"
