"Slippery Rock Area School District","2","771","50","50"
"1","NeedGoogleMapsAPIKey","40.9114419","-80.0422654","1"
"2","NeedGoogleMapsAPIKey","40.8985962","-80.043852","1"
"3","NeedGoogleMapsAPIKey","40.9047609","-80.0461478","1"
"4","NeedGoogleMapsAPIKey","40.9008838","-80.0364777","1"
"5","NeedGoogleMapsAPIKey","40.8999359","-80.0363322","1"
"6","NeedGoogleMapsAPIKey","40.9113778","-80.0735043","1"
"7","NeedGoogleMapsAPIKey","40.9201071","-80.0486775","1"
"8","NeedGoogleMapsAPIKey","40.906217","-80.0434129","1"
"9","NeedGoogleMapsAPIKey","40.8964152","-80.0834293","1"
"10","NeedGoogleMapsAPIKey","40.9294107","-80.0492163","1"
"11","NeedGoogleMapsAPIKey","40.8980219","-80.0427229","1"
"12","NeedGoogleMapsAPIKey","40.9050697","-80.0371393","1"
"13","NeedGoogleMapsAPIKey","40.9106829","-80.0484662","1"
"14","NeedGoogleMapsAPIKey","40.9078119","-80.0598603","1"
"15","NeedGoogleMapsAPIKey","40.9206726","-80.0360705","1"
"16","NeedGoogleMapsAPIKey","40.9070297","-80.0592898","1"
"17","NeedGoogleMapsAPIKey","40.8988241","-80.0446918","1"
"18","NeedGoogleMapsAPIKey","40.9243462","-80.0417957","1"
"19","NeedGoogleMapsAPIKey","40.9057311","-80.0476707","1"
"20","NeedGoogleMapsAPIKey","40.9049636","-80.0410105","1"
"21","NeedGoogleMapsAPIKey","40.9094828","-80.0466976","1"
"22","NeedGoogleMapsAPIKey","40.907262","-80.0550149","1"
"23","NeedGoogleMapsAPIKey","40.9057422","-80.0582558","1"
"24","NeedGoogleMapsAPIKey","40.9120689","-80.0746957","1"
"25","NeedGoogleMapsAPIKey","40.9011917","-80.0364254","1"
"26","NeedGoogleMapsAPIKey","40.9091538","-80.0349764","1"
"27","NeedGoogleMapsAPIKey","40.9113022","-80.0745379","1"
"28","NeedGoogleMapsAPIKey","40.9124026","-80.0671659","1"
"29","NeedGoogleMapsAPIKey","40.9073997","-80.0387501","1"
"30","NeedGoogleMapsAPIKey","40.9061738","-80.0433949","1"
"31","NeedGoogleMapsAPIKey","40.9055183","-80.0447738","1"
"32","NeedGoogleMapsAPIKey","40.8946757","-80.0826223","1"
"33","NeedGoogleMapsAPIKey","40.903622","-80.0464106","1"
"34","NeedGoogleMapsAPIKey","40.903757","-80.0493179","1"
"35","NeedGoogleMapsAPIKey","40.910924","-80.0499727","1"
"36","NeedGoogleMapsAPIKey","40.9079952","-80.042503","1"
"37","NeedGoogleMapsAPIKey","40.9003314","-80.045749","1"
"38","NeedGoogleMapsAPIKey","40.904737","-80.0497401","1"
"39","NeedGoogleMapsAPIKey","40.8854141","-80.063753","1"
"40","NeedGoogleMapsAPIKey","40.9045175","-80.0399313","1"
"41","NeedGoogleMapsAPIKey","40.905138","-80.0446878","1"
"42","NeedGoogleMapsAPIKey","40.9118697","-80.0660348","1"
"43","NeedGoogleMapsAPIKey","40.887708","-80.0452067","1"
"44","NeedGoogleMapsAPIKey","40.9182899","-80.0609479","1"
"45","NeedGoogleMapsAPIKey","40.8980067","-80.08359","1"
"46","NeedGoogleMapsAPIKey","40.9125799","-80.0527645","1"
"47","NeedGoogleMapsAPIKey","40.9080183","-80.048559","1"
"48","NeedGoogleMapsAPIKey","40.9094932","-80.0470087","1"
"49","NeedGoogleMapsAPIKey","40.8986137","-80.0361061","1"
"50","NeedGoogleMapsAPIKey","40.9042847","-80.0498211","1"
"51","NeedGoogleMapsAPIKey","40.9125328","-80.0736094","1"
"52","NeedGoogleMapsAPIKey","40.9061368","-80.0439282","1"
"53","NeedGoogleMapsAPIKey","40.9064837","-80.0524984","1"
"54","NeedGoogleMapsAPIKey","40.9095885","-80.0649898","1"
"55","NeedGoogleMapsAPIKey","40.9123403","-80.0486548","1"
"56","NeedGoogleMapsAPIKey","40.9038576","-80.046492","1"
"57","NeedGoogleMapsAPIKey","40.9046975","-80.0467384","1"
"58","NeedGoogleMapsAPIKey","40.9091792","-80.0346109","1"
"59","NeedGoogleMapsAPIKey","40.9050538","-80.0379832","1"
"60","NeedGoogleMapsAPIKey","40.8987789","-80.0862669","1"
"61","NeedGoogleMapsAPIKey","40.9046187","-80.0391574","1"
"62","NeedGoogleMapsAPIKey","40.9104058","-80.0806437","1"
"63","NeedGoogleMapsAPIKey","40.912927","-80.0502907","1"
"64","NeedGoogleMapsAPIKey","40.9091481","-80.0651039","1"
"65","NeedGoogleMapsAPIKey","40.9035379","-80.0473879","1"
"66","NeedGoogleMapsAPIKey","40.9095892","-80.0319099","1"
"67","NeedGoogleMapsAPIKey","40.9044642","-80.0797149","1"
"68","NeedGoogleMapsAPIKey","40.9051648","-80.0466767","1"
"69","NeedGoogleMapsAPIKey","40.9021931","-80.0724159","1"
"70","NeedGoogleMapsAPIKey","40.904617","-80.0487053","1"
"71","NeedGoogleMapsAPIKey","40.9263361","-80.0487786","1"
"72","NeedGoogleMapsAPIKey","40.9098586","-80.0649267","1"
"73","NeedGoogleMapsAPIKey","40.9087425","-80.0594278","1"
"74","NeedGoogleMapsAPIKey","40.9045095","-80.0562615","1"
"75","NeedGoogleMapsAPIKey","40.9230079","-80.0678225","1"
"76","NeedGoogleMapsAPIKey","40.9063886","-80.0582588","1"
"77","NeedGoogleMapsAPIKey","40.9089465","-80.0608963","1"
"78","NeedGoogleMapsAPIKey","40.9071439","-80.0380241","1"
"79","NeedGoogleMapsAPIKey","40.9046168","-80.0512515","1"
"80","NeedGoogleMapsAPIKey","40.9090805","-80.060901","1"
"81","NeedGoogleMapsAPIKey","40.8970421","-80.0555036","1"
"82","NeedGoogleMapsAPIKey","40.9115776","-80.078576","1"
"83","NeedGoogleMapsAPIKey","40.9024922","-80.0373288","1"
"84","NeedGoogleMapsAPIKey","40.8932842","-80.0759068","1"
"85","NeedGoogleMapsAPIKey","40.8939649","-80.0076545","1"
"86","NeedGoogleMapsAPIKey","40.8997596","-80.013765","1"
"87","NeedGoogleMapsAPIKey","40.9023851","-80.0143989","1"
"88","NeedGoogleMapsAPIKey","40.9041831","-80.0131927","1"
"89","NeedGoogleMapsAPIKey","40.8870456","-80.0070598","1"
"90","NeedGoogleMapsAPIKey","40.9048945","-80.0291595","1"
"91","NeedGoogleMapsAPIKey","40.9045531","-80.0135891","1"
"92","NeedGoogleMapsAPIKey","40.8877808","-80.0161734","1"
"93","NeedGoogleMapsAPIKey","40.8905963","-80.0080331","1"
"94","NeedGoogleMapsAPIKey","40.9061263","-80.0193486","1"
"95","NeedGoogleMapsAPIKey","40.9062778","-80.0182471","1"
"96","NeedGoogleMapsAPIKey","40.9041838","-80.0044927","1"
"97","NeedGoogleMapsAPIKey","40.9127254","-80.0261694","1"
"98","NeedGoogleMapsAPIKey","40.903776","-80.006704","1"
"99","NeedGoogleMapsAPIKey","40.8991123","-80.0082233","1"
"100","NeedGoogleMapsAPIKey","40.9014495","-80.014342","1"
"101","NeedGoogleMapsAPIKey","40.8949951","-80.0105106","1"
"102","NeedGoogleMapsAPIKey","40.9047125","-80.0086333","1"
"103","NeedGoogleMapsAPIKey","40.913904","-80.0238383","1"
"104","NeedGoogleMapsAPIKey","40.9011601","-80.0136446","1"
"105","NeedGoogleMapsAPIKey","40.902369","-80.0169784","1"
"106","NeedGoogleMapsAPIKey","40.8991162","-80.0182043","1"
"107","NeedGoogleMapsAPIKey","40.89308","-80.0161501","1"
"108","NeedGoogleMapsAPIKey","40.9055248","-80.0140327","1"
"109","NeedGoogleMapsAPIKey","40.8939862","-80.0187844","1"
"110","NeedGoogleMapsAPIKey","40.9020923","-80.0158124","1"
"111","NeedGoogleMapsAPIKey","40.9067307","-80.0184624","1"
"112","NeedGoogleMapsAPIKey","40.8872988","-79.9917454","1"
"113","NeedGoogleMapsAPIKey","40.9045517","-80.0010035","1"
"114","NeedGoogleMapsAPIKey","40.8886042","-79.9820143","1"
"115","NeedGoogleMapsAPIKey","40.9014712","-79.9944394","1"
"116","NeedGoogleMapsAPIKey","40.8968645","-79.9926351","1"
"117","NeedGoogleMapsAPIKey","40.9000166","-79.9817283","1"
"118","NeedGoogleMapsAPIKey","40.9013036","-79.993688","1"
"119","NeedGoogleMapsAPIKey","40.9009357","-79.9820366","1"
"120","NeedGoogleMapsAPIKey","40.9047231","-79.9800989","1"
"121","NeedGoogleMapsAPIKey","40.8943979","-79.981486","1"
"122","NeedGoogleMapsAPIKey","40.8921822","-79.9921954","1"
"123","NeedGoogleMapsAPIKey","40.9064517","-79.9779077","1"
"124","NeedGoogleMapsAPIKey","40.8894502","-79.9911362","1"
"125","NeedGoogleMapsAPIKey","40.8876969","-79.980276","1"
"126","NeedGoogleMapsAPIKey","40.8931665","-79.991292","1"
"127","NeedGoogleMapsAPIKey","40.9130161","-79.9841195","1"
"128","NeedGoogleMapsAPIKey","40.8866145","-79.9794358","1"
"129","NeedGoogleMapsAPIKey","40.8999552","-79.9938112","1"
"130","NeedGoogleMapsAPIKey","40.8935192","-79.993184","1"
"131","NeedGoogleMapsAPIKey","40.8900248","-79.9810956","1"
"132","NeedGoogleMapsAPIKey","40.8870645","-79.9790986","1"
"133","NeedGoogleMapsAPIKey","40.915166","-79.9815051","1"
"134","NeedGoogleMapsAPIKey","40.9010601","-80.0002229","1"
"135","NeedGoogleMapsAPIKey","40.8875156","-79.9776968","1"
"136","NeedGoogleMapsAPIKey","40.9024104","-79.9937863","1"
"137","NeedGoogleMapsAPIKey","40.8868969","-79.985006","1"
"138","NeedGoogleMapsAPIKey","40.9020543","-79.9939425","1"
"139","NeedGoogleMapsAPIKey","40.9016257","-79.9992574","1"
"140","NeedGoogleMapsAPIKey","40.9038847","-79.9808362","1"
"141","NeedGoogleMapsAPIKey","40.9001171","-79.9959506","1"
"142","NeedGoogleMapsAPIKey","40.8935001","-79.9917291","1"
"143","NeedGoogleMapsAPIKey","40.8930605","-79.9930405","1"
"144","NeedGoogleMapsAPIKey","40.8931559","-79.9910177","1"
"145","NeedGoogleMapsAPIKey","40.9013903","-79.9846511","1"
"146","NeedGoogleMapsAPIKey","40.9004945","-79.9957355","1"
"147","NeedGoogleMapsAPIKey","40.9003362","-79.9955435","1"
"148","NeedGoogleMapsAPIKey","40.9058512","-79.9781213","1"
"149","NeedGoogleMapsAPIKey","40.891794","-79.9914695","1"
"150","NeedGoogleMapsAPIKey","40.9027435","-79.9811358","1"
"151","NeedGoogleMapsAPIKey","40.9005522","-79.9974615","1"
"152","NeedGoogleMapsAPIKey","40.9065923","-79.9751749","1"
"153","NeedGoogleMapsAPIKey","40.8866339","-79.994613","1"
"154","NeedGoogleMapsAPIKey","40.9124792","-79.9814867","1"
"155","NeedGoogleMapsAPIKey","40.8998393","-79.9964258","1"
"156","NeedGoogleMapsAPIKey","40.8875522","-79.9823243","1"
"157","NeedGoogleMapsAPIKey","40.9021467","-79.9941054","1"
"158","NeedGoogleMapsAPIKey","40.8955348","-79.9807363","1"
"159","NeedGoogleMapsAPIKey","40.9010178","-79.9933214","1"
"160","NeedGoogleMapsAPIKey","40.8994135","-79.9950488","1"
"161","NeedGoogleMapsAPIKey","40.8931334","-79.9920892","1"
"162","NeedGoogleMapsAPIKey","40.9058468","-79.9785694","1"
"163","NeedGoogleMapsAPIKey","40.902917","-79.9835418","1"
"164","NeedGoogleMapsAPIKey","40.9006501","-79.9947014","1"
"165","NeedGoogleMapsAPIKey","40.9123189","-79.9805633","1"
"166","NeedGoogleMapsAPIKey","40.8895247","-79.981315","1"
"167","NeedGoogleMapsAPIKey","40.8926204","-79.9926866","1"
"168","NeedGoogleMapsAPIKey","40.8904991","-79.982805","1"
"169","NeedGoogleMapsAPIKey","40.9134743","-79.9815714","1"
"170","NeedGoogleMapsAPIKey","40.8892111","-79.9825495","1"
"171","NeedGoogleMapsAPIKey","40.9049491","-79.9976454","1"
"172","NeedGoogleMapsAPIKey","40.9100551","-79.9790966","1"
"173","NeedGoogleMapsAPIKey","40.8940213","-79.9909004","1"
"174","NeedGoogleMapsAPIKey","40.9133392","-79.9836966","1"
"175","NeedGoogleMapsAPIKey","40.9021736","-79.9832446","1"
"176","NeedGoogleMapsAPIKey","40.9012599","-79.9815896","1"
"177","NeedGoogleMapsAPIKey","40.9009315","-79.9951552","1"
"178","NeedGoogleMapsAPIKey","40.8925473","-79.9921556","1"
"179","NeedGoogleMapsAPIKey","40.8890297","-79.974513","1"
"180","NeedGoogleMapsAPIKey","40.9122414","-80.0016986","1"
"181","NeedGoogleMapsAPIKey","40.9205786","-80.0099422","1"
"182","NeedGoogleMapsAPIKey","40.9261627","-79.9906082","1"
"183","NeedGoogleMapsAPIKey","40.9306642","-79.9851797","1"
"184","NeedGoogleMapsAPIKey","40.9355609","-79.9988541","1"
"185","NeedGoogleMapsAPIKey","40.9226823","-79.9844996","1"
"186","NeedGoogleMapsAPIKey","40.9324286","-80.0120538","1"
"187","NeedGoogleMapsAPIKey","40.9253006","-80.0023694","1"
"188","NeedGoogleMapsAPIKey","40.9326136","-79.9833226","1"
"189","NeedGoogleMapsAPIKey","40.9238571","-80.0194621","1"
"190","NeedGoogleMapsAPIKey","40.919348","-79.9971972","1"
"191","NeedGoogleMapsAPIKey","40.9297974","-79.9863965","1"
"192","NeedGoogleMapsAPIKey","40.932587","-79.9853001","1"
"193","NeedGoogleMapsAPIKey","40.9518327","-79.9850473","1"
"194","NeedGoogleMapsAPIKey","40.9304179","-79.9838001","1"
"195","NeedGoogleMapsAPIKey","40.9284684","-79.9835588","1"
"196","NeedGoogleMapsAPIKey","40.922684","-80.0074407","1"
"197","NeedGoogleMapsAPIKey","40.9233152","-79.9986296","1"
"198","NeedGoogleMapsAPIKey","40.9283838","-79.9985155","1"
"199","NeedGoogleMapsAPIKey","40.927353","-79.9866927","1"
"200","NeedGoogleMapsAPIKey","40.9205721","-80.0145249","1"
"201","NeedGoogleMapsAPIKey","40.9353583","-80.0156931","1"
"202","NeedGoogleMapsAPIKey","40.9554235","-79.9803559","1"
"203","NeedGoogleMapsAPIKey","40.9319388","-80.0081768","1"
"204","NeedGoogleMapsAPIKey","40.9226347","-80.0085563","1"
"205","NeedGoogleMapsAPIKey","40.9228146","-80.0044722","1"
"206","NeedGoogleMapsAPIKey","40.9297514","-80.0210749","1"
"207","NeedGoogleMapsAPIKey","40.9140171","-80.0001581","1"
"208","NeedGoogleMapsAPIKey","40.9201312","-80.0140182","1"
"209","NeedGoogleMapsAPIKey","40.9354097","-79.9983217","1"
"210","NeedGoogleMapsAPIKey","40.9368594","-79.9982572","1"
"211","NeedGoogleMapsAPIKey","40.917268","-79.981899","1"
"212","NeedGoogleMapsAPIKey","40.9269839","-80.0017973","1"
"213","NeedGoogleMapsAPIKey","40.9293824","-79.9881354","1"
"214","NeedGoogleMapsAPIKey","40.9221098","-80.0066114","1"
"215","NeedGoogleMapsAPIKey","40.9325247","-80.0052086","1"
"216","NeedGoogleMapsAPIKey","40.9620255","-80.1516121","1"
"217","NeedGoogleMapsAPIKey","40.9603111","-80.1531789","1"
"218","NeedGoogleMapsAPIKey","40.9619906","-80.1524181","1"
"219","NeedGoogleMapsAPIKey","40.9431545","-80.1438256","1"
"220","NeedGoogleMapsAPIKey","40.9530746","-80.1385428","1"
"221","NeedGoogleMapsAPIKey","40.9428609","-80.1439355","1"
"222","NeedGoogleMapsAPIKey","40.9596683","-80.1507132","1"
"223","NeedGoogleMapsAPIKey","40.9417621","-80.1424503","1"
"224","NeedGoogleMapsAPIKey","40.9555618","-80.1337521","1"
"225","NeedGoogleMapsAPIKey","40.9619878","-80.152811","1"
"226","NeedGoogleMapsAPIKey","40.9623141","-80.1521419","1"
"227","NeedGoogleMapsAPIKey","40.9431853","-80.1422189","1"
"228","NeedGoogleMapsAPIKey","40.9514551","-80.1356989","1"
"229","NeedGoogleMapsAPIKey","40.9452892","-80.143994","1"
"230","NeedGoogleMapsAPIKey","40.9558855","-80.1325112","1"
"231","NeedGoogleMapsAPIKey","40.962914","-80.1530564","1"
"232","NeedGoogleMapsAPIKey","40.9557956","-80.1333919","1"
"233","NeedGoogleMapsAPIKey","40.9597269","-80.1512202","1"
"234","NeedGoogleMapsAPIKey","40.9591262","-80.1526375","1"
"235","NeedGoogleMapsAPIKey","40.9594279","-80.1536522","1"
"236","NeedGoogleMapsAPIKey","40.956739","-80.1512764","1"
"237","NeedGoogleMapsAPIKey","40.9613861","-80.1523135","1"
"238","NeedGoogleMapsAPIKey","40.9507197","-80.1376905","1"
"239","NeedGoogleMapsAPIKey","40.9415087","-80.1443049","1"
"240","NeedGoogleMapsAPIKey","40.9297371","-80.142229","1"
"241","NeedGoogleMapsAPIKey","40.9260865","-80.1292014","1"
"242","NeedGoogleMapsAPIKey","40.932532","-80.1451197","1"
"243","NeedGoogleMapsAPIKey","40.926483","-80.1534751","1"
"244","NeedGoogleMapsAPIKey","40.9105101","-80.1391342","1"
"245","NeedGoogleMapsAPIKey","40.9562734","-80.1599754","1"
"246","NeedGoogleMapsAPIKey","40.936948","-80.1488669","1"
"247","NeedGoogleMapsAPIKey","40.9369505","-80.1495113","1"
"248","NeedGoogleMapsAPIKey","40.9041568","-80.1369101","1"
"249","NeedGoogleMapsAPIKey","40.9220227","-80.1470649","1"
"250","NeedGoogleMapsAPIKey","40.9221505","-80.1426632","1"
"251","NeedGoogleMapsAPIKey","40.9221802","-80.1279654","1"
"252","NeedGoogleMapsAPIKey","40.9247703","-80.1436173","1"
"253","NeedGoogleMapsAPIKey","40.9455012","-80.1543074","1"
"254","NeedGoogleMapsAPIKey","40.9050207","-80.1432151","1"
"255","NeedGoogleMapsAPIKey","40.932494","-80.1474402","1"
"256","NeedGoogleMapsAPIKey","40.904827","-80.1380814","1"
"257","NeedGoogleMapsAPIKey","40.9352241","-80.1611554","1"
"258","NeedGoogleMapsAPIKey","40.922572","-80.131477","1"
"259","NeedGoogleMapsAPIKey","40.9516718","-80.1539244","1"
"260","NeedGoogleMapsAPIKey","40.9317094","-80.1451004","1"
"261","NeedGoogleMapsAPIKey","40.9252724","-80.1487948","1"
"262","NeedGoogleMapsAPIKey","40.9286993","-80.1251417","1"
"263","NeedGoogleMapsAPIKey","40.930777","-80.144624","1"
"264","NeedGoogleMapsAPIKey","40.9291326","-80.1429731","1"
"265","NeedGoogleMapsAPIKey","40.9234361","-80.1424521","1"
"266","NeedGoogleMapsAPIKey","40.9248686","-80.1432271","1"
"267","NeedGoogleMapsAPIKey","40.919273","-80.151478","1"
"268","NeedGoogleMapsAPIKey","40.9253899","-80.1506636","1"
"269","NeedGoogleMapsAPIKey","40.9233511","-80.1317264","1"
"270","NeedGoogleMapsAPIKey","40.9237592","-80.1432492","1"
"271","NeedGoogleMapsAPIKey","40.9253286","-80.1467963","1"
"272","NeedGoogleMapsAPIKey","40.9219095","-80.1291107","1"
"273","NeedGoogleMapsAPIKey","40.9283002","-80.1447478","1"
"274","NeedGoogleMapsAPIKey","40.928443","-80.1459508","1"
"275","NeedGoogleMapsAPIKey","40.9532995","-80.1548777","1"
"276","NeedGoogleMapsAPIKey","40.9280223","-80.1444804","1"
"277","NeedGoogleMapsAPIKey","40.9209249","-80.135023","1"
"278","NeedGoogleMapsAPIKey","40.9248207","-80.1436417","1"
"279","NeedGoogleMapsAPIKey","40.9320826","-80.145135","1"
"280","NeedGoogleMapsAPIKey","40.9253008","-80.1512108","1"
"281","NeedGoogleMapsAPIKey","40.9262378","-80.1464682","1"
"282","NeedGoogleMapsAPIKey","40.9184899","-80.1520356","1"
"283","NeedGoogleMapsAPIKey","40.9222936","-80.1189221","1"
"284","NeedGoogleMapsAPIKey","40.9587335","-80.15464","1"
"285","NeedGoogleMapsAPIKey","40.8924086","-80.1161057","1"
"286","NeedGoogleMapsAPIKey","40.9023008","-80.1422632","1"
"287","NeedGoogleMapsAPIKey","40.8942559","-80.1529549","1"
"288","NeedGoogleMapsAPIKey","40.8863657","-80.1126172","1"
"289","NeedGoogleMapsAPIKey","40.8918379","-80.1470569","1"
"290","NeedGoogleMapsAPIKey","40.9039645","-80.1146249","1"
"291","NeedGoogleMapsAPIKey","40.8866594","-80.112758","1"
"292","NeedGoogleMapsAPIKey","40.8936049","-80.1254693","1"
"293","NeedGoogleMapsAPIKey","40.8941165","-80.1417623","1"
"294","NeedGoogleMapsAPIKey","40.8883347","-80.1472383","1"
"295","NeedGoogleMapsAPIKey","40.8975604","-80.1196817","1"
"296","NeedGoogleMapsAPIKey","40.8882731","-80.1209921","1"
"297","NeedGoogleMapsAPIKey","40.8876782","-80.1255402","1"
"298","NeedGoogleMapsAPIKey","40.8886143","-80.1254982","1"
"299","NeedGoogleMapsAPIKey","40.8894446","-80.1380156","1"
"300","NeedGoogleMapsAPIKey","40.8906102","-80.139319","1"
"301","NeedGoogleMapsAPIKey","40.8973873","-80.1428056","1"
"302","NeedGoogleMapsAPIKey","40.8895578","-80.1433986","1"
"303","NeedGoogleMapsAPIKey","40.9042609","-80.1178541","1"
"304","NeedGoogleMapsAPIKey","40.8993719","-80.1245142","1"
"305","NeedGoogleMapsAPIKey","40.8949413","-80.1409061","1"
"306","NeedGoogleMapsAPIKey","40.8946872","-80.1255288","1"
"307","NeedGoogleMapsAPIKey","40.8939102","-80.1470668","1"
"308","NeedGoogleMapsAPIKey","40.9016169","-80.1119289","1"
"309","NeedGoogleMapsAPIKey","40.8963111","-80.1026797","1"
"310","NeedGoogleMapsAPIKey","40.9039845","-80.1137851","1"
"311","NeedGoogleMapsAPIKey","40.8982137","-80.1256358","1"
"312","NeedGoogleMapsAPIKey","40.9597267","-80.1538372","1"
"313","NeedGoogleMapsAPIKey","40.9611796","-80.1537705","1"
"314","NeedGoogleMapsAPIKey","40.9666912","-80.1604163","1"
"315","NeedGoogleMapsAPIKey","40.9616282","-80.1547409","1"
"316","NeedGoogleMapsAPIKey","40.9634983","-80.1588689","1"
"317","NeedGoogleMapsAPIKey","40.9710963","-80.1637804","1"
"318","NeedGoogleMapsAPIKey","40.9628376","-80.1558128","1"
"319","NeedGoogleMapsAPIKey","40.9610028","-80.1546277","1"
"320","NeedGoogleMapsAPIKey","40.9603516","-80.1566294","1"
"321","NeedGoogleMapsAPIKey","40.9628014","-80.1563673","1"
"322","NeedGoogleMapsAPIKey","40.9617487","-80.1555859","1"
"323","NeedGoogleMapsAPIKey","40.9621398","-80.1572704","1"
"324","NeedGoogleMapsAPIKey","40.9600552","-80.1539567","1"
"325","NeedGoogleMapsAPIKey","40.9618844","-80.1576198","1"
"326","NeedGoogleMapsAPIKey","40.9598834","-80.156022","1"
"327","NeedGoogleMapsAPIKey","40.9613584","-80.1537818","1"
"328","NeedGoogleMapsAPIKey","40.9625458","-80.1549001","1"
"329","NeedGoogleMapsAPIKey","40.9605828","-80.1553792","1"
"330","NeedGoogleMapsAPIKey","40.9620632","-80.1562517","1"
"331","NeedGoogleMapsAPIKey","40.9627419","-80.1570758","1"
"332","NeedGoogleMapsAPIKey","40.9621313","-80.1577551","1"
"333","NeedGoogleMapsAPIKey","40.9611313","-80.1565364","1"
"334","NeedGoogleMapsAPIKey","41.1367554","-80.0139934","1"
"335","NeedGoogleMapsAPIKey","41.1171886","-80.0113173","1"
"336","NeedGoogleMapsAPIKey","41.1397626","-80.0151902","1"
"337","NeedGoogleMapsAPIKey","41.1058097","-80.0073081","1"
"338","NeedGoogleMapsAPIKey","41.1016506","-80.0114343","1"
"339","NeedGoogleMapsAPIKey","41.1365177","-80.0130149","1"
"340","NeedGoogleMapsAPIKey","41.1128732","-80.0330523","1"
"341","NeedGoogleMapsAPIKey","41.1348085","-80.0062067","1"
"342","NeedGoogleMapsAPIKey","41.1367143","-80.0067799","1"
"343","NeedGoogleMapsAPIKey","41.1220817","-80.0053565","1"
"344","NeedGoogleMapsAPIKey","41.1357808","-80.0059788","1"
"345","NeedGoogleMapsAPIKey","41.1365039","-80.0093969","1"
"346","NeedGoogleMapsAPIKey","41.1355353","-80.0218849","1"
"347","NeedGoogleMapsAPIKey","41.1214847","-80.0045146","1"
"348","NeedGoogleMapsAPIKey","41.1354947","-80.0127566","1"
"349","NeedGoogleMapsAPIKey","41.1450875","-79.9937116","1"
"350","NeedGoogleMapsAPIKey","41.155175","-80.0037258","1"
"351","NeedGoogleMapsAPIKey","41.1066734","-79.9958779","1"
"352","NeedGoogleMapsAPIKey","41.1198985","-80.0092625","1"
"353","NeedGoogleMapsAPIKey","41.1058416","-80.0083367","1"
"354","NeedGoogleMapsAPIKey","41.1295273","-79.9874276","1"
"355","NeedGoogleMapsAPIKey","41.1221273","-80.0239143","1"
"356","NeedGoogleMapsAPIKey","41.1367276","-80.0287361","1"
"357","NeedGoogleMapsAPIKey","41.1063258","-80.0105589","1"
"358","NeedGoogleMapsAPIKey","41.124162","-79.9866144","1"
"359","NeedGoogleMapsAPIKey","41.1198571","-80.0009193","1"
"360","NeedGoogleMapsAPIKey","41.1367189","-80.0045588","1"
"361","NeedGoogleMapsAPIKey","41.1337105","-79.9983621","1"
"362","NeedGoogleMapsAPIKey","41.1010601","-80.0126404","1"
"363","NeedGoogleMapsAPIKey","41.1054954","-80.0240303","1"
"364","NeedGoogleMapsAPIKey","41.1327425","-79.9964774","1"
"365","NeedGoogleMapsAPIKey","41.1371733","-80.005424","1"
"366","NeedGoogleMapsAPIKey","41.1440101","-80.0092233","1"
"367","NeedGoogleMapsAPIKey","41.1348576","-80.0204528","1"
"368","NeedGoogleMapsAPIKey","41.140103","-79.997028","1"
"369","NeedGoogleMapsAPIKey","41.1370485","-79.9918663","1"
"370","NeedGoogleMapsAPIKey","41.1369609","-80.0088459","1"
"371","NeedGoogleMapsAPIKey","41.1372234","-80.003805","1"
"372","NeedGoogleMapsAPIKey","41.1060906","-80.0074296","1"
"373","NeedGoogleMapsAPIKey","41.1240489","-80.0193598","1"
"374","NeedGoogleMapsAPIKey","41.1358165","-80.0024868","1"
"375","NeedGoogleMapsAPIKey","41.1057001","-79.9982372","1"
"376","NeedGoogleMapsAPIKey","41.1381803","-80.0224045","1"
"377","NeedGoogleMapsAPIKey","41.1359193","-80.007491","1"
"378","NeedGoogleMapsAPIKey","41.1229866","-80.0057077","1"
"379","NeedGoogleMapsAPIKey","41.138468","-80.0232688","1"
"380","NeedGoogleMapsAPIKey","41.1292788","-80.0094328","1"
"381","NeedGoogleMapsAPIKey","41.1354671","-80.0085331","1"
"382","NeedGoogleMapsAPIKey","41.1026329","-80.0121599","1"
"383","NeedGoogleMapsAPIKey","41.1058792","-79.9955976","1"
"384","NeedGoogleMapsAPIKey","41.1163678","-80.0077179","1"
"385","NeedGoogleMapsAPIKey","41.1354803","-80.0146723","1"
"386","NeedGoogleMapsAPIKey","41.1342308","-79.9820649","1"
"387","NeedGoogleMapsAPIKey","41.1377763","-80.0208245","1"
"388","NeedGoogleMapsAPIKey","41.1192422","-79.9897258","1"
"389","NeedGoogleMapsAPIKey","41.1355187","-80.0228438","1"
"390","NeedGoogleMapsAPIKey","41.1410703","-80.0155378","1"
"391","NeedGoogleMapsAPIKey","41.1365637","-80.0131496","1"
"392","NeedGoogleMapsAPIKey","41.1060693","-80.0078575","1"
"393","NeedGoogleMapsAPIKey","41.1006944","-80.012861","1"
"394","NeedGoogleMapsAPIKey","41.1400424","-80.0285464","1"
"395","NeedGoogleMapsAPIKey","41.1420369","-80.0090513","1"
"396","NeedGoogleMapsAPIKey","41.133633","-80.0034106","1"
"397","NeedGoogleMapsAPIKey","41.1357677","-80.0046973","1"
"398","NeedGoogleMapsAPIKey","41.1507169","-80.0126033","1"
"399","NeedGoogleMapsAPIKey","41.1359089","-80.0288013","1"
"400","NeedGoogleMapsAPIKey","41.1364654","-80.0103308","1"
"401","NeedGoogleMapsAPIKey","41.1328523","-80.0123207","1"
"402","NeedGoogleMapsAPIKey","41.1328916","-80.0115591","1"
"403","NeedGoogleMapsAPIKey","41.1416236","-80.0107645","1"
"404","NeedGoogleMapsAPIKey","41.1395423","-80.0092933","1"
"405","NeedGoogleMapsAPIKey","41.1360574","-80.0227585","1"
"406","NeedGoogleMapsAPIKey","40.9965708","-79.9823476","1"
"407","NeedGoogleMapsAPIKey","40.9864516","-79.987753","1"
"408","NeedGoogleMapsAPIKey","40.996167","-79.9827673","1"
"409","NeedGoogleMapsAPIKey","40.9968969","-79.9837008","1"
"410","NeedGoogleMapsAPIKey","40.9979599","-79.9851387","1"
"411","NeedGoogleMapsAPIKey","40.9928461","-79.9896184","1"
"412","NeedGoogleMapsAPIKey","40.9976011","-79.9831584","1"
"413","NeedGoogleMapsAPIKey","40.9976446","-79.9872501","1"
"414","NeedGoogleMapsAPIKey","40.9920855","-79.9895927","1"
"415","NeedGoogleMapsAPIKey","40.9823962","-80.0008278","1"
"416","NeedGoogleMapsAPIKey","40.9971251","-79.9842887","1"
"417","NeedGoogleMapsAPIKey","40.9963735","-79.9849788","1"
"418","NeedGoogleMapsAPIKey","40.9966294","-79.9817708","1"
"419","NeedGoogleMapsAPIKey","40.9954027","-80.0065001","1"
"420","NeedGoogleMapsAPIKey","40.9856505","-79.9852663","1"
"421","NeedGoogleMapsAPIKey","40.9743129","-79.9773687","1"
"422","NeedGoogleMapsAPIKey","40.9978993","-79.9838874","1"
"423","NeedGoogleMapsAPIKey","40.996318","-79.9838131","1"
"424","NeedGoogleMapsAPIKey","40.9930018","-79.9993105","1"
"425","NeedGoogleMapsAPIKey","40.9972395","-79.9835808","1"
"426","NeedGoogleMapsAPIKey","40.999119","-79.9821657","1"
"427","NeedGoogleMapsAPIKey","40.9943549","-79.9863164","1"
"428","NeedGoogleMapsAPIKey","40.9979631","-79.9844912","1"
"429","NeedGoogleMapsAPIKey","40.9891468","-79.9782669","1"
"430","NeedGoogleMapsAPIKey","40.9964879","-79.9859849","1"
"431","NeedGoogleMapsAPIKey","40.9943153","-79.9867476","1"
"432","NeedGoogleMapsAPIKey","40.9872178","-79.9875565","1"
"433","NeedGoogleMapsAPIKey","40.9943573","-79.9821712","1"
"434","NeedGoogleMapsAPIKey","40.9871853","-79.9880437","1"
"435","NeedGoogleMapsAPIKey","40.9972079","-79.9902934","1"
"436","NeedGoogleMapsAPIKey","40.9990635","-79.9845244","1"
"437","NeedGoogleMapsAPIKey","40.9970572","-79.9855679","1"
"438","NeedGoogleMapsAPIKey","40.9970151","-79.9817975","1"
"439","NeedGoogleMapsAPIKey","40.9972551","-79.9858372","1"
"440","NeedGoogleMapsAPIKey","40.9866742","-79.9788707","1"
"441","NeedGoogleMapsAPIKey","40.9989001","-79.9844914","1"
"442","NeedGoogleMapsAPIKey","40.9984166","-79.9841127","1"
"443","NeedGoogleMapsAPIKey","41.0607515","-80.0520929","1"
"444","NeedGoogleMapsAPIKey","41.0633042","-80.0550686","1"
"445","NeedGoogleMapsAPIKey","41.0723062","-80.0602841","1"
"446","NeedGoogleMapsAPIKey","41.0689436","-80.0619574","1"
"447","NeedGoogleMapsAPIKey","41.0599397","-80.0691037","1"
"448","NeedGoogleMapsAPIKey","41.0499782","-80.0491977","1"
"449","NeedGoogleMapsAPIKey","41.0685005","-80.0613847","1"
"450","NeedGoogleMapsAPIKey","41.0548898","-80.0366948","1"
"451","NeedGoogleMapsAPIKey","41.0650506","-80.057446","1"
"452","NeedGoogleMapsAPIKey","41.068248","-80.0481884","1"
"453","NeedGoogleMapsAPIKey","41.0571273","-80.0388413","1"
"454","NeedGoogleMapsAPIKey","41.0674068","-80.0526742","1"
"455","NeedGoogleMapsAPIKey","41.0578856","-80.0388532","1"
"456","NeedGoogleMapsAPIKey","41.0404418","-80.0478313","1"
"457","NeedGoogleMapsAPIKey","41.0682772","-80.0602195","1"
"458","NeedGoogleMapsAPIKey","41.0601868","-80.0553745","1"
"459","NeedGoogleMapsAPIKey","41.0365023","-80.0524368","1"
"460","NeedGoogleMapsAPIKey","41.0559628","-80.0714005","1"
"461","NeedGoogleMapsAPIKey","41.0747308","-80.0406473","1"
"462","NeedGoogleMapsAPIKey","41.0676532","-80.0533647","1"
"463","NeedGoogleMapsAPIKey","41.0719458","-80.0601186","1"
"464","NeedGoogleMapsAPIKey","41.0721766","-80.0605588","1"
"465","NeedGoogleMapsAPIKey","41.0661738","-80.0404764","1"
"466","NeedGoogleMapsAPIKey","41.0605957","-80.0624811","1"
"467","NeedGoogleMapsAPIKey","41.0646707","-80.0575398","1"
"468","NeedGoogleMapsAPIKey","41.0568482","-80.038421","1"
"469","NeedGoogleMapsAPIKey","41.0629474","-80.0893093","1"
"470","NeedGoogleMapsAPIKey","41.057942","-80.0371767","1"
"471","NeedGoogleMapsAPIKey","41.0738173","-80.0522123","1"
"472","NeedGoogleMapsAPIKey","41.0616497","-80.050424","1"
"473","NeedGoogleMapsAPIKey","41.0745933","-80.0543241","1"
"474","NeedGoogleMapsAPIKey","41.0625289","-80.0548656","1"
"475","NeedGoogleMapsAPIKey","41.0633534","-80.0376071","1"
"476","NeedGoogleMapsAPIKey","41.0647598","-80.0715692","1"
"477","NeedGoogleMapsAPIKey","41.0710782","-80.0360092","1"
"478","NeedGoogleMapsAPIKey","41.071412","-80.0659393","1"
"479","NeedGoogleMapsAPIKey","41.0578273","-80.0469032","1"
"480","NeedGoogleMapsAPIKey","41.0683454","-80.0611805","1"
"481","NeedGoogleMapsAPIKey","41.0695246","-80.0574836","1"
"482","NeedGoogleMapsAPIKey","41.0593841","-80.0500422","1"
"483","NeedGoogleMapsAPIKey","41.0743663","-80.0542319","1"
"484","NeedGoogleMapsAPIKey","41.057931","-80.0384305","1"
"485","NeedGoogleMapsAPIKey","41.0633391","-80.0551236","1"
"486","NeedGoogleMapsAPIKey","41.0604809","-80.055633","1"
"487","NeedGoogleMapsAPIKey","41.0642515","-80.0555371","1"
"488","NeedGoogleMapsAPIKey","41.0569764","-80.0388346","1"
"489","NeedGoogleMapsAPIKey","41.064036","-80.0579332","1"
"490","NeedGoogleMapsAPIKey","41.0568369","-80.0384225","1"
"491","NeedGoogleMapsAPIKey","41.0568505","-80.0351983","1"
"492","NeedGoogleMapsAPIKey","41.0568259","-80.0388324","1"
"493","NeedGoogleMapsAPIKey","41.0769896","-80.0855262","1"
"494","NeedGoogleMapsAPIKey","41.0612646","-80.055377","1"
"495","NeedGoogleMapsAPIKey","41.0586665","-80.0726175","1"
"496","NeedGoogleMapsAPIKey","41.0587688","-80.0496284","1"
"497","NeedGoogleMapsAPIKey","41.0709505","-80.0573157","1"
"498","NeedGoogleMapsAPIKey","41.0611548","-80.0732692","1"
"499","NeedGoogleMapsAPIKey","41.0738161","-80.0555084","1"
"500","NeedGoogleMapsAPIKey","41.0375241","-80.0525883","1"
"501","NeedGoogleMapsAPIKey","41.0626833","-80.0445063","1"
"502","NeedGoogleMapsAPIKey","41.0650826","-80.0527156","1"
"503","NeedGoogleMapsAPIKey","41.0659601","-80.0536629","1"
"504","NeedGoogleMapsAPIKey","41.0700445","-80.06274","1"
"505","NeedGoogleMapsAPIKey","41.0578527","-80.0492847","1"
"506","NeedGoogleMapsAPIKey","41.0630109","-80.0550419","1"
"507","NeedGoogleMapsAPIKey","41.0522227","-80.0839346","1"
"508","NeedGoogleMapsAPIKey","41.0730666","-80.0554102","1"
"509","NeedGoogleMapsAPIKey","41.089246","-80.0676232","1"
"510","NeedGoogleMapsAPIKey","41.0579398","-80.0380068","1"
"511","NeedGoogleMapsAPIKey","41.0668384","-80.0601318","1"
"512","NeedGoogleMapsAPIKey","41.074142","-80.0552318","1"
"513","NeedGoogleMapsAPIKey","41.0575228","-80.0384266","1"
"514","NeedGoogleMapsAPIKey","41.056057","-80.0354129","1"
"515","NeedGoogleMapsAPIKey","41.0646988","-80.0574906","1"
"516","NeedGoogleMapsAPIKey","41.0680963","-80.0480426","1"
"517","NeedGoogleMapsAPIKey","41.0729596","-80.0600129","1"
"518","NeedGoogleMapsAPIKey","41.0606071","-80.0541728","1"
"519","NeedGoogleMapsAPIKey","41.0551168","-80.0367008","1"
"520","NeedGoogleMapsAPIKey","41.0574075","-80.038424","1"
"521","NeedGoogleMapsAPIKey","41.0723347","-80.0547434","1"
"522","NeedGoogleMapsAPIKey","41.0506883","-80.0456706","1"
"523","NeedGoogleMapsAPIKey","41.0576705","-80.0380027","1"
"524","NeedGoogleMapsAPIKey","41.0736958","-80.0681652","1"
"525","NeedGoogleMapsAPIKey","41.0709891","-80.0611323","1"
"526","NeedGoogleMapsAPIKey","41.0681703","-80.0481261","1"
"527","NeedGoogleMapsAPIKey","41.0576525","-80.0384297","1"
"528","NeedGoogleMapsAPIKey","41.0690843","-80.0582774","1"
"529","NeedGoogleMapsAPIKey","41.066704","-80.0593719","1"
"530","NeedGoogleMapsAPIKey","41.0493453","-80.0835058","1"
"531","NeedGoogleMapsAPIKey","41.0384877","-80.0659643","1"
"532","NeedGoogleMapsAPIKey","41.0613158","-80.0497713","1"
"533","NeedGoogleMapsAPIKey","41.0617435","-80.0616079","1"
"534","NeedGoogleMapsAPIKey","41.0636586","-80.0562332","1"
"535","NeedGoogleMapsAPIKey","41.0646074","-80.057645","1"
"536","NeedGoogleMapsAPIKey","41.0735837","-80.0430486","1"
"537","NeedGoogleMapsAPIKey","41.0658386","-80.0553331","1"
"538","NeedGoogleMapsAPIKey","41.0623173","-80.0635102","1"
"539","NeedGoogleMapsAPIKey","41.0910185","-80.0651461","1"
"540","NeedGoogleMapsAPIKey","41.0568565","-80.0379882","1"
"541","NeedGoogleMapsAPIKey","41.073447","-80.0620336","1"
"542","NeedGoogleMapsAPIKey","41.0579602","-80.0557099","1"
"543","NeedGoogleMapsAPIKey","41.0495269","-80.0500887","1"
"544","NeedGoogleMapsAPIKey","41.0601814","-80.0680719","1"
"545","NeedGoogleMapsAPIKey","41.048427","-80.0457756","1"
"546","NeedGoogleMapsAPIKey","41.0628978","-80.0556792","1"
"547","NeedGoogleMapsAPIKey","41.0602736","-80.0642372","1"
"548","NeedGoogleMapsAPIKey","41.0619711","-80.0557182","1"
"549","NeedGoogleMapsAPIKey","41.05396","-80.0772967","1"
"550","NeedGoogleMapsAPIKey","41.0595683","-80.0560045","1"
"551","NeedGoogleMapsAPIKey","41.0511916","-80.080401","1"
"552","NeedGoogleMapsAPIKey","41.0620803","-80.0626816","1"
"553","NeedGoogleMapsAPIKey","41.0591188","-80.0530201","1"
"554","NeedGoogleMapsAPIKey","41.051122","-80.0472558","1"
"555","NeedGoogleMapsAPIKey","41.0505699","-80.0469077","1"
"556","NeedGoogleMapsAPIKey","41.0735572","-80.0585574","1"
"557","NeedGoogleMapsAPIKey","41.0511222","-80.0494135","1"
"558","NeedGoogleMapsAPIKey","41.0498632","-80.0474757","1"
"559","NeedGoogleMapsAPIKey","41.0797487","-80.0583049","1"
"560","NeedGoogleMapsAPIKey","41.0658582","-80.0527041","1"
"561","NeedGoogleMapsAPIKey","41.0593689","-80.0530163","1"
"562","NeedGoogleMapsAPIKey","41.0739166","-80.0522131","1"
"563","NeedGoogleMapsAPIKey","41.0578953","-80.0388524","1"
"564","NeedGoogleMapsAPIKey","41.0704567","-80.0541867","1"
"565","NeedGoogleMapsAPIKey","41.0679425","-80.0529853","1"
"566","NeedGoogleMapsAPIKey","41.0570198","-80.0384211","1"
"567","NeedGoogleMapsAPIKey","41.0601211","-80.0447618","1"
"568","NeedGoogleMapsAPIKey","41.0531242","-80.0850234","1"
"569","NeedGoogleMapsAPIKey","41.0610191","-80.0550803","1"
"570","NeedGoogleMapsAPIKey","41.065973","-80.050636","1"
"571","NeedGoogleMapsAPIKey","41.0652059","-80.0763288","1"
"572","NeedGoogleMapsAPIKey","41.0724148","-80.0559911","1"
"573","NeedGoogleMapsAPIKey","41.0711402","-80.0579274","1"
"574","NeedGoogleMapsAPIKey","41.059371","-80.0555499","1"
"575","NeedGoogleMapsAPIKey","41.0744493","-80.0546945","1"
"576","NeedGoogleMapsAPIKey","41.0580628","-80.0384343","1"
"577","NeedGoogleMapsAPIKey","41.0715554","-80.0611786","1"
"578","NeedGoogleMapsAPIKey","41.0652604","-80.0748882","1"
"579","NeedGoogleMapsAPIKey","41.059167","-80.0537605","1"
"580","NeedGoogleMapsAPIKey","41.0676436","-80.0522975","1"
"581","NeedGoogleMapsAPIKey","41.0786306","-80.0601054","1"
"582","NeedGoogleMapsAPIKey","41.0634126","-80.0559388","1"
"583","NeedGoogleMapsAPIKey","41.0745449","-80.0545377","1"
"584","NeedGoogleMapsAPIKey","41.062061","-80.0603592","1"
"585","NeedGoogleMapsAPIKey","41.0765421","-80.0638705","1"
"586","NeedGoogleMapsAPIKey","41.0633596","-80.0606709","1"
"587","NeedGoogleMapsAPIKey","41.0593995","-80.0568211","1"
"588","NeedGoogleMapsAPIKey","41.0643226","-80.0556288","1"
"589","NeedGoogleMapsAPIKey","41.0669984","-80.060327","1"
"590","NeedGoogleMapsAPIKey","41.0630391","-80.0514825","1"
"591","NeedGoogleMapsAPIKey","41.0571492","-80.0379937","1"
"592","NeedGoogleMapsAPIKey","41.0728627","-80.0555058","1"
"593","NeedGoogleMapsAPIKey","41.0571239","-80.0352065","1"
"594","NeedGoogleMapsAPIKey","41.0495053","-80.045918","1"
"595","NeedGoogleMapsAPIKey","41.0603859","-80.0527264","1"
"596","NeedGoogleMapsAPIKey","41.064122","-80.0587078","1"
"597","NeedGoogleMapsAPIKey","41.0500795","-80.050886","1"
"598","NeedGoogleMapsAPIKey","41.0598648","-80.0561759","1"
"599","NeedGoogleMapsAPIKey","41.057779","-80.0507892","1"
"600","NeedGoogleMapsAPIKey","41.0701882","-80.0578763","1"
"601","NeedGoogleMapsAPIKey","41.0606954","-80.0504407","1"
"602","NeedGoogleMapsAPIKey","41.0614394","-80.0533733","1"
"603","NeedGoogleMapsAPIKey","41.0560451","-80.0352375","1"
"604","NeedGoogleMapsAPIKey","41.0578076","-80.0384404","1"
"605","NeedGoogleMapsAPIKey","41.0677109","-80.0483895","1"
"606","NeedGoogleMapsAPIKey","41.0575032","-80.0379965","1"
"607","NeedGoogleMapsAPIKey","41.0596995","-80.0549863","1"
"608","NeedGoogleMapsAPIKey","41.0538005","-80.0860917","1"
"609","NeedGoogleMapsAPIKey","41.0641314","-80.0577751","1"
"610","NeedGoogleMapsAPIKey","41.0670169","-80.0524561","1"
"611","NeedGoogleMapsAPIKey","41.0606303","-80.0557659","1"
"612","NeedGoogleMapsAPIKey","41.0580001","-80.0556086","1"
"613","NeedGoogleMapsAPIKey","41.0642147","-80.0582683","1"
"614","NeedGoogleMapsAPIKey","41.0636893","-80.0575","1"
"615","NeedGoogleMapsAPIKey","41.0691144","-80.0621824","1"
"616","NeedGoogleMapsAPIKey","41.0719985","-80.0649303","1"
"617","NeedGoogleMapsAPIKey","41.0559158","-80.0513492","1"
"618","NeedGoogleMapsAPIKey","41.0644829","-80.0552088","1"
"619","NeedGoogleMapsAPIKey","41.0698203","-80.0420479","1"
"620","NeedGoogleMapsAPIKey","41.0675745","-80.0677756","1"
"621","NeedGoogleMapsAPIKey","41.0586203","-80.054592","1"
"622","NeedGoogleMapsAPIKey","41.0641654","-80.0561835","1"
"623","NeedGoogleMapsAPIKey","41.0728528","-80.0513789","1"
"624","NeedGoogleMapsAPIKey","41.0548075","-80.0011453","1"
"625","NeedGoogleMapsAPIKey","41.07498","-80.004861","1"
"626","NeedGoogleMapsAPIKey","41.0624272","-80.0046373","1"
"627","NeedGoogleMapsAPIKey","41.0440195","-80.0166608","1"
"628","NeedGoogleMapsAPIKey","41.0331616","-80.0183976","1"
"629","NeedGoogleMapsAPIKey","41.0387904","-80.0060129","1"
"630","NeedGoogleMapsAPIKey","41.0299548","-80.0325983","1"
"631","NeedGoogleMapsAPIKey","41.0611582","-80.030069","1"
"632","NeedGoogleMapsAPIKey","41.0418342","-80.017785","1"
"633","NeedGoogleMapsAPIKey","41.0320268","-80.0271965","1"
"634","NeedGoogleMapsAPIKey","41.0476437","-80.0280683","1"
"635","NeedGoogleMapsAPIKey","41.0587418","-80.0285339","1"
"636","NeedGoogleMapsAPIKey","41.0792867","-80.0375001","1"
"637","NeedGoogleMapsAPIKey","41.0373615","-80.0345803","1"
"638","NeedGoogleMapsAPIKey","41.0588417","-80.0285008","1"
"639","NeedGoogleMapsAPIKey","41.0479017","-80.0319144","1"
"640","NeedGoogleMapsAPIKey","41.0316842","-80.0158907","1"
"641","NeedGoogleMapsAPIKey","41.0348499","-80.0269074","1"
"642","NeedGoogleMapsAPIKey","41.0512782","-80.0097559","1"
"643","NeedGoogleMapsAPIKey","41.0599947","-80.0296215","1"
"644","NeedGoogleMapsAPIKey","41.0459961","-80.0357034","1"
"645","NeedGoogleMapsAPIKey","41.0402417","-80.0255499","1"
"646","NeedGoogleMapsAPIKey","41.0427206","-80.0167983","1"
"647","NeedGoogleMapsAPIKey","41.0378124","-80.030412","1"
"648","NeedGoogleMapsAPIKey","41.0336996","-80.0272259","1"
"649","NeedGoogleMapsAPIKey","41.0420777","-80.0336361","1"
"650","NeedGoogleMapsAPIKey","41.0388769","-80.0302958","1"
"651","NeedGoogleMapsAPIKey","41.037248","-80.0345623","1"
"652","NeedGoogleMapsAPIKey","41.0598085","-80.0293023","1"
"653","NeedGoogleMapsAPIKey","41.0362623","-80.0342046","1"
"654","NeedGoogleMapsAPIKey","41.0398212","-80.0260036","1"
"655","NeedGoogleMapsAPIKey","41.0478738","-80.0280951","1"
"656","NeedGoogleMapsAPIKey","41.0418893","-80.0260753","1"
"657","NeedGoogleMapsAPIKey","41.0583674","-80.0304731","1"
"658","NeedGoogleMapsAPIKey","41.0488971","-80.0325089","1"
"659","NeedGoogleMapsAPIKey","41.0709185","-80.0348077","1"
"660","NeedGoogleMapsAPIKey","41.0365944","-80.0343387","1"
"661","NeedGoogleMapsAPIKey","41.0351114","-80.028788","1"
"662","NeedGoogleMapsAPIKey","41.0482264","-80.0353132","1"
"663","NeedGoogleMapsAPIKey","41.051214","-80.0012959","1"
"664","NeedGoogleMapsAPIKey","41.0577941","-80.0245995","1"
"665","NeedGoogleMapsAPIKey","41.0582659","-80.0016335","1"
"666","NeedGoogleMapsAPIKey","41.0488734","-80.0337726","1"
"667","NeedGoogleMapsAPIKey","41.0326281","-80.0179824","1"
"668","NeedGoogleMapsAPIKey","41.0663208","-80.0182989","1"
"669","NeedGoogleMapsAPIKey","41.0316037","-80.0302215","1"
"670","NeedGoogleMapsAPIKey","41.0740497","-80.0150869","1"
"671","NeedGoogleMapsAPIKey","41.0343587","-80.0282371","1"
"672","NeedGoogleMapsAPIKey","41.0393627","-80.0440974","1"
"673","NeedGoogleMapsAPIKey","41.0333863","-80.0283491","1"
"674","NeedGoogleMapsAPIKey","41.0410703","-80.0064729","1"
"675","NeedGoogleMapsAPIKey","41.0432958","-80.0172021","1"
"676","NeedGoogleMapsAPIKey","41.041527","-80.0257495","1"
"677","NeedGoogleMapsAPIKey","41.0593361","-80.0040964","1"
"678","NeedGoogleMapsAPIKey","41.0622113","-80.0052939","1"
"679","NeedGoogleMapsAPIKey","41.0287294","-80.0353997","1"
"680","NeedGoogleMapsAPIKey","41.0059521","-80.0583667","1"
"681","NeedGoogleMapsAPIKey","41.0258747","-80.0893697","1"
"682","NeedGoogleMapsAPIKey","41.0160348","-80.0493317","1"
"683","NeedGoogleMapsAPIKey","41.0146985","-80.0740818","1"
"684","NeedGoogleMapsAPIKey","41.0141563","-80.0689712","1"
"685","NeedGoogleMapsAPIKey","41.0167735","-80.0453638","1"
"686","NeedGoogleMapsAPIKey","41.018279","-80.0512965","1"
"687","NeedGoogleMapsAPIKey","41.0297122","-80.0637039","1"
"688","NeedGoogleMapsAPIKey","41.0281708","-80.0354291","1"
"689","NeedGoogleMapsAPIKey","41.0251523","-80.0900264","1"
"690","NeedGoogleMapsAPIKey","41.0328762","-80.0687247","1"
"691","NeedGoogleMapsAPIKey","41.0317289","-80.0693606","1"
"692","NeedGoogleMapsAPIKey","41.0153025","-80.0471474","1"
"693","NeedGoogleMapsAPIKey","41.0112586","-80.0557016","1"
"694","NeedGoogleMapsAPIKey","41.0077126","-80.0507744","1"
"695","NeedGoogleMapsAPIKey","41.0253721","-80.0886451","1"
"696","NeedGoogleMapsAPIKey","41.006368","-80.0546213","1"
"697","NeedGoogleMapsAPIKey","41.0129705","-80.0662628","1"
"698","NeedGoogleMapsAPIKey","41.0210463","-80.0471957","1"
"699","NeedGoogleMapsAPIKey","41.0369527","-80.1100842","1"
"700","NeedGoogleMapsAPIKey","41.0445426","-80.0907492","1"
"701","NeedGoogleMapsAPIKey","41.0407508","-80.1072343","1"
"702","NeedGoogleMapsAPIKey","41.0414387","-80.1020724","1"
"703","NeedGoogleMapsAPIKey","41.0408907","-80.1076105","1"
"704","NeedGoogleMapsAPIKey","41.0431357","-80.0997837","1"
"705","NeedGoogleMapsAPIKey","41.0411891","-80.1070872","1"
"706","NeedGoogleMapsAPIKey","41.0399761","-80.107752","1"
"707","NeedGoogleMapsAPIKey","41.0366769","-80.1054453","1"
"708","NeedGoogleMapsAPIKey","41.0406333","-80.111939","1"
"709","NeedGoogleMapsAPIKey","41.0410544","-80.1072349","1"
"710","NeedGoogleMapsAPIKey","41.0391247","-80.1123723","1"
"711","NeedGoogleMapsAPIKey","41.0470539","-80.1106756","1"
"712","NeedGoogleMapsAPIKey","41.0421088","-80.1009719","1"
"713","NeedGoogleMapsAPIKey","41.0379424","-80.110085","1"
"714","NeedGoogleMapsAPIKey","41.0411197","-80.1072388","1"
"715","NeedGoogleMapsAPIKey","41.041528","-80.1025596","1"
"716","NeedGoogleMapsAPIKey","41.0410269","-80.1072363","1"
"717","NeedGoogleMapsAPIKey","41.0533863","-80.1048776","1"
"718","NeedGoogleMapsAPIKey","41.0401051","-80.1086474","1"
"719","NeedGoogleMapsAPIKey","41.0428391","-80.1054185","1"
"720","NeedGoogleMapsAPIKey","41.0476898","-80.1075469","1"
"721","NeedGoogleMapsAPIKey","41.0387259","-80.1108333","1"
"722","NeedGoogleMapsAPIKey","41.0414515","-80.1180671","1"
"723","NeedGoogleMapsAPIKey","41.0401348","-80.1085614","1"
"724","NeedGoogleMapsAPIKey","41.0271562","-80.0215598","1"
"725","NeedGoogleMapsAPIKey","41.0216149","-80.0145245","1"
"726","NeedGoogleMapsAPIKey","41.0291634","-79.9984304","1"
"727","NeedGoogleMapsAPIKey","41.0260516","-80.0136799","1"
"728","NeedGoogleMapsAPIKey","41.0272767","-80.035117","1"
"729","NeedGoogleMapsAPIKey","41.0171281","-80.0132119","1"
"730","NeedGoogleMapsAPIKey","41.0170821","-80.0084422","1"
"731","NeedGoogleMapsAPIKey","41.0131705","-80.0304448","1"
"732","NeedGoogleMapsAPIKey","41.0124922","-80.0375178","1"
"733","NeedGoogleMapsAPIKey","41.0117229","-80.0250466","1"
"734","NeedGoogleMapsAPIKey","41.0270115","-80.0093238","1"
"735","NeedGoogleMapsAPIKey","41.0265782","-80.035296","1"
"736","NeedGoogleMapsAPIKey","41.0197377","-80.0358653","1"
"737","NeedGoogleMapsAPIKey","41.0190557","-80.005911","1"
"738","NeedGoogleMapsAPIKey","41.0226236","-80.0161358","1"
"739","NeedGoogleMapsAPIKey","41.0269785","-80.012119","1"
"740","NeedGoogleMapsAPIKey","41.0263155","-80.0133114","1"
"741","NeedGoogleMapsAPIKey","41.0238544","-80.0354544","1"
"742","NeedGoogleMapsAPIKey","41.0260146","-80.0164085","1"
"743","NeedGoogleMapsAPIKey","41.0009301","-80.0291221","1"
"744","NeedGoogleMapsAPIKey","41.0235796","-80.0163829","1"
"745","NeedGoogleMapsAPIKey","41.0189132","-80.0068406","1"
"746","NeedGoogleMapsAPIKey","41.0281876","-80.0130573","1"
"747","NeedGoogleMapsAPIKey","41.0272571","-80.0187008","1"
"748","NeedGoogleMapsAPIKey","41.0239394","-80.0078909","1"
"749","NeedGoogleMapsAPIKey","41.0252274","-80.0356207","1"
"750","NeedGoogleMapsAPIKey","41.0302261","-80.0092338","1"
"751","NeedGoogleMapsAPIKey","41.0240759","-80.0142789","1"
"752","NeedGoogleMapsAPIKey","41.0157419","-80.0373617","1"
"753","NeedGoogleMapsAPIKey","41.0251366","-80.0168394","1"
"754","NeedGoogleMapsAPIKey","41.027975","-79.9985807","1"
"755","NeedGoogleMapsAPIKey","40.9644248","-80.1499695","1"
"756","NeedGoogleMapsAPIKey","40.9913215","-80.1555964","1"
"757","NeedGoogleMapsAPIKey","40.9797952","-80.1591738","1"
"758","NeedGoogleMapsAPIKey","41.0002461","-80.1587643","1"
"759","NeedGoogleMapsAPIKey","40.9755597","-80.1356632","1"
"760","NeedGoogleMapsAPIKey","40.9691533","-80.1562357","1"
"761","NeedGoogleMapsAPIKey","40.9739605","-80.1400104","1"
"762","NeedGoogleMapsAPIKey","41.0051506","-80.1429409","1"
"763","NeedGoogleMapsAPIKey","40.9851216","-80.1417638","1"
"764","NeedGoogleMapsAPIKey","40.969764","-80.1212307","1"
"765","NeedGoogleMapsAPIKey","40.9887186","-80.1393814","1"
"766","NeedGoogleMapsAPIKey","40.9859263","-80.1612668","1"
"767","NeedGoogleMapsAPIKey","40.9879773","-80.1565532","1"
"768","NeedGoogleMapsAPIKey","40.9751259","-80.1417039","1"
"769","NeedGoogleMapsAPIKey","40.9879767","-80.1551006","1"
"770","NeedGoogleMapsAPIKey","40.9872178","-80.1476551","1"
"771","NeedGoogleMapsAPIKey","40.987969","-80.1558637","1"
"1","Moraine El Sch","40.904633","-80.04392"
"2","Slippery Rock Area El Sch","41.06907","-80.06245"
